Sunday, 2nd January 2022	11.15am	Sung Eucharist	Quire	sung by St. Thomas’ Church Choir, Mellor	Darke Communion Service in F
Sunday, 2nd January 2022	11.15am	Sung Eucharist	Quire	sung by St. Thomas’ Church Choir, Mellor	Darke In the bleak midwinter
Sunday, 2nd January 2022	3.00pm	Evensong	Quire	sung by St. Thomas’ Church Choir, Mellor	Ayleward Responses
Sunday, 2nd January 2022	3.00pm	Evensong	Quire	sung by St. Thomas’ Church Choir, Mellor	Purcell in G minor
Sunday, 2nd January 2022	3.00pm	Evensong	Quire	sung by St. Thomas’ Church Choir, Mellor	arr Willcocks Sussex Carol
Thursday, 6th January 2022	5.00pm	Sung Eucharist	Quire	sung by the Lay Vicars	plainsong Ecce advenit
Thursday, 6th January 2022	5.00pm	Sung Eucharist	Quire	sung by the Lay Vicars	Palestrina Missa L’homme armé
Thursday, 6th January 2022	5.00pm	Sung Eucharist	Quire	sung by the Lay Vicars	Byrd Surge illuminare Jerusalem
Saturday, 8th January 2022	5.00pm	First Evensong of the Baptism of Christ	Quire	sung by the Lay Vicars	Heintz Christ unser Herr zum Jordan kam
Saturday, 8th January 2022	5.00pm	First Evensong of the Baptism of Christ	Quire	sung by the Lay Vicars	Tallis Responses
Saturday, 8th January 2022	5.00pm	First Evensong of the Baptism of Christ	Quire	sung by the Lay Vicars	Ives Magdalen Service
Saturday, 8th January 2022	5.00pm	First Evensong of the Baptism of Christ	Quire	sung by the Lay Vicars	Moore Lo, that is a marvellous change
Saturday, 8th January 2022	5.00pm	First Evensong of the Baptism of Christ	Quire	sung by the Lay Vicars	Lloyd Webber Benedictus
Sunday, 9th January 2022	11.15am	Sung Eucharist	Quire	sung by the Lay Vicars	Palestrina Missa Ut re mi fa sol la
Sunday, 9th January 2022	11.15am	Sung Eucharist	Quire	sung by the Lay Vicars	Palestrina Tribus miraculis
Sunday, 9th January 2022	11.15am	Sung Eucharist	Quire	sung by the Lay Vicars	Saint-Saëns Fantaisie I in E flat
Sunday, 9th January 2022	3.00pm	Evensong	Quire	sung by the Lay Vicars	Heintz Christ unser Herr zum Jordan kam
Sunday, 9th January 2022	3.00pm	Evensong	Quire	sung by the Lay Vicars	Tallis Responses
Sunday, 9th January 2022	3.00pm	Evensong	Quire	sung by the Lay Vicars	Sheppard First Service
Sunday, 9th January 2022	3.00pm	Evensong	Quire	sung by the Lay Vicars	Guerrero Pastores loquebantur
Sunday, 9th January 2022	3.00pm	Evensong	Quire	sung by the Lay Vicars	Buxtehude Praeludium in D BuxWV 139
Monday, 10th January 2022	5.00pm	Evensong	Quire	sung by the Choristers	plainsong Crudelis Herodes
Monday, 10th January 2022	5.00pm	Evensong	Quire	sung by the Choristers	plainsong Responses
Monday, 10th January 2022	5.00pm	Evensong	Quire	sung by the Choristers	Vaughan Williams in D
Monday, 10th January 2022	5.00pm	Evensong	Quire	sung by the Choristers	Mendelssohn If with all your hearts
Tuesday, 11th January 2022	5.00pm	Evensong	Quire	sung by the Choir of Westminster Abbey	Mendelssohn Herr Gott, du bist unsre Zuflucht
Tuesday, 11th January 2022	5.00pm	Evensong	Quire	sung by the Choir of Westminster Abbey	Byrd Responses
Tuesday, 11th January 2022	5.00pm	Evensong	Quire	sung by the Choir of Westminster Abbey	Tomkins Fifth Service
Tuesday, 11th January 2022	5.00pm	Evensong	Quire	sung by the Choir of Westminster Abbey	Bull Almighty God, which by the leading of a star
Thursday, 13th January 2022	5.00pm	Evensong	Quire	sung by the Choir of Westminster Abbey	Mendelssohn Herr Gott, du bist unsre Zuflucht
Thursday, 13th January 2022	5.00pm	Evensong	Quire	sung by the Choir of Westminster Abbey	Byrd Responses
Thursday, 13th January 2022	5.00pm	Evensong	Quire	sung by the Choir of Westminster Abbey	Wood in E flat No 2
Thursday, 13th January 2022	5.00pm	Evensong	Quire	sung by the Choir of Westminster Abbey	Wood Hail, gladdening light
Friday, 14th January 2022	5.00pm	Evensong	Quire	sung by the Choristers	plainsong Te lucis ante terminum
Friday, 14th January 2022	5.00pm	Evensong	Quire	sung by the Choristers	plainsong Responses
Friday, 14th January 2022	5.00pm	Evensong	Quire	sung by the Choristers	Magnificat tone IV
Friday, 14th January 2022	5.00pm	Evensong	Quire	sung by the Choristers	Nunc dimittis tone V
Friday, 14th January 2022	5.00pm	Evensong	Quire	sung by the Choristers	Britten A New Year Carol
Saturday, 15th January 2022	5.00pm	Evensong	Quire	sung by the Lay Vicars	Byrd Tui sunt caeli
Saturday, 15th January 2022	5.00pm	Evensong	Quire	sung by the Lay Vicars	Responses Tallis
Saturday, 15th January 2022	5.00pm	Evensong	Quire	sung by the Lay Vicars	Victoria Magnificat quarti toni
Saturday, 15th January 2022	5.00pm	Evensong	Quire	sung by the Lay Vicars	Vento Nunc dimittis quarti toni
Saturday, 15th January 2022	5.00pm	Evensong	Quire	sung by the Lay Vicars	Clemens non Papa Magi veniunt ab oriente
Saturday, 15th January 2022	5.00pm	Evensong	Quire	sung by the Lay Vicars	Bach Wie schön leuchtet der Morgenstern BWV 739
Sunday, 16th January 2022	11.15am	Sung Eucharist	Quire	sung by the Lay Vicars	Victoria Missa Alma Redemptoris mater
Sunday, 16th January 2022	11.15am	Sung Eucharist	Quire	sung by the Lay Vicars	Byrd Vidimus stellam
Sunday, 16th January 2022	11.15am	Sung Eucharist	Quire	sung by the Lay Vicars	Litaize Epiphanie
Sunday, 16th January 2022	3.00pm	Evensong	Quire	sung by the Lay Vicars	Byrd Tui sunt caeli
Sunday, 16th January 2022	3.00pm	Evensong	Quire	sung by the Lay Vicars	Tallis Responses
Sunday, 16th January 2022	3.00pm	Evensong	Quire	sung by the Lay Vicars	Moore in A
Sunday, 16th January 2022	3.00pm	Evensong	Quire	sung by the Lay Vicars	Elgar Seek him that maketh the seven stars
Sunday, 16th January 2022	3.00pm	Evensong	Quire	sung by the Lay Vicars	Howells Paean
Tuesday, 18th January 2022	5.00pm	Evensong	Quire	sung by the Lay Vicars	Byrd Reges Tharsis et insulae
Tuesday, 18th January 2022	5.00pm	Evensong	Quire	sung by the Lay Vicars	plainsong Responses
Tuesday, 18th January 2022	5.00pm	Evensong	Quire	sung by the Lay Vicars	Mundy in four parts
Tuesday, 18th January 2022	5.00pm	Evensong	Quire	sung by the Lay Vicars	Byrd Spiritus Domini
Thursday, 20th January 2022	5.00pm	Evensong	Quire	sung by the Lay Vicars	Byrd Gloria tibi Domine
Thursday, 20th January 2022	5.00pm	Evensong	Quire	sung by the Lay Vicars	plainsong Responses
Thursday, 20th January 2022	5.00pm	Evensong	Quire	sung by the Lay Vicars	Guerrero Magnificat primi toni
Thursday, 20th January 2022	5.00pm	Evensong	Quire	sung by the Lay Vicars	Quinney Nunc Dimittis tertii toni
Thursday, 20th January 2022	5.00pm	Evensong	Quire	sung by the Lay Vicars	Byrd Ecce advenit Dominator Dominus
Saturday, 22nd January 2022	5.00pm	Evensong	Quire	sung by the Lay Vicars	Muhly Oculi omnium
Saturday, 22nd January 2022	5.00pm	Evensong	Quire	sung by the Lay Vicars	Moore Responses
Saturday, 22nd January 2022	5.00pm	Evensong	Quire	sung by the Lay Vicars	Moore First Service
Saturday, 22nd January 2022	5.00pm	Evensong	Quire	sung by the Lay Vicars	Clucas Jubilate
Saturday, 22nd January 2022	5.00pm	Evensong	Quire	sung by the Lay Vicars	McDowall Celebration
Sunday, 23rd January 2022	11.15am	Sung Eucharist	Quire	sung by the Lay Vicars	Taverner Mean Mass
Sunday, 23rd January 2022	11.15am	Sung Eucharist	Quire	sung by the Lay Vicars	Byrd Factus est repente
Sunday, 23rd January 2022	11.15am	Sung Eucharist	Quire	sung by the Lay Vicars	Messiaen Dans le Verbe était la Vie et la Vie était la Lumière (Méditations sur le Mystère de la Sainte Trinité)
Sunday, 23rd January 2022	3.00pm	Evensong	Quire	sung by the Lay Vicars	Muhly Oculi omnium
Sunday, 23rd January 2022	3.00pm	Evensong	Quire	sung by the Lay Vicars	Moore Responses
Sunday, 23rd January 2022	3.00pm	Evensong	Quire	sung by the Lay Vicars	Clucas Westminster Service
Sunday, 23rd January 2022	3.00pm	Evensong	Quire	sung by the Lay Vicars	Bennett The Seasons of His Mercies
Sunday, 23rd January 2022	3.00pm	Evensong	Quire	sung by the Lay Vicars	Jackson Toccata (Toccata, Chorale, and Fugue Op 16)
Tuesday, 25th January 2022	5.00pm	Evensong	Quire	sung by the Choir of Westminster Abbey	Viadana Exultate justi
Tuesday, 25th January 2022	5.00pm	Evensong	Quire	sung by the Choir of Westminster Abbey	Smith Responses
Tuesday, 25th January 2022	5.00pm	Evensong	Quire	sung by the Choir of Westminster Abbey	Stanford in C
Tuesday, 25th January 2022	5.00pm	Evensong	Quire	sung by the Choir of Westminster Abbey	Bruckner Christus factus est
Thursday, 27th January 2022	5.00pm	Evensong	Quire	sung by the Choir of Westminster Abbey	Rachmaninoff To thee, O Lord
Thursday, 27th January 2022	5.00pm	Evensong	Quire	sung by the Choir of Westminster Abbey	Smith Responses
Thursday, 27th January 2022	5.00pm	Evensong	Quire	sung by the Choir of Westminster Abbey	Palestrina Magnificat quarti toni
Thursday, 27th January 2022	5.00pm	Evensong	Quire	sung by the Choir of Westminster Abbey	Victoria Nunc dimittis tertii toni
Thursday, 27th January 2022	5.00pm	Evensong	Quire	sung by the Choir of Westminster Abbey	Moore Evening Prayers
Friday, 28th January 2022	5.00pm	Evensong	Quire	sung by the Choristers	plainsong Te lucis ante terminum
Friday, 28th January 2022	5.00pm	Evensong	Quire	sung by the Choristers	plainsong Responses
Friday, 28th January 2022	5.00pm	Evensong	Quire	sung by the Choristers	Magnificat tone II
Friday, 28th January 2022	5.00pm	Evensong	Quire	sung by the Choristers	Nunc dimittis tone VIII
Friday, 28th January 2022	5.00pm	Evensong	Quire	sung by the Choristers	Mendelssohn Caro cibus
Saturday, 29th January 2022	5.00pm	Evensong	Quire	sung by the Choir of Westminster Abbey	Rachmaninoff To thee, O Lord
Saturday, 29th January 2022	5.00pm	Evensong	Quire	sung by the Choir of Westminster Abbey	Smith Responses
Saturday, 29th January 2022	5.00pm	Evensong	Quire	sung by the Choir of Westminster Abbey	Leighton Magdalen College Service
Saturday, 29th January 2022	5.00pm	Evensong	Quire	sung by the Choir of Westminster Abbey	Harvey I love the Lord
Saturday, 29th January 2022	5.00pm	Evensong	Quire	sung by the Choir of Westminster Abbey	Vierne Allegro maestoso (Symphonie III Op 28)
Sunday, 30th January 2022	11.15am	Sung Eucharist	Quire	sung by the Choir of Westminster Abbey	Byrd Mass for five voices
Sunday, 30th January 2022	11.15am	Sung Eucharist	Quire	sung by the Choir of Westminster Abbey	Rebelo Panis angelicus
Sunday, 30th January 2022	11.15am	Sung Eucharist	Quire	sung by the Choir of Westminster Abbey	Byrd Fantasia in C
Sunday, 30th January 2022	3.00pm	Evensong	Quire	sung by the Choir of Westminster Abbey	Rachmaninoff To thee, O Lord
Sunday, 30th January 2022	3.00pm	Evensong	Quire	sung by the Choir of Westminster Abbey	Smith Responses
Sunday, 30th January 2022	3.00pm	Evensong	Quire	sung by the Choir of Westminster Abbey	Tippett St John's College Service
Sunday, 30th January 2022	3.00pm	Evensong	Quire	sung by the Choir of Westminster Abbey	Brahms Wie lieblich sind deine Wohnungen
Sunday, 30th January 2022	3.00pm	Evensong	Quire	sung by the Choir of Westminster Abbey	Dupré Prelude and Fugue in G minor Op 7 no 3
Tuesday, 1st February 2022	5.00pm	First Evensong of the Presentation of Christ in the Temple	Quire	sung by the Choir of Westminster Abbey	Byrd Senex puerum portabat a 4
Tuesday, 1st February 2022	5.00pm	First Evensong of the Presentation of Christ in the Temple	Quire	sung by the Choir of Westminster Abbey	Byrd Responses
Tuesday, 1st February 2022	5.00pm	First Evensong of the Presentation of Christ in the Temple	Quire	sung by the Choir of Westminster Abbey	Byrd Second Service
Tuesday, 1st February 2022	5.00pm	First Evensong of the Presentation of Christ in the Temple	Quire	sung by the Choir of Westminster Abbey	Tallis Videte miraculum Matris Domini
Wednesday, 2nd February 2022	5.00pm	Sung Eucharist	Quire	sung by the Choir of Westminster Abbey	Victoria Missa Vidi speciosam
Wednesday, 2nd February 2022	5.00pm	Sung Eucharist	Quire	sung by the Choir of Westminster Abbey	Eccard Maria wallt zum Heiligtum
Wednesday, 2nd February 2022	5.00pm	Sung Eucharist	Quire	sung by the Choir of Westminster Abbey	Holst Nunc dimittis
Wednesday, 2nd February 2022	5.00pm	Sung Eucharist	Quire	sung by the Choir of Westminster Abbey	Dubois Fiat lux
Saturday, 5th February 2022	5.00pm	Evensong	Quire	part of the Chorister Experience Day; sung by the Choir of Westminster Abbey	Hurford Litany to the Holy Spirit
Saturday, 5th February 2022	5.00pm	Evensong	Quire	part of the Chorister Experience Day; sung by the Choir of Westminster Abbey	Byrd Responses
Saturday, 5th February 2022	5.00pm	Evensong	Quire	part of the Chorister Experience Day; sung by the Choir of Westminster Abbey	Sumson in G
Saturday, 5th February 2022	5.00pm	Evensong	Quire	part of the Chorister Experience Day; sung by the Choir of Westminster Abbey	Parry arr Rutter Dear Lord and Father of mankind
Saturday, 5th February 2022	5.00pm	Evensong	Quire	part of the Chorister Experience Day; sung by the Choir of Westminster Abbey	Harris Flourish for an Occasion
Sunday, 6th February 2022	11.15am	Sung Eucharist	Quire	sung by the Choir of Westminster Abbey	Stanford Coronation Gloria
Sunday, 6th February 2022	11.15am	Sung Eucharist	Quire	sung by the Choir of Westminster Abbey	Byrd O Lord, make thy servant Elizabeth
Sunday, 6th February 2022	11.15am	Sung Eucharist	Quire	sung by the Choir of Westminster Abbey	Elgar, trans Farrington Pomp and Circumstance March III
Sunday, 6th February 2022	3.00pm	Evensong	Quire	marking the anniversary of the Accession of Her Majesty The Queen; sung by the Choir of Westminster Abbey	The National Anthem
Sunday, 6th February 2022	3.00pm	Evensong	Quire	marking the anniversary of the Accession of Her Majesty The Queen; sung by the Choir of Westminster Abbey	Gibbons, Barnard, and McKie Accession Responses
Sunday, 6th February 2022	3.00pm	Evensong	Quire	marking the anniversary of the Accession of Her Majesty The Queen; sung by the Choir of Westminster Abbey	Stanford in A
Sunday, 6th February 2022	3.00pm	Evensong	Quire	marking the anniversary of the Accession of Her Majesty The Queen; sung by the Choir of Westminster Abbey	Stanford Te Deum in C
Sunday, 6th February 2022	3.00pm	Evensong	Quire	marking the anniversary of the Accession of Her Majesty The Queen; sung by the Choir of Westminster Abbey	Walton, trans Murrill Crown Imperial
Monday, 7th February 2022	5.00pm	Evensong	Quire	sung by the Choristers; attended by the Deputy High Commissioner for New Zealand	Vaughan Williams The Call
Monday, 7th February 2022	5.00pm	Evensong	Quire	sung by the Choristers; attended by the Deputy High Commissioner for New Zealand	plainsong Responses
Monday, 7th February 2022	5.00pm	Evensong	Quire	sung by the Choristers; attended by the Deputy High Commissioner for New Zealand	Sumsion in G
Monday, 7th February 2022	5.00pm	Evensong	Quire	sung by the Choristers; attended by the Deputy High Commissioner for New Zealand	Schütz Eins bitte ich vom Herren
Tuesday, 8th February 2022	5.00pm	Evensong	Quire	sung by the Choir of Westminster Abbey; attended by HE The High Commissioner for Grenada	Batten O praise the Lord
Tuesday, 8th February 2022	5.00pm	Evensong	Quire	sung by the Choir of Westminster Abbey; attended by HE The High Commissioner for Grenada	Martin Responses
Tuesday, 8th February 2022	5.00pm	Evensong	Quire	sung by the Choir of Westminster Abbey; attended by HE The High Commissioner for Grenada	Gibbons Second Service
Tuesday, 8th February 2022	5.00pm	Evensong	Quire	sung by the Choir of Westminster Abbey; attended by HE The High Commissioner for Grenada	Gibbons See, see the Word is incarnate
Thursday, 10th February 2022	5.00pm	Evensong	Quire	sung by the Choir of Westminster Abbey; attended by HE The High Commissioner for Sri Lanka	Batten O praise the Lord
Thursday, 10th February 2022	5.00pm	Evensong	Quire	sung by the Choir of Westminster Abbey; attended by HE The High Commissioner for Sri Lanka	Martin Responses
Thursday, 10th February 2022	5.00pm	Evensong	Quire	sung by the Choir of Westminster Abbey; attended by HE The High Commissioner for Sri Lanka	Stanford in B flat
Thursday, 10th February 2022	5.00pm	Evensong	Quire	sung by the Choir of Westminster Abbey; attended by HE The High Commissioner for Sri Lanka	Berkeley Veni sponsa Christi
Friday, 11th February 2022	5.00pm	Evensong	Quire	sung by the Choristers	plainsong O lux beata Trinitas
Friday, 11th February 2022	5.00pm	Evensong	Quire	sung by the Choristers	plainsong Responses
Friday, 11th February 2022	5.00pm	Evensong	Quire	sung by the Choristers	Magnificat tone I
Friday, 11th February 2022	5.00pm	Evensong	Quire	sung by the Choristers	Nunc dimittis tone V
Friday, 11th February 2022	5.00pm	Evensong	Quire	sung by the Choristers	Harris King of glory, King of peace
Saturday, 12th February 2022	5.00pm	Evensong	Quire	sung by the Choir of Westminster Abbey	Batten O praise the Lord
Saturday, 12th February 2022	5.00pm	Evensong	Quire	sung by the Choir of Westminster Abbey	Martin Responses
Saturday, 12th February 2022	5.00pm	Evensong	Quire	sung by the Choir of Westminster Abbey	Howells Collegium Regale
Saturday, 12th February 2022	5.00pm	Evensong	Quire	sung by the Choir of Westminster Abbey	Elgar Great is the Lord
Saturday, 12th February 2022	5.00pm	Evensong	Quire	sung by the Choir of Westminster Abbey	Schumann Lebhaft (Six Fugues on BACH Op 60)
Sunday, 13th February 2022	11.15am	Sung Eucharist	Quire	sung by the Choir of Westminster Abbey	Palestrina Missa brevis
Sunday, 13th February 2022	11.15am	Sung Eucharist	Quire	sung by the Choir of Westminster Abbey	Guarrero O sacrum convivium
Sunday, 13th February 2022	11.15am	Sung Eucharist	Quire	sung by the Choir of Westminster Abbey	Buxtehude Toccata in F BuxWV 156
Sunday, 13th February 2022	3.00pm	Evensong	Quire	sung by the Choir of Westminster Abbey	Batten O praise the Lord
Sunday, 13th February 2022	3.00pm	Evensong	Quire	sung by the Choir of Westminster Abbey	Martin Responses
Sunday, 13th February 2022	3.00pm	Evensong	Quire	sung by the Choir of Westminster Abbey	Walmisley in D minor
Sunday, 13th February 2022	3.00pm	Evensong	Quire	sung by the Choir of Westminster Abbey	Dove Seek him that maketh the seven stars
Sunday, 13th February 2022	3.00pm	Evensong	Quire	sung by the Choir of Westminster Abbey	Ireland Capriccio
Tuesday, 15th February 2022	5.00pm	Evensong	Quire	sung by the Lay Vicars	Tallis Hear the voice and prayer
Tuesday, 15th February 2022	5.00pm	Evensong	Quire	sung by the Lay Vicars	Byrd and Quinney Responses
Tuesday, 15th February 2022	5.00pm	Evensong	Quire	sung by the Lay Vicars	Palestrina Magnificat quarti toni
Tuesday, 15th February 2022	5.00pm	Evensong	Quire	sung by the Lay Vicars	Palestrina Nunc dimittis tertii toni a 4
Tuesday, 15th February 2022	5.00pm	Evensong	Quire	sung by the Lay Vicars	Blitheman In pace in idipsum
Thursday, 17th February 2022	5.00pm	Evensong	Quire	sung by the Lay Vicars	Tallis Hear the voice and prayer
Thursday, 17th February 2022	5.00pm	Evensong	Quire	sung by the Lay Vicars	Byrd and Quinney Responses
Thursday, 17th February 2022	5.00pm	Evensong	Quire	sung by the Lay Vicars	Anerio Magnificat octavi toni
Thursday, 17th February 2022	5.00pm	Evensong	Quire	sung by the Lay Vicars	plainsong Nunc dimittis
Thursday, 17th February 2022	5.00pm	Evensong	Quire	sung by the Lay Vicars	Martin Justorum animae
Saturday, 19th February 2022	5.00pm	Evensong	Quire	sung by the Lay Vicars	Tallis Hear the voice and prayer
Saturday, 19th February 2022	5.00pm	Evensong	Quire	sung by the Lay Vicars	Byrd and Quinney Responses
Saturday, 19th February 2022	5.00pm	Evensong	Quire	sung by the Lay Vicars	Tye Short Service
Saturday, 19th February 2022	5.00pm	Evensong	Quire	sung by the Lay Vicars	White Manus tuae fecerunt me
Saturday, 19th February 2022	5.00pm	Evensong	Quire	sung by the Lay Vicars	Tomkins Gloria tibi Trinitas
Sunday, 20th February 2022	11.15am	Sung Eucharist	Quire	sung by the Lay Vicars	Morales Missa Mille regretz
Sunday, 20th February 2022	11.15am	Sung Eucharist	Quire	sung by the Lay Vicars	Gabrieli O sacrum convivium
Sunday, 20th February 2022	11.15am	Sung Eucharist	Quire	sung by the Lay Vicars	Buxtehude Passacaglia in D minor BuxWV 161
Sunday, 20th February 2022	3.00pm	Evensong	Quire	sung by the Lay Vicars	Tallis Hear the voice and prayer
Sunday, 20th February 2022	3.00pm	Evensong	Quire	sung by the Lay Vicars	Byrd and Quinney Repsonses
Sunday, 20th February 2022	3.00pm	Evensong	Quire	sung by the Lay Vicars	Howells in E
Sunday, 20th February 2022	3.00pm	Evensong	Quire	sung by the Lay Vicars	Quinney Benedicite
Sunday, 20th February 2022	3.00pm	Evensong	Quire	sung by the Lay Vicars	Bach Fugue in G BWV 577
Monday, 21st February 2022	5.00pm	Evensong	Quire	sung by the Choristers; attended by HE The High Commissioner for St Lucia	plainsong Lucis Creator optime
Monday, 21st February 2022	5.00pm	Evensong	Quire	sung by the Choristers; attended by HE The High Commissioner for St Lucia	plainsong Responses
Monday, 21st February 2022	5.00pm	Evensong	Quire	sung by the Choristers; attended by HE The High Commissioner for St Lucia	Watson in F
Monday, 21st February 2022	5.00pm	Evensong	Quire	sung by the Choristers; attended by HE The High Commissioner for St Lucia	Stanford A Song of Wisdom
Tuesday, 22nd February 2022	5.00pm	Evensong	Quire	sung by the Choir of Westminster Abbey; attended by a representative of The High Commissioner for Brunei Darussalam	Clucas Keep me as the apple of an eye
Tuesday, 22nd February 2022	5.00pm	Evensong	Quire	sung by the Choir of Westminster Abbey; attended by a representative of The High Commissioner for Brunei Darussalam	Gibbons and Barnard Responses
Tuesday, 22nd February 2022	5.00pm	Evensong	Quire	sung by the Choir of Westminster Abbey; attended by a representative of The High Commissioner for Brunei Darussalam	Morley First Service
Tuesday, 22nd February 2022	5.00pm	Evensong	Quire	sung by the Choir of Westminster Abbey; attended by a representative of The High Commissioner for Brunei Darussalam	Gibbons O thou, the central orb
Thursday, 24th February 2022	5.00pm	Evensong	Quire	sung by the Choir of Westminster Abbey; attended by the Acting High Commissioner for Guyana	Clucas Keep me as the apple of an eye
Thursday, 24th February 2022	5.00pm	Evensong	Quire	sung by the Choir of Westminster Abbey; attended by the Acting High Commissioner for Guyana	Gibbons and Barnard Responses
Thursday, 24th February 2022	5.00pm	Evensong	Quire	sung by the Choir of Westminster Abbey; attended by the Acting High Commissioner for Guyana	Dyson in F
Thursday, 24th February 2022	5.00pm	Evensong	Quire	sung by the Choir of Westminster Abbey; attended by the Acting High Commissioner for Guyana	Bullock Give us the wings of faith
Friday, 25th February 2022	5.00pm	Evensong	Quire	sung by the Choristers	plainsong Te lucis ante terminum
Friday, 25th February 2022	5.00pm	Evensong	Quire	sung by the Choristers	plainsong Responses
Friday, 25th February 2022	5.00pm	Evensong	Quire	sung by the Choristers	Magnificat tone I 
Friday, 25th February 2022	5.00pm	Evensong	Quire	sung by the Choristers	Nunc dimittis tone IV
Friday, 25th February 2022	5.00pm	Evensong	Quire	sung by the Choristers	Elgar Doubt not thy Father's care
Saturday, 26th February 2022	5.00pm	Evensong	Quire	sung by the Choir of Westminster Abbey	Clucas Keep me as the apple of an eye
Saturday, 26th February 2022	5.00pm	Evensong	Quire	sung by the Choir of Westminster Abbey	Gibbons and Barnard Responses
Saturday, 26th February 2022	5.00pm	Evensong	Quire	sung by the Choir of Westminster Abbey	Wood Collegium Regale
Saturday, 26th February 2022	5.00pm	Evensong	Quire	sung by the Choir of Westminster Abbey	Haydn Insanae et vanae curae
Saturday, 26th February 2022	5.00pm	Evensong	Quire	sung by the Choir of Westminster Abbey	Mendelssohn Prelude and Fugue in D minor Op 37 no 3
Sunday, 27th February 2022	11.15am	Sung Eucharist	Quire	sung by the Choir of Westminster Abbey	Dove Missa brevis
Sunday, 27th February 2022	11.15am	Sung Eucharist	Quire	sung by the Choir of Westminster Abbey	Messiaen O sacrum convivium
Sunday, 27th February 2022	11.15am	Sung Eucharist	Quire	sung by the Choir of Westminster Abbey	Hindemith Lebhaft (Organ Sonata II)
Sunday, 27th February 2022	3.00pm	Evensong	Quire	sung by the Choir of Westminster Abbey	Clucas Keep me as the apple of an eye
Sunday, 27th February 2022	3.00pm	Evensong	Quire	sung by the Choir of Westminster Abbey	Gibbons and Barnard Responses
Sunday, 27th February 2022	3.00pm	Evensong	Quire	sung by the Choir of Westminster Abbey	Howells Gloucester Service
Sunday, 27th February 2022	3.00pm	Evensong	Quire	sung by the Choir of Westminster Abbey	Poulenc Exsultate Deo
Sunday, 27th February 2022	3.00pm	Evensong	Quire	sung by the Choir of Westminster Abbey	Howells Rhapsody II
Tuesday, 1st March 2022	5.00pm	Evensong	Quire	sung by the Choir of Westminster Abbey	Victoria Ecce sacerdos magnus
Tuesday, 1st March 2022	5.00pm	Evensong	Quire	sung by the Choir of Westminster Abbey	Tomkins Responses
Tuesday, 1st March 2022	5.00pm	Evensong	Quire	sung by the Choir of Westminster Abbey	Tomkins Fourth Service
Tuesday, 1st March 2022	5.00pm	Evensong	Quire	sung by the Choir of Westminster Abbey	Tomkins My shepherd is the living Lord
Wednesday, 2nd March 2022	5.00pm	Sung Eucharist with the Imposition of Ashes	Quire	sung by the Choir of Westminster Abbey	Byrd Mass for four voices
Wednesday, 2nd March 2022	5.00pm	Sung Eucharist with the Imposition of Ashes	Quire	sung by the Choir of Westminster Abbey	Allegri Miserere mei Deus
Wednesday, 2nd March 2022	5.00pm	Sung Eucharist with the Imposition of Ashes	Quire	sung by the Choir of Westminster Abbey	Byrd Emendemus in melius
Friday, 4th March 2022	5.00pm	Evensong	Quire	sung by the Choristers	plainsong Audi benigne Conditor
Friday, 4th March 2022	5.00pm	Evensong	Quire	sung by the Choristers	plainsong Responses
Friday, 4th March 2022	5.00pm	Evensong	Quire	sung by the Choristers	Magnificat tone VII
Friday, 4th March 2022	5.00pm	Evensong	Quire	sung by the Choristers	Nunc dimittis tone V
Friday, 4th March 2022	5.00pm	Evensong	Quire	sung by the Choristers	Handel Wash me throughly
Saturday, 5th March 2022	5.00pm	Evensong	Quire	sung by the Choir of Westminster Abbey	Farrant Call to remembrance
Saturday, 5th March 2022	5.00pm	Evensong	Quire	sung by the Choir of Westminster Abbey	Tomkins Responses
Saturday, 5th March 2022	5.00pm	Evensong	Quire	sung by the Choir of Westminster Abbey	Purcell in G minor
Saturday, 5th March 2022	5.00pm	Evensong	Quire	sung by the Choir of Westminster Abbey	Purcell Lord, how long wilt thou be angry
Saturday, 5th March 2022	5.00pm	Evensong	Quire	sung by the Choir of Westminster Abbey	Purcell Double Voluntary in D minor
Sunday, 6th March 2022	11.15am	Sung Eucharist	Quire	sung by the Choir of Westminster Abbey	Vaughan Williams Mass in G minor
Sunday, 6th March 2022	11.15am	Sung Eucharist	Quire	sung by the Choir of Westminster Abbey	Schütz Verba mea auribus percipe
Sunday, 6th March 2022	11.15am	Sung Eucharist	Quire	sung by the Choir of Westminster Abbey	Bach Kyrie, Gott heiliger Geist BWV 671
Sunday, 6th March 2022	3.00pm	Evensong	Quire	sung by the Choir of Westminster Abbey	Farrant Call to remembrance, O Lord
Sunday, 6th March 2022	3.00pm	Evensong	Quire	sung by the Choir of Westminster Abbey	Tomkins Responses
Sunday, 6th March 2022	3.00pm	Evensong	Quire	sung by the Choir of Westminster Abbey	Palestrina Magnificat primi toni a 8
Sunday, 6th March 2022	3.00pm	Evensong	Quire	sung by the Choir of Westminster Abbey	Victoria Nunc dimittis tertii toni
Sunday, 6th March 2022	3.00pm	Evensong	Quire	sung by the Choir of Westminster Abbey	Palestrina Peccantem me quotidie
Sunday, 6th March 2022	3.00pm	Evensong	Quire	sung by the Choir of Westminster Abbey	Bach Fantasia and Fugue in C minor BWV 537
Monday, 7th March 2022	5.00pm	Evensong	Quire	sung by the Choristers	plainsong Audi benigne Conditor
Monday, 7th March 2022	5.00pm	Evensong	Quire	sung by the Choristers	plainsong Responses
Monday, 7th March 2022	5.00pm	Evensong	Quire	sung by the Choristers	Moore Second Service
Monday, 7th March 2022	5.00pm	Evensong	Quire	sung by the Choristers	Bach Christe eleison (Mass in B minor)
Tuesday, 8th March 2022	5.00pm	Evensong	Quire	sung by the Choir of Westminster Abbey; attended by HE The High Commissioner for Ghana	Loosemore O Lord, increase my faith
Tuesday, 8th March 2022	5.00pm	Evensong	Quire	sung by the Choir of Westminster Abbey; attended by HE The High Commissioner for Ghana	Clucas Responses
Tuesday, 8th March 2022	5.00pm	Evensong	Quire	sung by the Choir of Westminster Abbey; attended by HE The High Commissioner for Ghana	Hooper Full Service
Tuesday, 8th March 2022	5.00pm	Evensong	Quire	sung by the Choir of Westminster Abbey; attended by HE The High Commissioner for Ghana	Morley Nolo mortem peccatoris
Thursday, 10th March 2022	5.00pm	Evensong	Quire	sung by the Choir of Westminster Abbey	Loosemore O Lord, increase my faith
Thursday, 10th March 2022	5.00pm	Evensong	Quire	sung by the Choir of Westminster Abbey	Clucas Responses
Thursday, 10th March 2022	5.00pm	Evensong	Quire	sung by the Choir of Westminster Abbey	D Purcell in E minor
Thursday, 10th March 2022	5.00pm	Evensong	Quire	sung by the Choir of Westminster Abbey	H Purcell Remember not, Lord, our offences
Friday, 11th March 2022	5.00pm	Evensong	Quire	sung by the Choristers; attended by HE The High Commissioner for Mauritius	plainsong Audi benigne Conditor
Friday, 11th March 2022	5.00pm	Evensong	Quire	sung by the Choristers; attended by HE The High Commissioner for Mauritius	plainsong Responses
Friday, 11th March 2022	5.00pm	Evensong	Quire	sung by the Choristers; attended by HE The High Commissioner for Mauritius	Magnificat tone VIII
Friday, 11th March 2022	5.00pm	Evensong	Quire	sung by the Choristers; attended by HE The High Commissioner for Mauritius	Nunc dimittis tone I
Friday, 11th March 2022	5.00pm	Evensong	Quire	sung by the Choristers; attended by HE The High Commissioner for Mauritius	Mendelssohn Lift thine eyes
Saturday, 12th March 2022	5.00pm	Evensong	Quire	sung by the Choir of Westminster Abbey	Loosemore O Lord, increase my faith
Saturday, 12th March 2022	5.00pm	Evensong	Quire	sung by the Choir of Westminster Abbey	Clucas Responses
Saturday, 12th March 2022	5.00pm	Evensong	Quire	sung by the Choir of Westminster Abbey	Swayne Magnificat
Saturday, 12th March 2022	5.00pm	Evensong	Quire	sung by the Choir of Westminster Abbey	Wood Nunc dimittis in B flat
Saturday, 12th March 2022	5.00pm	Evensong	Quire	sung by the Choir of Westminster Abbey	Purcell Jehovah quam multi sunt hostes mei
Saturday, 12th March 2022	5.00pm	Evensong	Quire	sung by the Choir of Westminster Abbey	Buxtehude Praeludium in F sharp minor BuxWV 146
Sunday, 13th March 2022	11.15am	Sung Eucharist	Quire	sung by the Choir of Westminster Abbey	Stravinsky Mass
Sunday, 13th March 2022	11.15am	Sung Eucharist	Quire	sung by the Choir of Westminster Abbey	Croce In spiritu humilitatis
Sunday, 13th March 2022	11.15am	Sung Eucharist	Quire	sung by the Choir of Westminster Abbey	Mendelssohn Allegro moderato e serioso (Sonata in F minor Op 65 no 1)
Sunday, 13th March 2022	3.00pm	Evensong	Quire	sung by the Choir of Westminster Abbey	Loosemore O Lord, increase my faith
Sunday, 13th March 2022	3.00pm	Evensong	Quire	sung by the Choir of Westminster Abbey	Clucas Responses
Sunday, 13th March 2022	3.00pm	Evensong	Quire	sung by the Choir of Westminster Abbey	Brewer in D
Sunday, 13th March 2022	3.00pm	Evensong	Quire	sung by the Choir of Westminster Abbey	Brahms Schaffe in mir, Gott, ein rein Herz
Sunday, 13th March 2022	3.00pm	Evensong	Quire	sung by the Choir of Westminster Abbey	Brahms Mein Jesu, der du mich Op 122 no 1
Tuesday, 15th March 2022	5.00pm	Evensong	Quire	sung by the Choir of Westminster Abbey	Farrant Hide not thou thy face from us, O Lord
Tuesday, 15th March 2022	5.00pm	Evensong	Quire	sung by the Choir of Westminster Abbey	Morley Responses
Tuesday, 15th March 2022	5.00pm	Evensong	Quire	sung by the Choir of Westminster Abbey	Victoria Magnificat octavi toni
Tuesday, 15th March 2022	5.00pm	Evensong	Quire	sung by the Choir of Westminster Abbey	Tye Nunc dimittis
Tuesday, 15th March 2022	5.00pm	Evensong	Quire	sung by the Choir of Westminster Abbey	Tallis Absterge Domine
Thursday, 17th March 2022	5.00pm	Evensong	Quire	sung by the Choir of Westminster Abbey	Victoria Ecce sacerdos magnus
Thursday, 17th March 2022	5.00pm	Evensong	Quire	sung by the Choir of Westminster Abbey	Morley Responses
Thursday, 17th March 2022	5.00pm	Evensong	Quire	sung by the Choir of Westminster Abbey	Ireland in F
Thursday, 17th March 2022	5.00pm	Evensong	Quire	sung by the Choir of Westminster Abbey	Stanford Beati quorum via
Friday, 18th March 2022	5.00pm	Evensong	Quire	sung by the Choristers; attended by HE The High Commissioner for Namibia	plainsong Audi benigne Conditor
Friday, 18th March 2022	5.00pm	Evensong	Quire	sung by the Choristers; attended by HE The High Commissioner for Namibia	plainsong Responses
Friday, 18th March 2022	5.00pm	Evensong	Quire	sung by the Choristers; attended by HE The High Commissioner for Namibia	Magnificat tone II
Friday, 18th March 2022	5.00pm	Evensong	Quire	sung by the Choristers; attended by HE The High Commissioner for Namibia	Nunc dimittis tone VIII
Friday, 18th March 2022	5.00pm	Evensong	Quire	sung by the Choristers; attended by HE The High Commissioner for Namibia	Jackson The Land of Spices
Saturday, 19th March 2022	5.00pm	Evensong	Quire	sung by the Choir of Westminster Abbey	Farrant Hide not thou thy face from me, O Lord
Saturday, 19th March 2022	5.00pm	Evensong	Quire	sung by the Choir of Westminster Abbey	Morley Responses
Saturday, 19th March 2022	5.00pm	Evensong	Quire	sung by the Choir of Westminster Abbey	Jackson in G
Saturday, 19th March 2022	5.00pm	Evensong	Quire	sung by the Choir of Westminster Abbey	Mawby Justus ut palma florebit
Saturday, 19th March 2022	5.00pm	Evensong	Quire	sung by the Choir of Westminster Abbey	Alain Litanies
Sunday, 20th March 2022	11.15am	Sung Eucharist	Quire	sung by the Choir of Westminster Abbey	Martin Mass for double choir
Sunday, 20th March 2022	11.15am	Sung Eucharist	Quire	sung by the Choir of Westminster Abbey	Elgar Ave verum corpus
Sunday, 20th March 2022	11.15am	Sung Eucharist	Quire	sung by the Choir of Westminster Abbey	Dupré Cortège et Litanie Op 19 no 2
Sunday, 20th March 2022	3.00pm	Evensong	Quire	sung by the Choir of Westminster Abbey	Farrant Hide not thou thy face from me, O Lord
Sunday, 20th March 2022	3.00pm	Evensong	Quire	sung by the Choir of Westminster Abbey	Morley Responses
Sunday, 20th March 2022	3.00pm	Evensong	Quire	sung by the Choir of Westminster Abbey	Howells Westminster Service
Sunday, 20th March 2022	3.00pm	Evensong	Quire	sung by the Choir of Westminster Abbey	Wesley Wash me throughly
Sunday, 20th March 2022	3.00pm	Evensong	Quire	sung by the Choir of Westminster Abbey	Howells Psalm Prelude Set II no 1
Monday, 21st March 2022	5.00pm	Evensong	Quire	sung by the Choristers	Vaughan Williams The Call (Five Mystical Songs)
Monday, 21st March 2022	5.00pm	Evensong	Quire	sung by the Choristers	plainsong Responses
Monday, 21st March 2022	5.00pm	Evensong	Quire	sung by the Choristers	Dyson in C minor
Monday, 21st March 2022	5.00pm	Evensong	Quire	sung by the Choristers	Berkeley O that I once past changing were
Tuesday, 22nd March 2022	5.00pm	Evensong	Quire	sung by the Choir of Westminster Abbey; attended by the Deputy High Commissioner for Pakistan	Barcrofte O almighty God
Tuesday, 22nd March 2022	5.00pm	Evensong	Quire	sung by the Choir of Westminster Abbey; attended by the Deputy High Commissioner for Pakistan	Radcliffe Responses
Tuesday, 22nd March 2022	5.00pm	Evensong	Quire	sung by the Choir of Westminster Abbey; attended by the Deputy High Commissioner for Pakistan	Hooper Short Service
Tuesday, 22nd March 2022	5.00pm	Evensong	Quire	sung by the Choir of Westminster Abbey; attended by the Deputy High Commissioner for Pakistan	Byrd Ne irascaris Domine
Thursday, 24th March 2022	5.00pm	First Evensong of the Annunciation of Our Lord	Quire	sung by the Choristers; attended by HE The High Commissioner for Bangladesh	Lindley Ave Maria
Thursday, 24th March 2022	5.00pm	First Evensong of the Annunciation of Our Lord	Quire	sung by the Choristers; attended by HE The High Commissioner for Bangladesh	plainsong Responses
Thursday, 24th March 2022	5.00pm	First Evensong of the Annunciation of Our Lord	Quire	sung by the Choristers; attended by HE The High Commissioner for Bangladesh	Martin Westminster Service
Thursday, 24th March 2022	5.00pm	First Evensong of the Annunciation of Our Lord	Quire	sung by the Choristers; attended by HE The High Commissioner for Bangladesh	Dupré Ave Maria
Friday, 25th March 2022	5.00pm	Sung Eucharist	Quire	sung by the Choir of Westminster Abbey	Tallis Missa Salve intemerata Virgo
Friday, 25th March 2022	5.00pm	Sung Eucharist	Quire	sung by the Choir of Westminster Abbey	Bruckner Ave Maria
Friday, 25th March 2022	5.00pm	Sung Eucharist	Quire	sung by the Choir of Westminster Abbey	Bach arr Bovet Allegro (Concerto in B minor BWV 1065)
Saturday, 26th March 2022	5.00pm	Evensong	Quire	sung by the Lay Vicars	Tallis Expend, O Lord, my plaint of worde
Saturday, 26th March 2022	5.00pm	Evensong	Quire	sung by the Lay Vicars	plainsong Responses
Saturday, 26th March 2022	5.00pm	Evensong	Quire	sung by the Lay Vicars	Dunstaple Magnificat secundi toni 
Saturday, 26th March 2022	5.00pm	Evensong	Quire	sung by the Lay Vicars	Viadana Nunc dimittis tertii toni
Saturday, 26th March 2022	5.00pm	Evensong	Quire	sung by the Lay Vicars	Pärt De profundis
Saturday, 26th March 2022	5.00pm	Evensong	Quire	sung by the Lay Vicars	Howells Psalm Prelude Set 1 no 1
Sunday, 27th March 2022	11.15am	Sung Eucharist	Quire	sung by the Lay Vicars	Guerrero Missa Inter vestibulum
Sunday, 27th March 2022	11.15am	Sung Eucharist	Quire	sung by the Lay Vicars	Morales Inter vestibulum et altare
Sunday, 27th March 2022	11.15am	Sung Eucharist	Quire	sung by the Lay Vicars	Mendelssohn Con moto maestoso (Sonata in A Op 65 no 3)
Sunday, 27th March 2022	3.00pm	Evensong	Quire	sung by the Lay Vicars	Tallis Expend, O Lord, my plaint of worde
Sunday, 27th March 2022	3.00pm	Evensong	Quire	sung by the Lay Vicars	plainsong Responses
Sunday, 27th March 2022	3.00pm	Evensong	Quire	sung by the Lay Vicars	Ives Magdalen Service
Sunday, 27th March 2022	3.00pm	Evensong	Quire	sung by the Lay Vicars	Bennett The bell doth toll
Sunday, 27th March 2022	3.00pm	Evensong	Quire	sung by the Lay Vicars	Stanford Benedictus (Sonata Britannica)
Thursday, 31st March 2022	5.00pm	Evensong	Quire	sung by the Tiffin Boys' Choir	Ayleward Responses
Thursday, 31st March 2022	5.00pm	Evensong	Quire	sung by the Tiffin Boys' Choir	Sumsion in A
Thursday, 31st March 2022	5.00pm	Evensong	Quire	sung by the Tiffin Boys' Choir	Fauré Cantique de Jean Racine
Friday, 1st April 2022	5.00pm	Evensong	Quire	sung by the University of London Chamber Choir	Radcliffe Repsonses
Friday, 1st April 2022	5.00pm	Evensong	Quire	sung by the University of London Chamber Choir	Noble in B minor
Friday, 1st April 2022	5.00pm	Evensong	Quire	sung by the University of London Chamber Choir	Stanford Beati quorum via
Saturday, 2nd April 2022	5.00pm	Evensong	Quire	sung by the Choir of St Luke's Church, Chelsea	Clucas Responses
Saturday, 2nd April 2022	5.00pm	Evensong	Quire	sung by the Choir of St Luke's Church, Chelsea	Lloyd Hereford Service
Saturday, 2nd April 2022	5.00pm	Evensong	Quire	sung by the Choir of St Luke's Church, Chelsea	Chilcott Be thou my vision
Saturday, 2nd April 2022	5.00pm	Evensong	Quire	sung by the Choir of St Luke's Church, Chelsea	Howells Saraband in modo elegiaco
Sunday, 3rd April 2022	11.15am	Sung Eucharist	Quire	sung by The Exonian Choir	Howells Collegium Regale
Sunday, 3rd April 2022	11.15am	Sung Eucharist	Quire	sung by The Exonian Choir	Tallis O sacrum convivium
Sunday, 3rd April 2022	11.15am	Sung Eucharist	Quire	sung by The Exonian Choir	Mendelssohn Sonata in D minor Op 65 no 6
Sunday, 3rd April 2022	3.00pm	Evensong	Quire	sung by The Exonian Choir	Tallis Responses
Sunday, 3rd April 2022	3.00pm	Evensong	Quire	sung by The Exonian Choir	Tallis Short Service
Sunday, 3rd April 2022	3.00pm	Evensong	Quire	sung by The Exonian Choir	Howells Like as the hart
Sunday, 3rd April 2022	3.00pm	Evensong	Quire	sung by The Exonian Choir	Howells Master Tallis's Testament
Monday, 4th April 2022	5.00pm	Evensong	Quire	sung by the Lay Vicars	Mouton Salva nos Domine
Monday, 4th April 2022	5.00pm	Evensong	Quire	sung by the Lay Vicars	plainsong Responses
Monday, 4th April 2022	5.00pm	Evensong	Quire	sung by the Lay Vicars	Soriano Magnificat primi toni
Monday, 4th April 2022	5.00pm	Evensong	Quire	sung by the Lay Vicars	Tye Nunc dimittis
Monday, 4th April 2022	5.00pm	Evensong	Quire	sung by the Lay Vicars	Byrd Diliges Dominum
Tuesday, 5th April 2022	5.00pm	Evensong	Quire	sung by the Lay Vicars	Mouton Salva nos Domine
Tuesday, 5th April 2022	5.00pm	Evensong	Quire	sung by the Lay Vicars	plainsong Responses
Tuesday, 5th April 2022	5.00pm	Evensong	Quire	sung by the Lay Vicars	Morales Magnificat primi toni
Tuesday, 5th April 2022	5.00pm	Evensong	Quire	sung by the Lay Vicars	Ortiz Nunc dimittis tertii toni
Tuesday, 5th April 2022	5.00pm	Evensong	Quire	sung by the Lay Vicars	Monte Super flumina Babylonis
Thursday, 7th April 2022	5.00pm	Evensong	Quire	sung by the Lay Vicars	Mouton Salva nos Domine
Thursday, 7th April 2022	5.00pm	Evensong	Quire	sung by the Lay Vicars	plainsong Responses
Thursday, 7th April 2022	5.00pm	Evensong	Quire	sung by the Lay Vicars	Mundy Magnificat secundi toni
Thursday, 7th April 2022	5.00pm	Evensong	Quire	sung by the Lay Vicars	plainsong Nunc dimittis
Thursday, 7th April 2022	5.00pm	Evensong	Quire	sung by the Lay Vicars	Taverner Quemadmodum
Friday, 8th April 2022	5.00pm	Evensong	Quire	sung by the Lay Vicars	Mouton Salva nos Domine
Friday, 8th April 2022	5.00pm	Evensong	Quire	sung by the Lay Vicars	plainsong Responses
Friday, 8th April 2022	5.00pm	Evensong	Quire	sung by the Lay Vicars	Palestrina Magnificat primi toni
Friday, 8th April 2022	5.00pm	Evensong	Quire	sung by the Lay Vicars	Reid Nunc dimittis tertii toni
Friday, 8th April 2022	5.00pm	Evensong	Quire	sung by the Lay Vicars	Lassus In Monte Oliveti
Saturday, 9th April 2022	5.00pm	Evensong	Quire	sung by the Choir of Westminster Abbey	Teschner arr Bach In meines Herzens Grunde
Saturday, 9th April 2022	5.00pm	Evensong	Quire	sung by the Choir of Westminster Abbey	Leighton Responses
Saturday, 9th April 2022	5.00pm	Evensong	Quire	sung by the Choir of Westminster Abbey	Schütz Deutsches Magnificat
Saturday, 9th April 2022	5.00pm	Evensong	Quire	sung by the Choir of Westminster Abbey	Victoria Nunc dimittis tertii toni
Saturday, 9th April 2022	5.00pm	Evensong	Quire	sung by the Choir of Westminster Abbey	Poulenc Vinea mea electa
Sunday, 10th April 2022	11.00am	Blessing of Palms, Procession, and Sung Eucharist	Quire	sung by the Choir of Westminster Abbey	Malcolm Ingrediente Domino
Sunday, 10th April 2022	11.00am	Blessing of Palms, Procession, and Sung Eucharist	Quire	sung by the Choir of Westminster Abbey	Lassus Passion according to Luke
Sunday, 10th April 2022	11.00am	Blessing of Palms, Procession, and Sung Eucharist	Quire	sung by the Choir of Westminster Abbey	Rheinberger Mass in E flat
Sunday, 10th April 2022	11.00am	Blessing of Palms, Procession, and Sung Eucharist	Quire	sung by the Choir of Westminster Abbey	Guerrero O Domine Jesu Christe
Sunday, 10th April 2022	11.00am	Blessing of Palms, Procession, and Sung Eucharist	Quire	sung by the Choir of Westminster Abbey	Bach Valet will ich dir geben BWV 736
Sunday, 10th April 2022	3.00pm	Evensong	Quire	sung by the Choir of Westminster Abbey	Anerio Christus factus est
Sunday, 10th April 2022	3.00pm	Evensong	Quire	sung by the Choir of Westminster Abbey	Leighton Responses
Sunday, 10th April 2022	3.00pm	Evensong	Quire	sung by the Choir of Westminster Abbey	Rubbra in A flat
Sunday, 10th April 2022	3.00pm	Evensong	Quire	sung by the Choir of Westminster Abbey	Poulenc Timor et tremor
Sunday, 10th April 2022	3.00pm	Evensong	Quire	sung by the Choir of Westminster Abbey	Howells Rhapsody III
Monday, 11th April 2022	5.00pm	Evensong	Quire	sung by the Lay Vicars	plainsong Vexilla regis prodeunt
Monday, 11th April 2022	5.00pm	Evensong	Quire	sung by the Lay Vicars	plainsong Responses
Monday, 11th April 2022	5.00pm	Evensong	Quire	sung by the Lay Vicars	Guerrero Magnificat secundi toni
Monday, 11th April 2022	5.00pm	Evensong	Quire	sung by the Lay Vicars	plainsong Nunc dimittis
Monday, 11th April 2022	5.00pm	Evensong	Quire	sung by the Lay Vicars	Victoria Vere languores nostros
Thursday, 14th April 2022	5.00pm	Sung Eucharist with the Washing of the feet, followed by the Watch	Quire	sung by the Choir of Westminster Abbey	Josquin Missa Pange lingua
Thursday, 14th April 2022	5.00pm	Sung Eucharist with the Washing of the feet, followed by the Watch	Quire	sung by the Choir of Westminster Abbey	Gibbons Drop, drop slow tears
Thursday, 14th April 2022	5.00pm	Sung Eucharist with the Washing of the feet, followed by the Watch	Quire	sung by the Choir of Westminster Abbey	Duruflé Ubi caritas et amor
Thursday, 14th April 2022	5.00pm	Sung Eucharist with the Washing of the feet, followed by the Watch	Quire	sung by the Choir of Westminster Abbey	Poulenc Tristis est anima mea
Friday, 15th April 2022	3.00pm	Solemn Liturgy of the Passion and Death of Our Lord	Quire	sung by the Choir of Westminster Abbey	Victoria Passion according to John
Friday, 15th April 2022	3.00pm	Solemn Liturgy of the Passion and Death of Our Lord	Quire	sung by the Choir of Westminster Abbey	Victoria The Reproaches
Friday, 15th April 2022	3.00pm	Solemn Liturgy of the Passion and Death of Our Lord	Quire	sung by the Choir of Westminster Abbey	Bruckner Christus factus est
Friday, 15th April 2022	3.00pm	Solemn Liturgy of the Passion and Death of Our Lord	Quire	sung by the Choir of Westminster Abbey	Poulenc Tenebrae factae suntPreacher: The Reverend Mark Birch Precentor
Saturday, 16th April 2022	8.00pm	Vigil and First Eucharist of Easter	Quire	sung by the Choir of Westminster Abbey	Palestrina Sicut cervus
Saturday, 16th April 2022	8.00pm	Vigil and First Eucharist of Easter	Quire	sung by the Choir of Westminster Abbey	Harvey Missa brevis
Saturday, 16th April 2022	8.00pm	Vigil and First Eucharist of Easter	Quire	sung by the Choir of Westminster Abbey	Taverner Dum transisset Sabbatum
Saturday, 16th April 2022	8.00pm	Vigil and First Eucharist of Easter	Quire	sung by the Choir of Westminster Abbey	McCabe Dies Resurrectionis 
Sunday, 17th April 2022	10.00am	Matins	St Margaret's Church	sung by the St Margaret's Consort	Hassler Ego sum resurrectio
Sunday, 17th April 2022	10.00am	Matins	St Margaret's Church	sung by the St Margaret's Consort	Clucas Reponses
Sunday, 17th April 2022	10.00am	Matins	St Margaret's Church	sung by the St Margaret's Consort	Britten in C
Sunday, 17th April 2022	10.00am	Matins	St Margaret's Church	sung by the St Margaret's Consort	Bach Prelude in C BWV 547i
Sunday, 17th April 2022	11.15am	Sung Eucharist	Quire	sung by the Choir of Westminster Abbey	Kodály Missa brevis
Sunday, 17th April 2022	11.15am	Sung Eucharist	Quire	sung by the Choir of Westminster Abbey	Messiaen O sacrum convivium
Sunday, 17th April 2022	11.15am	Sung Eucharist	Quire	sung by the Choir of Westminster Abbey	Tournemire Choral-Improvisation sur le 'Victimae paschali'
Sunday, 17th April 2022	3.00pm	Evensong and Procession	Quire	sung by the Choir of Westminster Abbey	Wood Haec dies
Sunday, 17th April 2022	3.00pm	Evensong and Procession	Quire	sung by the Choir of Westminster Abbey	Rose Responses
Sunday, 17th April 2022	3.00pm	Evensong and Procession	Quire	sung by the Choir of Westminster Abbey	Stanford in A
Sunday, 17th April 2022	3.00pm	Evensong and Procession	Quire	sung by the Choir of Westminster Abbey	Wesley Blessed be the God and Father
Sunday, 17th April 2022	3.00pm	Evensong and Procession	Quire	sung by the Choir of Westminster Abbey	Beethoven Allegro (Symphony V in C minor Op 67)
Monday, 18th April 2022	5.00pm	Evensong	Quire	sung by Chingford Parish Church Choir	Clucas Responses
Monday, 18th April 2022	5.00pm	Evensong	Quire	sung by Chingford Parish Church Choir	Dyson in D
Monday, 18th April 2022	5.00pm	Evensong	Quire	sung by Chingford Parish Church Choir	Byrd Haec dies
Tuesday, 19th April 2022	5.00pm	Evensong	Quire	sung by the Farrant Choir	Ayleward Responses
Tuesday, 19th April 2022	5.00pm	Evensong	Quire	sung by the Farrant Choir	Howells Gloucester Service
Tuesday, 19th April 2022	5.00pm	Evensong	Quire	sung by the Farrant Choir	Stanford Ye choirs of new Jerusalem
Thursday, 21st April 2022	5.00pm	Evensong	Quire	sung by the Choir of Sidney Sussex College, Cambridge	G Jackson Responses
Thursday, 21st April 2022	5.00pm	Evensong	Quire	sung by the Choir of Sidney Sussex College, Cambridge	F Jackson in G minor
Thursday, 21st April 2022	5.00pm	Evensong	Quire	sung by the Choir of Sidney Sussex College, Cambridge	Gibbons O clap your hands together
Friday, 22nd April 2022	5.00pm	Evensong	Quire	sung by Ardingly College Schola Cantorum	Rose Responses
Friday, 22nd April 2022	5.00pm	Evensong	Quire	sung by Ardingly College Schola Cantorum	Stanford in G
Friday, 22nd April 2022	5.00pm	Evensong	Quire	sung by Ardingly College Schola Cantorum	Howells Like as the hart
Saturday, 23rd April 2022	5.00pm	Evensong	Quire	sung by the Merton College Girl Choristers	plainsong Responses
Saturday, 23rd April 2022	5.00pm	Evensong	Quire	sung by the Merton College Girl Choristers	Sumsion in G
Saturday, 23rd April 2022	5.00pm	Evensong	Quire	sung by the Merton College Girl Choristers	Parry Long since in Egypt's plenteous land
Saturday, 23rd April 2022	5.00pm	Evensong	Quire	sung by the Merton College Girl Choristers	Howells Saraband for the Morning of Easter
Sunday, 24th April 2022	11.15am	Sung Eucharist	Quire	sung by St Margaret's Consort	Lassus Missa Paschalis
Sunday, 24th April 2022	11.15am	Sung Eucharist	Quire	sung by St Margaret's Consort	Bach Hallelujah (Christ lag in Todesbanden BWV 4)
Sunday, 24th April 2022	11.15am	Sung Eucharist	Quire	sung by St Margaret's Consort	Bach Prelude and Fugue in D BWV 532
Sunday, 24th April 2022	3.00pm	Evensong	Quire	sung by Exultate Singers	Rose Responses
Sunday, 24th April 2022	3.00pm	Evensong	Quire	sung by Exultate Singers	Panufnik Magdalen College Service
Sunday, 24th April 2022	3.00pm	Evensong	Quire	sung by Exultate Singers	Ogden Every Breath a Song
Sunday, 24th April 2022	3.00pm	Evensong	Quire	sung by Exultate Singers	Howells Paean
Monday, 25th April 2022	5.00pm	Evensong	Quire	sung by the Lay Vicars	Sheppard Christ our paschal Lamb
Monday, 25th April 2022	5.00pm	Evensong	Quire	sung by the Lay Vicars	Byrd and Quinney Responses
Monday, 25th April 2022	5.00pm	Evensong	Quire	sung by the Lay Vicars	Sheppard First Service
Monday, 25th April 2022	5.00pm	Evensong	Quire	sung by the Lay Vicars	Parsons Credo quod redemptor meus vivit
Tuesday, 26th April 2022	5.00pm	Evensong	Quire	sung by the Choir of Westminster Abbey	Byrd Terra tremuit
Tuesday, 26th April 2022	5.00pm	Evensong	Quire	sung by the Choir of Westminster Abbey	Tomkins Responses
Tuesday, 26th April 2022	5.00pm	Evensong	Quire	sung by the Choir of Westminster Abbey	Tomkins Fifth Service
Tuesday, 26th April 2022	5.00pm	Evensong	Quire	sung by the Choir of Westminster Abbey	Byrd Christ rising again
Thursday, 28th April 2022	5.00pm	Evensong	Quire	sung by the Choir of Westminster Abbey; attended by HE The High Commissioner for South Africa	Byrd Terra tremuit
Thursday, 28th April 2022	5.00pm	Evensong	Quire	sung by the Choir of Westminster Abbey; attended by HE The High Commissioner for South Africa	Tomkins Responses
Thursday, 28th April 2022	5.00pm	Evensong	Quire	sung by the Choir of Westminster Abbey; attended by HE The High Commissioner for South Africa	Dyson in F
Thursday, 28th April 2022	5.00pm	Evensong	Quire	sung by the Choir of Westminster Abbey; attended by HE The High Commissioner for South Africa	Bassano Dic nobis Maria
Friday, 29th April 2022	5.00pm	Evensong	Quire	sung by the Choir of Westminster Abbey	Byrd Terra tremuit
Friday, 29th April 2022	5.00pm	Evensong	Quire	sung by the Choir of Westminster Abbey	Tomkins Responses
Friday, 29th April 2022	5.00pm	Evensong	Quire	sung by the Choir of Westminster Abbey	Gibbons Short Service
Friday, 29th April 2022	5.00pm	Evensong	Quire	sung by the Choir of Westminster Abbey	Byrd Haec dies
Sunday, 1st May 2022	10.00am	Matins	Quire	sung by the Choir of Westminster Abbey	Byrd Terra tremuit
Sunday, 1st May 2022	10.00am	Matins	Quire	sung by the Choir of Westminster Abbey	Tomkins Responses
Sunday, 1st May 2022	10.00am	Matins	Quire	sung by the Choir of Westminster Abbey	Stanford in B flat
Sunday, 1st May 2022	10.00am	Matins	Quire	sung by the Choir of Westminster Abbey	Messiaen Joie et clarté des corps glorieux (Les corps glorieux)
Sunday, 1st May 2022	11.15am	Sung Eucharist	Quire	sung by the Choir of Westminster Abbey	Stravinsky Mass
Sunday, 1st May 2022	11.15am	Sung Eucharist	Quire	sung by the Choir of Westminster Abbey	Philips Christus resurgens
Sunday, 1st May 2022	11.15am	Sung Eucharist	Quire	sung by the Choir of Westminster Abbey	Buxtehude Praeludium in D BuxWV 139
Sunday, 1st May 2022	3.00pm	Evensong	Quire	sung by the Choir of Westminster Abbey	Byrd Terra tremuit
Sunday, 1st May 2022	3.00pm	Evensong	Quire	sung by the Choir of Westminster Abbey	Tomkins Responses
Sunday, 1st May 2022	3.00pm	Evensong	Quire	sung by the Choir of Westminster Abbey	Gibbons Second Service
Sunday, 1st May 2022	3.00pm	Evensong	Quire	sung by the Choir of Westminster Abbey	Monteverdi Laetatus sum
Sunday, 1st May 2022	3.00pm	Evensong	Quire	sung by the Choir of Westminster Abbey	Reincken Toccata in G
Monday, 2nd May 2022	5.00pm	Evensong	Quire	sung by the Choristers	plainsong Ad coenam Agni providi
Monday, 2nd May 2022	5.00pm	Evensong	Quire	sung by the Choristers	plainsong Responses
Monday, 2nd May 2022	5.00pm	Evensong	Quire	sung by the Choristers	Quinney Short Service
Monday, 2nd May 2022	5.00pm	Evensong	Quire	sung by the Choristers	Couperin Christo resurgenti
Tuesday, 3rd May 2022	5.00pm	Evensong	Quire	sung by the Choir of Westminster Abbey	Wood Haec dies
Tuesday, 3rd May 2022	5.00pm	Evensong	Quire	sung by the Choir of Westminster Abbey	Martin Responses
Tuesday, 3rd May 2022	5.00pm	Evensong	Quire	sung by the Choir of Westminster Abbey	Byrd Second Service
Tuesday, 3rd May 2022	5.00pm	Evensong	Quire	sung by the Choir of Westminster Abbey	Monteverdi Nisi Dominus
Friday, 6th May 2022	5.00pm	Evensong	Quire	sung by the Choir of Westminster Abbey	Wood Haec dies
Friday, 6th May 2022	5.00pm	Evensong	Quire	sung by the Choir of Westminster Abbey	Martin Responses
Friday, 6th May 2022	5.00pm	Evensong	Quire	sung by the Choir of Westminster Abbey	Mundy Magnificat secundi toni
Friday, 6th May 2022	5.00pm	Evensong	Quire	sung by the Choir of Westminster Abbey	Wood Nunc dimittis in B flat
Friday, 6th May 2022	5.00pm	Evensong	Quire	sung by the Choir of Westminster Abbey	Palestrina Dextera Domini
Saturday, 7th May 2022	5.00pm	Evensong	Quire	sung by the Choir of Westminster Abbey; part of the Chorister Experience Day	arr Wood This joyful Eastertide
Saturday, 7th May 2022	5.00pm	Evensong	Quire	sung by the Choir of Westminster Abbey; part of the Chorister Experience Day	Smith Responses
Saturday, 7th May 2022	5.00pm	Evensong	Quire	sung by the Choir of Westminster Abbey; part of the Chorister Experience Day	Stanford in B flat
Saturday, 7th May 2022	5.00pm	Evensong	Quire	sung by the Choir of Westminster Abbey; part of the Chorister Experience Day	Stanford Ye choirs of new Jerusalem
Saturday, 7th May 2022	5.00pm	Evensong	Quire	sung by the Choir of Westminster Abbey; part of the Chorister Experience Day	Elgar Allegro maestoso (Sonata in G Op 28)
Sunday, 8th May 2022	10.00am	Matins	Quire	sung by the Choir of Westminster Abbey	Wood Haec dies
Sunday, 8th May 2022	10.00am	Matins	Quire	sung by the Choir of Westminster Abbey	Martin Responses
Sunday, 8th May 2022	10.00am	Matins	Quire	sung by the Choir of Westminster Abbey	Ireland in F
Sunday, 8th May 2022	10.00am	Matins	Quire	sung by the Choir of Westminster Abbey	Whitlock Fanfare
Sunday, 8th May 2022	11.15am	Sung Eucharist	Quire	sung by the Choir of Westminster Abbey	Padilla Missa Ego flos campi
Sunday, 8th May 2022	11.15am	Sung Eucharist	Quire	sung by the Choir of Westminster Abbey	Casciolini Angelus Domini
Sunday, 8th May 2022	11.15am	Sung Eucharist	Quire	sung by the Choir of Westminster Abbey	Schmidt Prelude and Fugue in D 'Hallelujah' 
Sunday, 8th May 2022	3.00pm	Evensong	Quire	attended by The 59 Club, marking the 60th anniversary of the first blessing of motorbikes; sung by the Choir of Westminster Abbey	Wood Haec dies
Sunday, 8th May 2022	3.00pm	Evensong	Quire	attended by The 59 Club, marking the 60th anniversary of the first blessing of motorbikes; sung by the Choir of Westminster Abbey	Martin Responses
Sunday, 8th May 2022	3.00pm	Evensong	Quire	attended by The 59 Club, marking the 60th anniversary of the first blessing of motorbikes; sung by the Choir of Westminster Abbey	Leighton Magdalen College Service
Sunday, 8th May 2022	3.00pm	Evensong	Quire	attended by The 59 Club, marking the 60th anniversary of the first blessing of motorbikes; sung by the Choir of Westminster Abbey	Vaughan Williams Rise, heart (Five Mystical Songs)
Sunday, 8th May 2022	3.00pm	Evensong	Quire	attended by The 59 Club, marking the 60th anniversary of the first blessing of motorbikes; sung by the Choir of Westminster Abbey	Vierne Final (Symphonie III in F sharp minor Op 28)
Monday, 9th May 2022	5.00pm	Evensong	Quire	sung by the Lay Vicars	plainsong Ad coenam Agni providi
Monday, 9th May 2022	5.00pm	Evensong	Quire	sung by the Lay Vicars	Tallis Responses
Monday, 9th May 2022	5.00pm	Evensong	Quire	sung by the Lay Vicars	Morley Second Service
Monday, 9th May 2022	5.00pm	Evensong	Quire	sung by the Lay Vicars	Tallis Sermone blando angelus
Tuesday, 10th May 2022	5.00pm	Evensong	Quire	sung by the Choir of Westminster Abbey	Batten When the Lord turned again
Tuesday, 10th May 2022	5.00pm	Evensong	Quire	sung by the Choir of Westminster Abbey	Smith Responses
Tuesday, 10th May 2022	5.00pm	Evensong	Quire	sung by the Choir of Westminster Abbey	Victoria Magnificat primi toni
Tuesday, 10th May 2022	5.00pm	Evensong	Quire	sung by the Choir of Westminster Abbey	Victoria Nunc dimittis tertii toni
Tuesday, 10th May 2022	5.00pm	Evensong	Quire	sung by the Choir of Westminster Abbey	Guerrero Regina caeli laetare
Thursday, 12th May 2022	5.00pm	Evensong	Quire	sung by the Choir of Westminster Abbey	Batten When the Lord turned again
Thursday, 12th May 2022	5.00pm	Evensong	Quire	sung by the Choir of Westminster Abbey	Smith Responses
Thursday, 12th May 2022	5.00pm	Evensong	Quire	sung by the Choir of Westminster Abbey	Wood in E flat No 2
Thursday, 12th May 2022	5.00pm	Evensong	Quire	sung by the Choir of Westminster Abbey	Howells O pray for the peace of Jerusalem
Friday, 13th May 2022	5.00pm	Evensong	Quire	sung by the Choir of Westminster Abbey	Batten When the Lord turned again
Friday, 13th May 2022	5.00pm	Evensong	Quire	sung by the Choir of Westminster Abbey	Smith Responses
Friday, 13th May 2022	5.00pm	Evensong	Quire	sung by the Choir of Westminster Abbey	Tomkins First Service
Friday, 13th May 2022	5.00pm	Evensong	Quire	sung by the Choir of Westminster Abbey	Weelkes Alleluia! I heard a voice
Saturday, 14th May 2022	5.00pm	Evensong	Quire	sung by the Choir of Westminster Abbey	Batten When the Lord turned again
Saturday, 14th May 2022	5.00pm	Evensong	Quire	sung by the Choir of Westminster Abbey	Smith Repsonses
Saturday, 14th May 2022	5.00pm	Evensong	Quire	sung by the Choir of Westminster Abbey	Howells Collegium Regale
Saturday, 14th May 2022	5.00pm	Evensong	Quire	sung by the Choir of Westminster Abbey	Walton The Twelve
Saturday, 14th May 2022	5.00pm	Evensong	Quire	sung by the Choir of Westminster Abbey	Bairstow Allegro giocoso (Sonata in E flat)
Sunday, 15th May 2022	10.00am	Matins	Quire	sung by the Choir of Westminster Abbey	Batten When the Lord turned again
Sunday, 15th May 2022	10.00am	Matins	Quire	sung by the Choir of Westminster Abbey	Smith Responses
Sunday, 15th May 2022	10.00am	Matins	Quire	sung by the Choir of Westminster Abbey	Britten in C
Sunday, 15th May 2022	10.00am	Matins	Quire	sung by the Choir of Westminster Abbey	Duruflé Fugue sur le thème du carillon des heures de la cathédrale de Soissons Op 12
Sunday, 15th May 2022	11.15am	Sung Eucharist	Quire	sung by the Choir of Westminster Abbey	Byrd Mass for five voices
Sunday, 15th May 2022	11.15am	Sung Eucharist	Quire	sung by the Choir of Westminster Abbey	Tallis O sacrum convivium
Sunday, 15th May 2022	11.15am	Sung Eucharist	Quire	sung by the Choir of Westminster Abbey	Bach Prelude and Fugue in A BWV 536
Sunday, 15th May 2022	3.00pm	Evensong	Quire	sung by the Choir of Westminster Abbey	Batten When the Lord turned again
Sunday, 15th May 2022	3.00pm	Evensong	Quire	sung by the Choir of Westminster Abbey	Smith Responses
Sunday, 15th May 2022	3.00pm	Evensong	Quire	sung by the Choir of Westminster Abbey	Walmisley in D minor
Sunday, 15th May 2022	3.00pm	Evensong	Quire	sung by the Choir of Westminster Abbey	Brahms Geistliches Lied
Sunday, 15th May 2022	3.00pm	Evensong	Quire	sung by the Choir of Westminster Abbey	Wesley Choral Song and Fugue
Monday, 16th May 2022	5.00pm	Evensong	Quire	sung by the Choristers	Vaughan Williams The Call
Monday, 16th May 2022	5.00pm	Evensong	Quire	sung by the Choristers	plainsong Responses
Monday, 16th May 2022	5.00pm	Evensong	Quire	sung by the Choristers	Moore Second Service
Monday, 16th May 2022	5.00pm	Evensong	Quire	sung by the Choristers	Handel I know that my redeemer liveth
Tuesday, 17th May 2022	5.00pm	Evensong	Quire	sung by the Choir of Westminster Abbey	Bairstow Jesu the very thought of thee
Tuesday, 17th May 2022	5.00pm	Evensong	Quire	sung by the Choir of Westminster Abbey	Clucas Responses
Tuesday, 17th May 2022	5.00pm	Evensong	Quire	sung by the Choir of Westminster Abbey	Noble in B minor
Tuesday, 17th May 2022	5.00pm	Evensong	Quire	sung by the Choir of Westminster Abbey	Vaughan Williams Love bade me welcome
Friday, 20th May 2022	5.00pm	Evensong	Quire	sung by the Choir of Westminster Abbey	Bairstow Jesu the very thought of thee
Friday, 20th May 2022	5.00pm	Evensong	Quire	sung by the Choir of Westminster Abbey	Clucas Responses
Friday, 20th May 2022	5.00pm	Evensong	Quire	sung by the Choir of Westminster Abbey	Gibbons Short Service
Friday, 20th May 2022	5.00pm	Evensong	Quire	sung by the Choir of Westminster Abbey	Weir Love bade me welcome
Saturday, 21st May 2022	5.00pm	Evensong	Quire	sung by the Choir of Westminster Abbey	Bairstow Jesu the very thought of thee
Saturday, 21st May 2022	5.00pm	Evensong	Quire	sung by the Choir of Westminster Abbey	Clucas Responses
Saturday, 21st May 2022	5.00pm	Evensong	Quire	sung by the Choir of Westminster Abbey	Tavener Collegium Regale
Saturday, 21st May 2022	5.00pm	Evensong	Quire	sung by the Choir of Westminster Abbey	Hadley My beloved spake
Saturday, 21st May 2022	5.00pm	Evensong	Quire	sung by the Choir of Westminster Abbey	Vaughan Williams Prelude in C minor
Sunday, 22nd May 2022	10.00am	Matins	Quire	sung by the Choir of Westminster Abbey	Bairstow Jesu the very thought of thee
Sunday, 22nd May 2022	10.00am	Matins	Quire	sung by the Choir of Westminster Abbey	Clucas Responses
Sunday, 22nd May 2022	10.00am	Matins	Quire	sung by the Choir of Westminster Abbey	Vaughan Williams Te Deum in G
Sunday, 22nd May 2022	10.00am	Matins	Quire	sung by the Choir of Westminster Abbey	Walton Jubilate Deo
Sunday, 22nd May 2022	10.00am	Matins	Quire	sung by the Choir of Westminster Abbey	Bach after Ernst Allegro (Concerto in G BWV 592)
Sunday, 22nd May 2022	11.15am	Sung Eucharist	Quire	sung by the Choir of Westminster Abbey	Tye Missa Euge bone
Sunday, 22nd May 2022	11.15am	Sung Eucharist	Quire	sung by the Choir of Westminster Abbey	Taverner Dum transisset Sabbatum
Sunday, 22nd May 2022	11.15am	Sung Eucharist	Quire	sung by the Choir of Westminster Abbey	Bach Toccata in F BWV 540i
Sunday, 22nd May 2022	3.00pm	Evensong	Quire	sung by the Choir of Westminster Abbey	Bairstow Jesu the very thought of thee
Sunday, 22nd May 2022	3.00pm	Evensong	Quire	sung by the Choir of Westminster Abbey	Clucas Responses
Sunday, 22nd May 2022	3.00pm	Evensong	Quire	sung by the Choir of Westminster Abbey	Howells St Paul's Service
Sunday, 22nd May 2022	3.00pm	Evensong	Quire	sung by the Choir of Westminster Abbey	Stainer How beautiful upon the mountains
Sunday, 22nd May 2022	3.00pm	Evensong	Quire	sung by the Choir of Westminster Abbey	Widor Moderato (Symphonie Romane Op 73)
Tuesday, 24th May 2022	5.00pm	Evensong	Quire	sung by the Lay Vicars	Wesley Si iniquitates observaveris
Tuesday, 24th May 2022	5.00pm	Evensong	Quire	sung by the Lay Vicars	Moore Responses
Tuesday, 24th May 2022	5.00pm	Evensong	Quire	sung by the Lay Vicars	Sumsion in G
Tuesday, 24th May 2022	5.00pm	Evensong	Quire	sung by the Lay Vicars	Walker I will lift up mine eyes
Thursday, 26th May 2022	5.00pm	Sung Eucharist	Quire	sung by the Choir of Westminster Abbey	Mozart Missa in F K192
Thursday, 26th May 2022	5.00pm	Sung Eucharist	Quire	sung by the Choir of Westminster Abbey	Gowers Viri Galilaei
Thursday, 26th May 2022	5.00pm	Sung Eucharist	Quire	sung by the Choir of Westminster Abbey	Guilmant March on a theme of Handel Op 15 no 2
Friday, 27th May 2022	5.00pm	Evensong	Quire	sung by the Choir of Westminster Abbey	Mendelssohn Erhaben, o Herr
Friday, 27th May 2022	5.00pm	Evensong	Quire	sung by the Choir of Westminster Abbey	Rose Responses
Friday, 27th May 2022	5.00pm	Evensong	Quire	sung by the Choir of Westminster Abbey	Palestrina Magnificat quarti toni
Friday, 27th May 2022	5.00pm	Evensong	Quire	sung by the Choir of Westminster Abbey	Victoria Nunc dimittis tertii toni
Friday, 27th May 2022	5.00pm	Evensong	Quire	sung by the Choir of Westminster Abbey	Gibbons O clap your hands together
Saturday, 28th May 2022	5.00pm	Evensong	Quire	sung by the Lay Vicars	Byrd O Rex gloriae
Saturday, 28th May 2022	5.00pm	Evensong	Quire	sung by the Lay Vicars	Byrd and Quinney Responses
Saturday, 28th May 2022	5.00pm	Evensong	Quire	sung by the Lay Vicars	Mundy in three parts
Saturday, 28th May 2022	5.00pm	Evensong	Quire	sung by the Lay Vicars	Tomkins Thou art my King, O God
Saturday, 28th May 2022	5.00pm	Evensong	Quire	sung by the Lay Vicars	Gibbons A Fancy in Gamut Flatt
Sunday, 29th May 2022	10.00am	Matins	Quire	sung by the Lay Vicars	Byrd O Rex gloriae
Sunday, 29th May 2022	10.00am	Matins	Quire	sung by the Lay Vicars	Byrd and Quinney Responses
Sunday, 29th May 2022	10.00am	Matins	Quire	sung by the Lay Vicars	Byrd Te Deum (Short Service)  
Sunday, 29th May 2022	10.00am	Matins	Quire	sung by the Lay Vicars	Moore Jubilate Deo
Sunday, 29th May 2022	10.00am	Matins	Quire	sung by the Lay Vicars	Buxtehude Praeludium in C BuxWV 138
Sunday, 29th May 2022	11.15am	Sung Eucharist	Quire	sung by the Lay Vicars	Palestrina Missa Viri Galilaei
Sunday, 29th May 2022	11.15am	Sung Eucharist	Quire	sung by the Lay Vicars	Byrd Psalite Domino
Sunday, 29th May 2022	11.15am	Sung Eucharist	Quire	sung by the Lay Vicars	Buxtehude Toccata in F BuxWV 156
Sunday, 29th May 2022	3.00pm	Evensong	Quire	sung by the Lay Vicars	Byrd O Rex gloriae
Sunday, 29th May 2022	3.00pm	Evensong	Quire	sung by the Lay Vicars	Byrd and Quinney Responses
Sunday, 29th May 2022	3.00pm	Evensong	Quire	sung by the Lay Vicars	Ward First Service
Sunday, 29th May 2022	3.00pm	Evensong	Quire	sung by the Lay Vicars	Palestrina Viri Galilaei
Sunday, 29th May 2022	3.00pm	Evensong	Quire	sung by the Lay Vicars	Byrd Fantasia in A minor
Monday, 30th May 2022	5.00pm	Evensong	Quire	sung by the Lay Vicars	Poulenc Tout puissant
Monday, 30th May 2022	5.00pm	Evensong	Quire	sung by the Lay Vicars	Moore Responses
Monday, 30th May 2022	5.00pm	Evensong	Quire	sung by the Lay Vicars	Moore First Service
Monday, 30th May 2022	5.00pm	Evensong	Quire	sung by the Lay Vicars	Fauré Cantique de Jean Racine
Tuesday, 31st May 2022	5.00pm	Evensong	Quire	attended by the Honorary Consul for Samoa; sung by the Lay Vicars	Poulenc Salut, Dame Sainte
Tuesday, 31st May 2022	5.00pm	Evensong	Quire	attended by the Honorary Consul for Samoa; sung by the Lay Vicars	Moore Responses
Tuesday, 31st May 2022	5.00pm	Evensong	Quire	attended by the Honorary Consul for Samoa; sung by the Lay Vicars	Victoria Magnificat tertii toni
Tuesday, 31st May 2022	5.00pm	Evensong	Quire	attended by the Honorary Consul for Samoa; sung by the Lay Vicars	plainsong Nunc dimittis
Tuesday, 31st May 2022	5.00pm	Evensong	Quire	attended by the Honorary Consul for Samoa; sung by the Lay Vicars	Guerrero Ave Maria 
Thursday, 2nd June 2022	5.00pm	Evensong	Quire	sung by the Lay Vicars	The National Anthem
Thursday, 2nd June 2022	5.00pm	Evensong	Quire	sung by the Lay Vicars	Moore Responses
Thursday, 2nd June 2022	5.00pm	Evensong	Quire	sung by the Lay Vicars	Ives Westminster Service
Thursday, 2nd June 2022	5.00pm	Evensong	Quire	sung by the Lay Vicars	Moore Behold, O God our defender 
Friday, 3rd June 2022	5.00pm	Evensong	Quire	sung by the Lay Vicars	Poulenc Seigneur, je vous en prie
Friday, 3rd June 2022	5.00pm	Evensong	Quire	sung by the Lay Vicars	Moore Responses
Friday, 3rd June 2022	5.00pm	Evensong	Quire	sung by the Lay Vicars	Viadana Magnificat secundi toni
Friday, 3rd June 2022	5.00pm	Evensong	Quire	sung by the Lay Vicars	Quinney Nunc dimittis tertii toni
Friday, 3rd June 2022	5.00pm	Evensong	Quire	sung by the Lay Vicars	Ives In pace in idipsum
Saturday, 4th June 2022	5.00pm	First Evensong of the Day of Pentecost	Quire	sung by the Lay Vicars	Poulenc Ô mes très chers frères
Saturday, 4th June 2022	5.00pm	First Evensong of the Day of Pentecost	Quire	sung by the Lay Vicars	Moore Responses
Saturday, 4th June 2022	5.00pm	First Evensong of the Day of Pentecost	Quire	sung by the Lay Vicars	Wood in E
Saturday, 4th June 2022	5.00pm	First Evensong of the Day of Pentecost	Quire	sung by the Lay Vicars	Howells My eyes for beauty pine
Saturday, 4th June 2022	5.00pm	First Evensong of the Day of Pentecost	Quire	sung by the Lay Vicars	Harwood Allegro appassionato (Sonata I in C sharp minor Op 5)
Sunday, 5th June 2022	10.00am	Matins	St Margaret's Church	sung by the St Margaret's Consort	Tallis If ye love me
Sunday, 5th June 2022	10.00am	Matins	St Margaret's Church	sung by the St Margaret's Consort	Leighton Responses
Sunday, 5th June 2022	10.00am	Matins	St Margaret's Church	sung by the St Margaret's Consort	Vaughan Williams Te Deum in G
Sunday, 5th June 2022	10.00am	Matins	St Margaret's Church	sung by the St Margaret's Consort	Ireland Jubilate Deo in F
Sunday, 5th June 2022	10.00am	Matins	St Margaret's Church	sung by the St Margaret's Consort	Bach Komm, Gott Schöpfer, Heiliger Geist BWV 667
Sunday, 5th June 2022	11.15am	Sung Eucharist	Quire	sung by the Choir of Westminster Abbey	Palestrina Missa Dum complerentur
Sunday, 5th June 2022	11.15am	Sung Eucharist	Quire	sung by the Choir of Westminster Abbey	Palestrina Dum complerentur
Sunday, 5th June 2022	11.15am	Sung Eucharist	Quire	sung by the Choir of Westminster Abbey	Bach Fantasia super Komm, heiliger Geist BWV 651 
Sunday, 5th June 2022	3.00pm	Evensong	Quire	sung by the Choir of Westminster Abbey	The National Anthem
Sunday, 5th June 2022	3.00pm	Evensong	Quire	sung by the Choir of Westminster Abbey	Rose Responses
Sunday, 5th June 2022	3.00pm	Evensong	Quire	sung by the Choir of Westminster Abbey	Howells Collegium Regale
Sunday, 5th June 2022	3.00pm	Evensong	Quire	sung by the Choir of Westminster Abbey	Howells Te Deum (Collegium Regale)
Sunday, 5th June 2022	3.00pm	Evensong	Quire	sung by the Choir of Westminster Abbey	Litaize Toccata sur le Veni Creator
Monday, 6th June 2022	5.00pm	Evensong	Quire	sung by the Choristers	plainsong Veni Creator Spiritus
Monday, 6th June 2022	5.00pm	Evensong	Quire	sung by the Choristers	plainsong Responses
Monday, 6th June 2022	5.00pm	Evensong	Quire	sung by the Choristers	Vaughan Williams in D
Monday, 6th June 2022	5.00pm	Evensong	Quire	sung by the Choristers	Vaughan Williams The Song of the Tree of Life
Tuesday, 7th June 2022	5.00pm	Evensong	Quire	sung by the Choir of Westminster Abbey	Tallis O Lord, give thy Holy Spirit
Tuesday, 7th June 2022	5.00pm	Evensong	Quire	sung by the Choir of Westminster Abbey	Radcliffe Responses
Tuesday, 7th June 2022	5.00pm	Evensong	Quire	sung by the Choir of Westminster Abbey	Morley First Service
Tuesday, 7th June 2022	5.00pm	Evensong	Quire	sung by the Choir of Westminster Abbey	Byrd Sing joyfully
Thursday, 9th June 2022	5.00pm	Evensong	Quire	in thanksgiving for the life and work of Archbishop Desmond Tutu	Elgar Ecce sacerdos magnus
Thursday, 9th June 2022	5.00pm	Evensong	Quire	in thanksgiving for the life and work of Archbishop Desmond Tutu	Radcliffe Responses
Thursday, 9th June 2022	5.00pm	Evensong	Quire	in thanksgiving for the life and work of Archbishop Desmond Tutu	Dyson in D
Thursday, 9th June 2022	5.00pm	Evensong	Quire	in thanksgiving for the life and work of Archbishop Desmond Tutu	Dove Gloria in excelsis Deo (Missa brevis)
Friday, 10th June 2022	5.00pm	Evensong	Quire	sung by the Choir of Westminster Abbey	Tallis If ye love me
Friday, 10th June 2022	5.00pm	Evensong	Quire	sung by the Choir of Westminster Abbey	Radcliffe Responses
Friday, 10th June 2022	5.00pm	Evensong	Quire	sung by the Choir of Westminster Abbey	Tallis Magnificat and Nunc dimittis ocatvi toni
Friday, 10th June 2022	5.00pm	Evensong	Quire	sung by the Choir of Westminster Abbey	Byrd Praise our Lord, all ye gentiles
Saturday, 11th June 2022	5.00pm	First Evensong of Trinity Sunday	Quire	sung by the Choir of Westminster Abbey	Tallis If ye love me
Saturday, 11th June 2022	5.00pm	First Evensong of Trinity Sunday	Quire	sung by the Choir of Westminster Abbey	Radcliffe Responses
Saturday, 11th June 2022	5.00pm	First Evensong of Trinity Sunday	Quire	sung by the Choir of Westminster Abbey	Mathias Jesus College Service
Saturday, 11th June 2022	5.00pm	First Evensong of Trinity Sunday	Quire	sung by the Choir of Westminster Abbey	Philips Tibi laus tibi gloria
Saturday, 11th June 2022	5.00pm	First Evensong of Trinity Sunday	Quire	sung by the Choir of Westminster Abbey	Bach Fugue in E flat BWV 552ii
Sunday, 12th June 2022	10.00am	Matins	Quire	sung by the Choir of Westminster Abbey	Sheppard Libera nos salva nos
Sunday, 12th June 2022	10.00am	Matins	Quire	sung by the Choir of Westminster Abbey	Radcliffe Responses
Sunday, 12th June 2022	10.00am	Matins	Quire	sung by the Choir of Westminster Abbey	Gibbons Short Service
Sunday, 12th June 2022	10.00am	Matins	Quire	sung by the Choir of Westminster Abbey	Bach Pièce d'orgue BWV 572
Sunday, 12th June 2022	11.15am	Sung Eucharist	Quire	sung by the Choir of Westminster Abbey	Vierne Messe solennelle
Sunday, 12th June 2022	11.15am	Sung Eucharist	Quire	sung by the Choir of Westminster Abbey	Bairstow Let all mortal flesh keep silence
Sunday, 12th June 2022	11.15am	Sung Eucharist	Quire	sung by the Choir of Westminster Abbey	Stanford Allegro maestoso (Organ Sonata IV Op 153 'Celtica')
Sunday, 12th June 2022	3.00pm	Evensong	Quire	sung by the Choir of Westminster Abbey	Sheppard Libera nos salva nos
Sunday, 12th June 2022	3.00pm	Evensong	Quire	sung by the Choir of Westminster Abbey	Radcliffe Responses
Sunday, 12th June 2022	3.00pm	Evensong	Quire	sung by the Choir of Westminster Abbey	Howells in G
Sunday, 12th June 2022	3.00pm	Evensong	Quire	sung by the Choir of Westminster Abbey	Stainer I saw the Lord
Sunday, 12th June 2022	3.00pm	Evensong	Quire	sung by the Choir of Westminster Abbey	Tomkins Gloria tibi Trinitas 
Monday, 13th June 2022	5.00pm	Evensong	Quire	sung by the Lay Vicars	Lassus Tibi laus tibi gloria
Monday, 13th June 2022	5.00pm	Evensong	Quire	sung by the Lay Vicars	Tallis Responses
Monday, 13th June 2022	5.00pm	Evensong	Quire	sung by the Lay Vicars	Morley Second Service
Monday, 13th June 2022	5.00pm	Evensong	Quire	sung by the Lay Vicars	Tallis Honor virtus et potestas
Tuesday, 14th June 2022	5.00pm	Evensong	Quire	sung by the Choir of Westminster Abbey	Farrant Lord, for thy tender mercy's sake 
Tuesday, 14th June 2022	5.00pm	Evensong	Quire	sung by the Choir of Westminster Abbey	Ayleward Responses
Tuesday, 14th June 2022	5.00pm	Evensong	Quire	sung by the Choir of Westminster Abbey	Wise in E flat
Tuesday, 14th June 2022	5.00pm	Evensong	Quire	sung by the Choir of Westminster Abbey	Hooper Behold, it is Christ
Thursday, 16th June 2022	5.00pm	Sung Eucharist	Quire	sung by the Choir of Westminster Abbey	Josquin Missa Pange lingua
Thursday, 16th June 2022	5.00pm	Sung Eucharist	Quire	sung by the Choir of Westminster Abbey	Victoria Lauda Sion salvatorem
Thursday, 16th June 2022	5.00pm	Sung Eucharist	Quire	sung by the Choir of Westminster Abbey	Bach O Lamm Gottes unschuldig BWV 656
Friday, 17th June 2022	5.00pm	Evensong	Quire	sung by the Lay Vicars	plainsong O lux beata Trinitas
Friday, 17th June 2022	5.00pm	Evensong	Quire	sung by the Lay Vicars	plainsong Responses
Friday, 17th June 2022	5.00pm	Evensong	Quire	sung by the Lay Vicars	Lassus Magnificat octavi toni
Friday, 17th June 2022	5.00pm	Evensong	Quire	sung by the Lay Vicars	Andreas Nunc dimittis tertii toni
Friday, 17th June 2022	5.00pm	Evensong	Quire	sung by the Lay Vicars	White The Lord bless us and keep us
Saturday, 18th June 2022	5.00pm	Evensong	Quire	sung by the Choir of Westminster Abbey	Farrant Lord, for thy tender mercy's sake
Saturday, 18th June 2022	5.00pm	Evensong	Quire	sung by the Choir of Westminster Abbey	Ayleward Responses
Saturday, 18th June 2022	5.00pm	Evensong	Quire	sung by the Choir of Westminster Abbey	Purcell in G minor
Saturday, 18th June 2022	5.00pm	Evensong	Quire	sung by the Choir of Westminster Abbey	Harris Bring us, O Lord God
Sunday, 19th June 2022	10.00am	Matins	Quire	sung by the Choir of Westminster Abbey	Farrant Lord, for thy tender mercy's sake
Sunday, 19th June 2022	10.00am	Matins	Quire	sung by the Choir of Westminster Abbey	Ayleward Responses
Sunday, 19th June 2022	10.00am	Matins	Quire	sung by the Choir of Westminster Abbey	Boyce in C
Sunday, 19th June 2022	10.00am	Matins	Quire	sung by the Choir of Westminster Abbey	Boyce Voluntary in D
Sunday, 19th June 2022	11.15am	Sung Eucharist	Quire	sung by the Choir of Westminster Abbey	Vaughan Williams Mass in G minor
Sunday, 19th June 2022	11.15am	Sung Eucharist	Quire	sung by the Choir of Westminster Abbey	Vaughan Williams O taste and see
Sunday, 19th June 2022	11.15am	Sung Eucharist	Quire	sung by the Choir of Westminster Abbey	Widor Allegro vivace (Symphonie V Op 42 no 1)
Sunday, 19th June 2022	3.00pm	Evensong	Quire	sung by the Choir of Westminster Abbey	Farrant Lord, for thy tender mercy's sake 
Sunday, 19th June 2022	3.00pm	Evensong	Quire	sung by the Choir of Westminster Abbey	Ayleward Responses
Sunday, 19th June 2022	3.00pm	Evensong	Quire	sung by the Choir of Westminster Abbey	Blair in B minor
Sunday, 19th June 2022	3.00pm	Evensong	Quire	sung by the Choir of Westminster Abbey	Brahms Wie lieblich sind deine Wohnungen
Sunday, 19th June 2022	3.00pm	Evensong	Quire	sung by the Choir of Westminster Abbey	Mendelssohn Allegro con brio (Sonata in B flat Op 65 no 4)
Monday, 20th June 2022	5.00pm	Evensong	Quire	sung by the Choir of Liverpool Metropolitan Cathedral	ferial Responses
Monday, 20th June 2022	5.00pm	Evensong	Quire	sung by the Choir of Liverpool Metropolitan Cathedral	Stanford in G
Monday, 20th June 2022	5.00pm	Evensong	Quire	sung by the Choir of Liverpool Metropolitan Cathedral	Viadana Exultate justi in Domino
Tuesday, 21st June 2022	5.00pm	Evensong	Quire	sung by The Choir of Westminster School	Garrard The School Prayer
Tuesday, 21st June 2022	5.00pm	Evensong	Quire	sung by The Choir of Westminster School	Ayleward Responses
Tuesday, 21st June 2022	5.00pm	Evensong	Quire	sung by The Choir of Westminster School	Walmisley in D minor
Tuesday, 21st June 2022	5.00pm	Evensong	Quire	sung by The Choir of Westminster School	Brahms Geistliches Lied
Thursday, 23rd June 2022	5.00pm	First Evensong of the Birth of St John the Baptist	Quire	sung by the Choir of Westminster Abbey	Guerrero Canite tuba in Sion
Thursday, 23rd June 2022	5.00pm	First Evensong of the Birth of St John the Baptist	Quire	sung by the Choir of Westminster Abbey	Tomkins Responses
Thursday, 23rd June 2022	5.00pm	First Evensong of the Birth of St John the Baptist	Quire	sung by the Choir of Westminster Abbey	Murrill in E
Thursday, 23rd June 2022	5.00pm	First Evensong of the Birth of St John the Baptist	Quire	sung by the Choir of Westminster Abbey	Gibbons This is the record of John
Friday, 24th June 2022	5.00pm	Evensong	Quire	attended by a representative of the High Commissioner for Mozambique; sung by the Choir of Westminster Abbey	Guerrero Canite tuba
Friday, 24th June 2022	5.00pm	Evensong	Quire	attended by a representative of the High Commissioner for Mozambique; sung by the Choir of Westminster Abbey	Tomkins Responses
Friday, 24th June 2022	5.00pm	Evensong	Quire	attended by a representative of the High Commissioner for Mozambique; sung by the Choir of Westminster Abbey	Marenzio Magnificat octavi toni
Friday, 24th June 2022	5.00pm	Evensong	Quire	attended by a representative of the High Commissioner for Mozambique; sung by the Choir of Westminster Abbey	Gabrieli Nunc dimittis a 14
Friday, 24th June 2022	5.00pm	Evensong	Quire	attended by a representative of the High Commissioner for Mozambique; sung by the Choir of Westminster Abbey	Byrd Benedictus (Great Service)
Saturday, 25th June 2022	5.00pm	Evensong	Quire	sung by the Choir of Westminster Abbey	Bairstow I sat down under his shadow
Saturday, 25th June 2022	5.00pm	Evensong	Quire	sung by the Choir of Westminster Abbey	Tomkins Responses
Saturday, 25th June 2022	5.00pm	Evensong	Quire	sung by the Choir of Westminster Abbey	Mundy Service 'in medio chori'
Saturday, 25th June 2022	5.00pm	Evensong	Quire	sung by the Choir of Westminster Abbey	Philips Jubilate Deo
Sunday, 26th June 2022	11.15am	Sung Eucharist with Confirmation	Quire	sung by the Choir of Westminster Abbey	Grier Missa Trinitatis Sanctae
Sunday, 26th June 2022	11.15am	Sung Eucharist with Confirmation	Quire	sung by the Choir of Westminster Abbey	Elgar O hearken thou
Sunday, 26th June 2022	11.15am	Sung Eucharist with Confirmation	Quire	sung by the Choir of Westminster Abbey	Debussy arr Hirsch Danse
Sunday, 26th June 2022	3.00pm	Evensong	Quire	sung by the Choir of Westminster Abbey	Bairstow I sat down under his shadow
Sunday, 26th June 2022	3.00pm	Evensong	Quire	sung by the Choir of Westminster Abbey	Tomkins Responses
Sunday, 26th June 2022	3.00pm	Evensong	Quire	sung by the Choir of Westminster Abbey	Wesley in E
Sunday, 26th June 2022	3.00pm	Evensong	Quire	sung by the Choir of Westminster Abbey	Wesley Thou wilt keep him in perfect peace
Sunday, 26th June 2022	3.00pm	Evensong	Quire	sung by the Choir of Westminster Abbey	Harris Flourish for an Occasion
Monday, 27th June 2022	5.00pm	Evensong	Quire	sung by the Lay Vicars	plainsong O lux beata Trinitas 
Monday, 27th June 2022	5.00pm	Evensong	Quire	sung by the Lay Vicars	plainsong Responses
Monday, 27th June 2022	5.00pm	Evensong	Quire	sung by the Lay Vicars	Tallis Short Service
Monday, 27th June 2022	5.00pm	Evensong	Quire	sung by the Lay Vicars	Tallis In pace in idipsum
Tuesday, 28th June 2022	5.00pm	First Evensong of St Peter	Quire	sung by the Choir of Westminster Abbey	Tallis Mihi autem nimis
Tuesday, 28th June 2022	5.00pm	First Evensong of St Peter	Quire	sung by the Choir of Westminster Abbey	Byrd Responses
Tuesday, 28th June 2022	5.00pm	First Evensong of St Peter	Quire	sung by the Choir of Westminster Abbey	Weelkes Service 'for trebles'
Tuesday, 28th June 2022	5.00pm	First Evensong of St Peter	Quire	sung by the Choir of Westminster Abbey	Gibbons Almighty God, who by thy Son
Wednesday, 29th June 2022	5.00pm	Sung Eucharist	Quire	sung by the Choir of Westminster Abbey	MacMillan Mass of St Edward the Confessor (world première)
Wednesday, 29th June 2022	5.00pm	Sung Eucharist	Quire	sung by the Choir of Westminster Abbey	Palestrina Tu es Petrus
Wednesday, 29th June 2022	5.00pm	Sung Eucharist	Quire	sung by the Choir of Westminster Abbey	MacMillan Toccata
Friday, 1st July 2022	5.00pm	Evensong	Quire	attended by HE The High Commissioner for Canada; sung by the Choir of Westminster Abbey	Clucas O sing unto the Lord
Friday, 1st July 2022	5.00pm	Evensong	Quire	attended by HE The High Commissioner for Canada; sung by the Choir of Westminster Abbey	Byrd Responses
Friday, 1st July 2022	5.00pm	Evensong	Quire	attended by HE The High Commissioner for Canada; sung by the Choir of Westminster Abbey	Byrd Third Service
Friday, 1st July 2022	5.00pm	Evensong	Quire	attended by HE The High Commissioner for Canada; sung by the Choir of Westminster Abbey	Byrd Prevent us, O Lord
Saturday, 2nd July 2022	5.00pm	Evensong	Quire	sung by the Choir of Westminster Abbey	Clucas O sing unto the Lord
Saturday, 2nd July 2022	5.00pm	Evensong	Quire	sung by the Choir of Westminster Abbey	Byrd Responses
Saturday, 2nd July 2022	5.00pm	Evensong	Quire	sung by the Choir of Westminster Abbey	Jackson in G
Saturday, 2nd July 2022	5.00pm	Evensong	Quire	sung by the Choir of Westminster Abbey	Leighton Let all the world in every corner sing
Sunday, 3rd July 2022	11.00am	Matins	Quire	attended in civic state by The Lord Mayor of Westminster; sung by the Choir of Westminster Abbey	Bruckner Locus iste
Sunday, 3rd July 2022	11.00am	Matins	Quire	attended in civic state by The Lord Mayor of Westminster; sung by the Choir of Westminster Abbey	Byrd Responses
Sunday, 3rd July 2022	11.00am	Matins	Quire	attended in civic state by The Lord Mayor of Westminster; sung by the Choir of Westminster Abbey	Walton Coronation Te Deum
Sunday, 3rd July 2022	11.00am	Matins	Quire	attended in civic state by The Lord Mayor of Westminster; sung by the Choir of Westminster Abbey	Britten Jubilate in C
Sunday, 3rd July 2022	11.00am	Matins	Quire	attended in civic state by The Lord Mayor of Westminster; sung by the Choir of Westminster Abbey	Monteverdi Nisi Dominus
Sunday, 3rd July 2022	11.00am	Matins	Quire	attended in civic state by The Lord Mayor of Westminster; sung by the Choir of Westminster Abbey	Vierne Carillon de Westminster Op 54 no 6
Sunday, 3rd July 2022	3.00pm	Evensong	Quire	sung by the Choir of Westminster Abbey	Bruckner Locus iste
Sunday, 3rd July 2022	3.00pm	Evensong	Quire	sung by the Choir of Westminster Abbey	Byrd Responses
Sunday, 3rd July 2022	3.00pm	Evensong	Quire	sung by the Choir of Westminster Abbey	Howells Westminster Service
Sunday, 3rd July 2022	3.00pm	Evensong	Quire	sung by the Choir of Westminster Abbey	Bairstow Blessed city, heavenly Salem
Sunday, 3rd July 2022	3.00pm	Evensong	Quire	sung by the Choir of Westminster Abbey	Pott Toccata
Monday, 4th July 2022	5.00pm	Evensong	Quire	attended by the London Diocesan Board for Schools; sung by the Choristers	Hurford Litany to the Holy Spirit
Monday, 4th July 2022	5.00pm	Evensong	Quire	attended by the London Diocesan Board for Schools; sung by the Choristers	plainsong Responses
Monday, 4th July 2022	5.00pm	Evensong	Quire	attended by the London Diocesan Board for Schools; sung by the Choristers	Martin Westminster Service
Monday, 4th July 2022	5.00pm	Evensong	Quire	attended by the London Diocesan Board for Schools; sung by the Choristers	Handel Let the bright seraphim
Tuesday, 5th July 2022	5.00pm	Evensong	Quire	attended by HE The High Commissioner for Rwanda; sung by the Choir of Westminster Abbey	Palestrina Exaltabo te Domine
Tuesday, 5th July 2022	5.00pm	Evensong	Quire	attended by HE The High Commissioner for Rwanda; sung by the Choir of Westminster Abbey	Smith Responses
Tuesday, 5th July 2022	5.00pm	Evensong	Quire	attended by HE The High Commissioner for Rwanda; sung by the Choir of Westminster Abbey	Purcell in B flat
Tuesday, 5th July 2022	5.00pm	Evensong	Quire	attended by HE The High Commissioner for Rwanda; sung by the Choir of Westminster Abbey	Blow God is our hope and strength
Thursday, 7th July 2022	5.00pm	Evensong	Quire	sung by the Choir of Westminster Abbey	Palestrina Exaltabo te Domine
Thursday, 7th July 2022	5.00pm	Evensong	Quire	sung by the Choir of Westminster Abbey	Smith Responses
Thursday, 7th July 2022	5.00pm	Evensong	Quire	sung by the Choir of Westminster Abbey	Hooper Full Service
Thursday, 7th July 2022	5.00pm	Evensong	Quire	sung by the Choir of Westminster Abbey	Pärt The Beatitudes
Friday, 8th July 2022	5.00pm	Evensong	Quire	attended by HE The High Commissioner for Malawi; sung by the Choir of Westminster Abbey	Palestrina Exaltabo te Domine
Friday, 8th July 2022	5.00pm	Evensong	Quire	attended by HE The High Commissioner for Malawi; sung by the Choir of Westminster Abbey	Smith Responses
Friday, 8th July 2022	5.00pm	Evensong	Quire	attended by HE The High Commissioner for Malawi; sung by the Choir of Westminster Abbey	Gray in F minor
Friday, 8th July 2022	5.00pm	Evensong	Quire	attended by HE The High Commissioner for Malawi; sung by the Choir of Westminster Abbey	Harris Faire is the heaven
Saturday, 9th July 2022	5.00pm	Evensong	Quire	sung by the Choir of Westminster Abbey	Palestrina Exaltabo te Domine
Saturday, 9th July 2022	5.00pm	Evensong	Quire	sung by the Choir of Westminster Abbey	Smith Responses
Saturday, 9th July 2022	5.00pm	Evensong	Quire	sung by the Choir of Westminster Abbey	Leighton Second Service
Saturday, 9th July 2022	5.00pm	Evensong	Quire	sung by the Choir of Westminster Abbey	Elgar Give unto the Lord
Saturday, 9th July 2022	5.00pm	Evensong	Quire	sung by the Choir of Westminster Abbey	Eben Finale (Sunday Music)
Sunday, 10th July 2022	10.00am	Matins	Quire	sung by the Choir of Westminster Abbey	Palestrina Exaltabo te Domine
Sunday, 10th July 2022	10.00am	Matins	Quire	sung by the Choir of Westminster Abbey	Rose Responses
Sunday, 10th July 2022	10.00am	Matins	Quire	sung by the Choir of Westminster Abbey	Howells Collegium Regale
Sunday, 10th July 2022	10.00am	Matins	Quire	sung by the Choir of Westminster Abbey	Howells Rhapsody IV
Sunday, 10th July 2022	11.15am	Sung Eucharist	Quire	sung by the Choir of Westminster Abbey	Palestrina Missa Papae Marcelli
Sunday, 10th July 2022	11.15am	Sung Eucharist	Quire	sung by the Choir of Westminster Abbey	Byrd Ave verum corpus
Sunday, 10th July 2022	11.15am	Sung Eucharist	Quire	sung by the Choir of Westminster Abbey	Bach Toccata and Fugue in D minor BWV 565
Sunday, 10th July 2022	3.00pm	Evensong with Valediction of Choristers	Quire	sung by the Choir of Westminster Abbey	Tallis In manus tuas Domine
Sunday, 10th July 2022	3.00pm	Evensong with Valediction of Choristers	Quire	sung by the Choir of Westminster Abbey	Rose Responses
Sunday, 10th July 2022	3.00pm	Evensong with Valediction of Choristers	Quire	sung by the Choir of Westminster Abbey	Howells Gloucester Service
Sunday, 10th July 2022	3.00pm	Evensong with Valediction of Choristers	Quire	sung by the Choir of Westminster Abbey	Parry Blest pair of sirens
Sunday, 10th July 2022	3.00pm	Evensong with Valediction of Choristers	Quire	sung by the Choir of Westminster Abbey	Walton arr McKie Orb and Sceptre
Monday, 11th July 2022	5.00pm	Evensong	Quire	attended by HE The High Commissioner for the Bahamas; sung by the Choir of St Mary's Church, Wimbledon	Reading Responses
Monday, 11th July 2022	5.00pm	Evensong	Quire	attended by HE The High Commissioner for the Bahamas; sung by the Choir of St Mary's Church, Wimbledon	Purcell in E minor
Monday, 11th July 2022	5.00pm	Evensong	Quire	attended by HE The High Commissioner for the Bahamas; sung by the Choir of St Mary's Church, Wimbledon	Schütz So fahr ich hin zu Jesu Christ
Friday, 15th July 2022	5.00pm	Evensong with Installation of Members of College	Quire	sung by the Happenstance Singers	Smith Responses
Friday, 15th July 2022	5.00pm	Evensong with Installation of Members of College	Quire	sung by the Happenstance Singers	Stanford in B flat
Friday, 15th July 2022	5.00pm	Evensong with Installation of Members of College	Quire	sung by the Happenstance Singers	Howells Like as the hart
Saturday, 16th July 2022	5.00pm	Evensong	Quire	sung by St Wulfram's Church Choir, Grantham	Leighton Responses
Saturday, 16th July 2022	5.00pm	Evensong	Quire	sung by St Wulfram's Church Choir, Grantham	Jackson in G
Saturday, 16th July 2022	5.00pm	Evensong	Quire	sung by St Wulfram's Church Choir, Grantham	Sumsion They that go down to the sea in ships
Saturday, 16th July 2022	5.00pm	Evensong	Quire	sung by St Wulfram's Church Choir, Grantham	Mendelssohn Allegro, Chorale, and Fugue
Sunday, 17th July 2022	11.15am	Sung Eucharist	Quire	sung by the Choir of Queens' College, Cambridge	Howells Collegium Regale
Sunday, 17th July 2022	11.15am	Sung Eucharist	Quire	sung by the Choir of Queens' College, Cambridge	Stanford Beati quorum via
Sunday, 17th July 2022	11.15am	Sung Eucharist	Quire	sung by the Choir of Queens' College, Cambridge	Bach Prelude in B minor BWV 544i
Sunday, 17th July 2022	3.00pm	Evensong	Quire	sung by the Choir of Queens' College, Cambridge	Clucas Responses
Sunday, 17th July 2022	3.00pm	Evensong	Quire	sung by the Choir of Queens' College, Cambridge	Dyson in F
Sunday, 17th July 2022	3.00pm	Evensong	Quire	sung by the Choir of Queens' College, Cambridge	Wood O thou the central orb
Sunday, 17th July 2022	3.00pm	Evensong	Quire	sung by the Choir of Queens' College, Cambridge	Franck Pièce héroïque
Monday, 18th July 2022	5.00pm	Evensong	Quire	sung by the choir of the University of the South, Sewanee, Tennessee, USA	Smith Responses
Monday, 18th July 2022	5.00pm	Evensong	Quire	sung by the choir of the University of the South, Sewanee, Tennessee, USA	Friedell in F
Monday, 18th July 2022	5.00pm	Evensong	Quire	sung by the choir of the University of the South, Sewanee, Tennessee, USA	Weber Blessed are the poor in spirit
Tuesday, 19th July 2022	5.00pm	Evensong	Quire	sung by the choir of the University of the South, Sewanee, Tennessee, USA	Smith Responses
Tuesday, 19th July 2022	5.00pm	Evensong	Quire	sung by the choir of the University of the South, Sewanee, Tennessee, USA	Hogan Mount Saint Alban Service
Tuesday, 19th July 2022	5.00pm	Evensong	Quire	sung by the choir of the University of the South, Sewanee, Tennessee, USA	Pärt Littlemore Tractus
Wednesday, 20th July 2022	5.00pm	Evensong	St Margaret's Church	sung by the St Margaret's Consort	Harris Holy is the true light
Wednesday, 20th July 2022	5.00pm	Evensong	St Margaret's Church	sung by the St Margaret's Consort	Leighton Responses
Wednesday, 20th July 2022	5.00pm	Evensong	St Margaret's Church	sung by the St Margaret's Consort	Purcell in G minor
Wednesday, 20th July 2022	5.00pm	Evensong	St Margaret's Church	sung by the St Margaret's Consort	Byrd O quam gloriosum
Thursday, 21st July 2022	5.00pm	Evensong	Quire	sung by the choir of the University of the South, Sewanee, Tennessee, USA	Smith Responses
Thursday, 21st July 2022	5.00pm	Evensong	Quire	sung by the choir of the University of the South, Sewanee, Tennessee, USA	Purcell in G minor
Thursday, 21st July 2022	5.00pm	Evensong	Quire	sung by the choir of the University of the South, Sewanee, Tennessee, USA	Miller Lord, thee I love with all my heart
Friday, 22nd July 2022	5.00pm	Evensong	Quire	sung by the choir of the University of the South, Sewanee, Tennessee, USA	Smith Responses
Friday, 22nd July 2022	5.00pm	Evensong	Quire	sung by the choir of the University of the South, Sewanee, Tennessee, USA	Tomkins Fifth Service
Friday, 22nd July 2022	5.00pm	Evensong	Quire	sung by the choir of the University of the South, Sewanee, Tennessee, USA	Dirksen Sing, ye faithful, sing with gladness
Friday, 22nd July 2022	6.30pm	Sung Eucharist of Our Lady of Pew	Quire	sung by the Laycock Scholars	Palestrina Missa Papae Marcelli
Friday, 22nd July 2022	6.30pm	Sung Eucharist of Our Lady of Pew	Quire	sung by the Laycock Scholars	Lassus Alma Redemptoris Mater a 8
Friday, 22nd July 2022	6.30pm	Sung Eucharist of Our Lady of Pew	Quire	sung by the Laycock Scholars	Wylkynson Salve Regina caeli a 9
Friday, 22nd July 2022	6.30pm	Sung Eucharist of Our Lady of Pew	Quire	sung by the Laycock Scholars	Clemens non Papa Ego flos campi
Friday, 22nd July 2022	6.30pm	Sung Eucharist of Our Lady of Pew	Quire	sung by the Laycock Scholars	Buxtehude Magnificat primi toni BuxWV 203
Saturday, 23rd July 2022	5.00pm	Evensong	Quire	sung by the choir of the University of the South, Sewanee, Tennessee, USA	Smith Responses
Saturday, 23rd July 2022	5.00pm	Evensong	Quire	sung by the choir of the University of the South, Sewanee, Tennessee, USA	Ešenvalds Merton College Service
Saturday, 23rd July 2022	5.00pm	Evensong	Quire	sung by the choir of the University of the South, Sewanee, Tennessee, USA	Moore I believe this is Jesus
Saturday, 23rd July 2022	5.00pm	Evensong	Quire	sung by the choir of the University of the South, Sewanee, Tennessee, USA	Pärt Pari intervallo
Sunday, 24th July 2022	11.15am	Sung Eucharist	Quire	sung by the choir of the University of the South, Sewanee, Tennessee, USA	Palestrina Missa Papae Marcelli 
Sunday, 24th July 2022	11.15am	Sung Eucharist	Quire	sung by the choir of the University of the South, Sewanee, Tennessee, USA	Hurd Love bade me welcome
Sunday, 24th July 2022	11.15am	Sung Eucharist	Quire	sung by the choir of the University of the South, Sewanee, Tennessee, USA	Bach Fantasia and Fugue in G minor BWV 542
Sunday, 24th July 2022	3.00pm	Evensong	Quire	sung by the choir of the University of the South, Sewanee, Tennessee, USA	Smith Responses
Sunday, 24th July 2022	3.00pm	Evensong	Quire	sung by the choir of the University of the South, Sewanee, Tennessee, USA	Rubbra in A flat
Sunday, 24th July 2022	3.00pm	Evensong	Quire	sung by the choir of the University of the South, Sewanee, Tennessee, USA	Rorem Mercy and truth are met together
Sunday, 24th July 2022	3.00pm	Evensong	Quire	sung by the choir of the University of the South, Sewanee, Tennessee, USA	Stanford Fantasia and Toccata in D minor Op 57
Sunday, 31st July 2022	11.15am	Sung Eucharist	Quire	sung by the Vocatus Ensemble	Mozart Missa brevis in C K220 'Spatzenmesse'
Sunday, 31st July 2022	11.15am	Sung Eucharist	Quire	sung by the Vocatus Ensemble	Harris Behold, the tabernacle of God
Sunday, 31st July 2022	11.15am	Sung Eucharist	Quire	sung by the Vocatus Ensemble	Bach Prelude and Fugue in A minor BWV 543
Sunday, 31st July 2022	3.00pm	Evensong	Quire	sung by the Vocatus Ensemble	Radcliffe Responses
Sunday, 31st July 2022	3.00pm	Evensong	Quire	sung by the Vocatus Ensemble	Stanford in C
Sunday, 31st July 2022	3.00pm	Evensong	Quire	sung by the Vocatus Ensemble	Bach O Jesu Christ, meins Lebens Licht
Sunday, 31st July 2022	3.00pm	Evensong	Quire	sung by the Vocatus Ensemble	Schumann Mäßig, nach und nach schneller (Six fugues on BACH Op 60)
Monday, 1st August 2022	5.00pm	Evensong	Quire	sung by a choral ensemble of the University of Tennessee, USA	Jackson Responses
Monday, 1st August 2022	5.00pm	Evensong	Quire	sung by a choral ensemble of the University of Tennessee, USA	Hawes in D
Monday, 1st August 2022	5.00pm	Evensong	Quire	sung by a choral ensemble of the University of Tennessee, USA	Gjeilo Sanctus
Saturday, 6th August 2022	5.00pm	Evensong	Quire	sung by St Clement's Church Choir, Sandwich	Smith Responses
Saturday, 6th August 2022	5.00pm	Evensong	Quire	sung by St Clement's Church Choir, Sandwich	Wood in E flat No 2
Saturday, 6th August 2022	5.00pm	Evensong	Quire	sung by St Clement's Church Choir, Sandwich	Tallis O nata lux de lumine
Sunday, 7th August 2022	11.15am	Sung Eucharist	Quire	sung by the Choir of The Queen's College, Oxford	Mozart Missa brevis in D K194
Sunday, 7th August 2022	11.15am	Sung Eucharist	Quire	sung by the Choir of The Queen's College, Oxford	Lauridsen O nata lux de lumine
Sunday, 7th August 2022	11.15am	Sung Eucharist	Quire	sung by the Choir of The Queen's College, Oxford	Bach Allegro (Sonata in D Wq 70/5 H 86)
Sunday, 7th August 2022	3.00pm	Evensong	Quire	sung by the Choir of The Queen's College, Oxford	Radcliffe Responses
Sunday, 7th August 2022	3.00pm	Evensong	Quire	sung by the Choir of The Queen's College, Oxford	Stanford in A
Sunday, 7th August 2022	3.00pm	Evensong	Quire	sung by the Choir of The Queen's College, Oxford	Brahms Wie lieblich sind deine Wohnungen
Sunday, 7th August 2022	3.00pm	Evensong	Quire	sung by the Choir of The Queen's College, Oxford	Franck Pastorale Op 19
Saturday, 13th August 2022	5.00pm	Evensong	Quire	sung by the Choir of St George's Church Bloomsbury	Shephard Responses
Saturday, 13th August 2022	5.00pm	Evensong	Quire	sung by the Choir of St George's Church Bloomsbury	Jackson in G
Saturday, 13th August 2022	5.00pm	Evensong	Quire	sung by the Choir of St George's Church Bloomsbury	Bairstow Lord, thou hast been our refuge
Saturday, 13th August 2022	5.00pm	Evensong	Quire	sung by the Choir of St George's Church Bloomsbury	Jackson Toccata Op 16i
Sunday, 14th August 2022	11.15am	Sung Eucharist	Quire	sung by the Choir of St Luke's Church, Chelsea	Darke in A minor\t
Sunday, 14th August 2022	11.15am	Sung Eucharist	Quire	sung by the Choir of St Luke's Church, Chelsea	Elgar Ave verum corpus
Sunday, 14th August 2022	11.15am	Sung Eucharist	Quire	sung by the Choir of St Luke's Church, Chelsea	Buxtehude Praeludium in C BuxWV 136
Sunday, 14th August 2022	3.00pm	Evensong	Quire	sung by the Choir of St Luke's Church, Chelsea	Radcliffe Responses
Sunday, 14th August 2022	3.00pm	Evensong	Quire	sung by the Choir of St Luke's Church, Chelsea	Dyson in F
Sunday, 14th August 2022	3.00pm	Evensong	Quire	sung by the Choir of St Luke's Church, Chelsea	Hogan Hear my prayer
Sunday, 14th August 2022	3.00pm	Evensong	Quire	sung by the Choir of St Luke's Church, Chelsea	Parry Chorale Fantasia on The Old Hundredth
Monday, 15th August 2022	5.00pm	Sung Eucharist	Quire	sung by Collegium Vocale	Byrd Mass for four voices
Monday, 15th August 2022	5.00pm	Sung Eucharist	Quire	sung by Collegium Vocale	Grieg Ave Maris Stella
Monday, 15th August 2022	5.00pm	Sung Eucharist	Quire	sung by Collegium Vocale	Bach Fuga sopra il Magnificat BWV 733
Tuesday, 16th August 2022	5.00pm	Evensong	Quire	sung by the Choir of the Southwestern Adventist University, Texas, USA	Radcliffe Responses
Tuesday, 16th August 2022	5.00pm	Evensong	Quire	sung by the Choir of the Southwestern Adventist University, Texas, USA	Helvey in B flat
Tuesday, 16th August 2022	5.00pm	Evensong	Quire	sung by the Choir of the Southwestern Adventist University, Texas, USA	Stopford The Lord is my Shepherd
Thursday, 18th August 2022	5.00pm	Evensong	Quire	marking the eve of World Humanitarian Day; sung by Cantandum	Smith Responses
Thursday, 18th August 2022	5.00pm	Evensong	Quire	marking the eve of World Humanitarian Day; sung by Cantandum	Gibbons Short Service
Thursday, 18th August 2022	5.00pm	Evensong	Quire	marking the eve of World Humanitarian Day; sung by Cantandum	Byrd Miserere mei Deus
Friday, 19th August 2022	5.00pm	Evensong	Quire	sung by Ardingly Schola Cantorum	Rose Responses
Friday, 19th August 2022	5.00pm	Evensong	Quire	sung by Ardingly Schola Cantorum	Stanford in B flat
Friday, 19th August 2022	5.00pm	Evensong	Quire	sung by Ardingly Schola Cantorum	Finzi God is gone up
Saturday, 20th August 2022	5.00pm	Evensong	Quire	sung by the Chapel Choir of St Hild and St Bede College, Durham	Rose Responses
Saturday, 20th August 2022	5.00pm	Evensong	Quire	sung by the Chapel Choir of St Hild and St Bede College, Durham	Howells Gloucester Service
Saturday, 20th August 2022	5.00pm	Evensong	Quire	sung by the Chapel Choir of St Hild and St Bede College, Durham	Harris Bring us, O Lord God
Saturday, 20th August 2022	5.00pm	Evensong	Quire	sung by the Chapel Choir of St Hild and St Bede College, Durham	Elgar arr Brewer The Angel's Farewell (The Dream of Gerontius Op 38)
Sunday, 21st August 2022	11.15am	Sung Eucharist	Quire	sung by the Choir of Christ Church, Southgate	Mozart Missa brevis in D K194
Sunday, 21st August 2022	11.15am	Sung Eucharist	Quire	sung by the Choir of Christ Church, Southgate	Bairstow Let all mortal flesh keep silence
Sunday, 21st August 2022	3.00pm	Evensong	Quire	sung by the Choir of Christ Church, Southgate	Rose Responses
Sunday, 21st August 2022	3.00pm	Evensong	Quire	sung by the Choir of Christ Church, Southgate	Howells Collegium Regale
Sunday, 21st August 2022	3.00pm	Evensong	Quire	sung by the Choir of Christ Church, Southgate	Stanford For lo! I raise up
Monday, 22nd August 2022	5.00pm	Evensong	Quire	sung by the Kampen Boys Choir	Nardone Responses
Monday, 22nd August 2022	5.00pm	Evensong	Quire	sung by the Kampen Boys Choir	Brewer in D
Monday, 22nd August 2022	5.00pm	Evensong	Quire	sung by the Kampen Boys Choir	Wood Expectans expectavi
Tuesday, 23rd August 2022	5.00pm	Evensong	Quire	sung by the Kampen Boys Choir	Nardone Responses
Tuesday, 23rd August 2022	5.00pm	Evensong	Quire	sung by the Kampen Boys Choir	Watson in E
Tuesday, 23rd August 2022	5.00pm	Evensong	Quire	sung by the Kampen Boys Choir	Stanford Beati quorum via
Thursday, 25th August 2022	5.00pm	Evensong	Quire	sung by the Kampen Boys Choir	Walsh Responses
Thursday, 25th August 2022	5.00pm	Evensong	Quire	sung by the Kampen Boys Choir	Noble in B minor
Thursday, 25th August 2022	5.00pm	Evensong	Quire	sung by the Kampen Boys Choir	Wesley Blessed be the God and Father
Friday, 26th August 2022	5.00pm	Evensong	Quire	sung by the Kampen Boys Choir	Walsh Responses
Friday, 26th August 2022	5.00pm	Evensong	Quire	sung by the Kampen Boys Choir	Stopford Belfast Evening Canticles
Friday, 26th August 2022	5.00pm	Evensong	Quire	sung by the Kampen Boys Choir	Mathias Let the people praise thee
Saturday, 27th August 2022	5.00pm	Evensong	Quire	sung by The English Choir Berlin	Shephard Responses
Saturday, 27th August 2022	5.00pm	Evensong	Quire	sung by The English Choir Berlin	Dyson in F
Saturday, 27th August 2022	5.00pm	Evensong	Quire	sung by The English Choir Berlin	Runestad I will lift up mine eyes
Sunday, 28th August 2022	11.15am	Sung Eucharist	Quire	sung by The English Choir Berlin	Palestrina Missa brevis
Sunday, 28th August 2022	11.15am	Sung Eucharist	Quire	sung by The English Choir Berlin	Gjeilo Ubi caritas et amor
Sunday, 28th August 2022	11.15am	Sung Eucharist	Quire	sung by The English Choir Berlin	Bach Prelude and Fugue in F minor BWV 534
Sunday, 28th August 2022	3.00pm	Evensong	Quire	sung by The English Choir Berlin	Shephard Responses
Sunday, 28th August 2022	3.00pm	Evensong	Quire	sung by The English Choir Berlin	Dyson in D
Sunday, 28th August 2022	3.00pm	Evensong	Quire	sung by The English Choir Berlin	Bairstow Let all mortal flesh keep silence
Sunday, 28th August 2022	3.00pm	Evensong	Quire	sung by The English Choir Berlin	Vierne Final (Symphonie III in F sharp minor Op 28)
Monday, 29th August 2022	5.00pm	Evensong	Quire	sung by The English Choir Berlin	Shephard Responses
Monday, 29th August 2022	5.00pm	Evensong	Quire	sung by The English Choir Berlin	Walmisley in D minor
Monday, 29th August 2022	5.00pm	Evensong	Quire	sung by The English Choir Berlin	Runestad Let My Love Be Heard
Tuesday, 30th August 2022	5.00pm	Evensong	Quire	sung by The English Choir Berlin	Shephard Responses
Tuesday, 30th August 2022	5.00pm	Evensong	Quire	sung by The English Choir Berlin	Pantcheff The Berlin Canticles
Tuesday, 30th August 2022	5.00pm	Evensong	Quire	sung by The English Choir Berlin	Rheinberger Abendlied 
Thursday, 1st September 2022	5.00pm	Evensong	Quire	sung by the Lay Vicars	Tallis A new commandmentTallis ResponsesSheppard First ServiceTomkins Great and marvellous are thy works
Friday, 2nd September 2022	5.00pm	Evensong	Quire	sung by the Lay Vicars	Tallis A new commandment
Friday, 2nd September 2022	5.00pm	Evensong	Quire	sung by the Lay Vicars	Tallis Responses
Friday, 2nd September 2022	5.00pm	Evensong	Quire	sung by the Lay Vicars	Soriano Magnificat primi toni
Friday, 2nd September 2022	5.00pm	Evensong	Quire	sung by the Lay Vicars	Reid Nunc dimittis tertii toni
Friday, 2nd September 2022	5.00pm	Evensong	Quire	sung by the Lay Vicars	Tallis Derelinquit impius
Saturday, 3rd September 2022	3.00pm	Evensong	Quire	sung by the Lay Vicars	Tallis A new commandment
Saturday, 3rd September 2022	3.00pm	Evensong	Quire	sung by the Lay Vicars	Tallis Responses
Saturday, 3rd September 2022	3.00pm	Evensong	Quire	sung by the Lay Vicars	Parsons First Service
Saturday, 3rd September 2022	3.00pm	Evensong	Quire	sung by the Lay Vicars	Victoria Ecce sacerdos magnus
Saturday, 3rd September 2022	3.00pm	Evensong	Quire	sung by the Lay Vicars	Gibbons Fantasia of four parts
Sunday, 4th September 2022	10.00am	Matins	Quire	sung by the Lay Vicars	Tallis A new commandment
Sunday, 4th September 2022	10.00am	Matins	Quire	sung by the Lay Vicars	Tallis Responses
Sunday, 4th September 2022	10.00am	Matins	Quire	sung by the Lay Vicars	Tallis Te Deum 'for meanes'
Sunday, 4th September 2022	10.00am	Matins	Quire	sung by the Lay Vicars	Tallis Benedictus (Short Service)
Sunday, 4th September 2022	10.00am	Matins	Quire	sung by the Lay Vicars	Tallis Felix namque I (Fitzwilliam Virginal Book, no 109)
Sunday, 4th September 2022	11.15am	Sung Eucharist	Quire	sung by the Lay Vicars	Byrd Mass for three voices
Sunday, 4th September 2022	11.15am	Sung Eucharist	Quire	sung by the Lay Vicars	Tallis Verily, verily I say unto you
Sunday, 4th September 2022	11.15am	Sung Eucharist	Quire	sung by the Lay Vicars	Byrd Fantasia in G
Sunday, 4th September 2022	3.00pm	Evensong	Quire	sung by the Lay Vicars	Tallis A new commandment
Sunday, 4th September 2022	3.00pm	Evensong	Quire	sung by the Lay Vicars	Tallis Responses
Sunday, 4th September 2022	3.00pm	Evensong	Quire	sung by the Lay Vicars	Mundy Magnificat secundi toni
Sunday, 4th September 2022	3.00pm	Evensong	Quire	sung by the Lay Vicars	Palestrina Nunc dimittis tertii toni a 8
Sunday, 4th September 2022	3.00pm	Evensong	Quire	sung by the Lay Vicars	Gibbons So God loved the world
Sunday, 4th September 2022	3.00pm	Evensong	Quire	sung by the Lay Vicars	Bach after Vivaldi Allegro (Concerto in A minor BWV 593)
Monday, 5th September 2022	5.00pm	Evensong	Quire	sung by the Lay Vicars	Byrd Look down, O Lord
Monday, 5th September 2022	5.00pm	Evensong	Quire	sung by the Lay Vicars	Byrd and Quinney Responses
Monday, 5th September 2022	5.00pm	Evensong	Quire	sung by the Lay Vicars	Palestrina Magnificat quarti toni 
Monday, 5th September 2022	5.00pm	Evensong	Quire	sung by the Lay Vicars	Vento Nunc dimittis quarti toni
Monday, 5th September 2022	5.00pm	Evensong	Quire	sung by the Lay Vicars	Byrd Teach me, O Lord
Tuesday, 6th September 2022	5.00pm	Evensong	Quire	attended by HE The High Commissioner for Eswatini; sung by the Lay Vicars	Byrd Look down, O Lord
Tuesday, 6th September 2022	5.00pm	Evensong	Quire	attended by HE The High Commissioner for Eswatini; sung by the Lay Vicars	Byrd and Quinney Responses
Tuesday, 6th September 2022	5.00pm	Evensong	Quire	attended by HE The High Commissioner for Eswatini; sung by the Lay Vicars	Tye Short Service
Tuesday, 6th September 2022	5.00pm	Evensong	Quire	attended by HE The High Commissioner for Eswatini; sung by the Lay Vicars	Tye In pace in idipsum
Thursday, 8th September 2022	5.00pm	Evensong	Quire	sung by the Choir of Westminster Abbey	Victoria Ave Maria a 4
Thursday, 8th September 2022	5.00pm	Evensong	Quire	sung by the Choir of Westminster Abbey	Tomkins Responses
Thursday, 8th September 2022	5.00pm	Evensong	Quire	sung by the Choir of Westminster Abbey	Dyson in F
Thursday, 8th September 2022	5.00pm	Evensong	Quire	sung by the Choir of Westminster Abbey	Bruckner Ave Maria
Friday, 9th September 2022	5.00pm	Evensong	Quire	sung by the Choir of Westminster Abbey	Bairstow Jesu, the very thought of thee
Friday, 9th September 2022	5.00pm	Evensong	Quire	sung by the Choir of Westminster Abbey	Tomkins Responses
Friday, 9th September 2022	5.00pm	Evensong	Quire	sung by the Choir of Westminster Abbey	Tomkins First Service
Friday, 9th September 2022	5.00pm	Evensong	Quire	sung by the Choir of Westminster Abbey	Palestrina Sicut cervus desiderat ad fontes
Saturday, 10th September 2022	3.00pm	Evensong	Quire	sung by the Choir of Westminster Abbey	Bairstow Jesu, the very thought of thee
Saturday, 10th September 2022	3.00pm	Evensong	Quire	sung by the Choir of Westminster Abbey	Tomkins Responses
Saturday, 10th September 2022	3.00pm	Evensong	Quire	sung by the Choir of Westminster Abbey	Howells Collegium Regale
Saturday, 10th September 2022	3.00pm	Evensong	Quire	sung by the Choir of Westminster Abbey	MacMillan A New Song
Saturday, 10th September 2022	3.00pm	Evensong	Quire	sung by the Choir of Westminster Abbey	Bach Prelude in E flat BWV 552i
Sunday, 11th September 2022	10.00am	Matins	Quire	sung by the Choir of Westminster Abbey	Bairstow Jesu, the very thought of thee
Sunday, 11th September 2022	10.00am	Matins	Quire	sung by the Choir of Westminster Abbey	Tomkins Responses
Sunday, 11th September 2022	10.00am	Matins	Quire	sung by the Choir of Westminster Abbey	Ireland in F
Sunday, 11th September 2022	10.00am	Matins	Quire	sung by the Choir of Westminster Abbey	Bach Fugue in E flat BWV 552ii
Sunday, 11th September 2022	11.15am	Sung Eucharist	Quire	sung by the Choir of Westminster Abbey	Byrd Mass for five voices
Sunday, 11th September 2022	11.15am	Sung Eucharist	Quire	sung by the Choir of Westminster Abbey	Tallis O sacrum convivum
Sunday, 11th September 2022	11.15am	Sung Eucharist	Quire	sung by the Choir of Westminster Abbey	Bach Prelude in B minor BWV 544i
Sunday, 11th September 2022	3.00pm	Evensong	Quire	sung by the Choir of Westminster Abbey	Bairstow Jesu, the very thought of thee
Sunday, 11th September 2022	3.00pm	Evensong	Quire	sung by the Choir of Westminster Abbey	Tomkins Responses
Sunday, 11th September 2022	3.00pm	Evensong	Quire	sung by the Choir of Westminster Abbey	Walmisley in D minor
Sunday, 11th September 2022	3.00pm	Evensong	Quire	sung by the Choir of Westminster Abbey	Brahms Geistliches Lied
Sunday, 11th September 2022	3.00pm	Evensong	Quire	sung by the Choir of Westminster Abbey	Brahms Mein Jesu, der du mich Op 122 no 1
Monday, 12th September 2022	5.00pm	Evensong	Quire	sung by the Choristers	plainsong Lucis Creator optime
Monday, 12th September 2022	5.00pm	Evensong	Quire	sung by the Choristers	plainsong Responses
Monday, 12th September 2022	5.00pm	Evensong	Quire	sung by the Choristers	Magnificat tone viii
Monday, 12th September 2022	5.00pm	Evensong	Quire	sung by the Choristers	Nunc dimittis tone v
Monday, 12th September 2022	5.00pm	Evensong	Quire	sung by the Choristers	Handel How beautiful are the feet
Friday, 23rd September 2022	5.00pm	Evensong	Quire	sung by the Choir of Westminster Abbey	Clucas Keep me as the apple of an eye
Friday, 23rd September 2022	5.00pm	Evensong	Quire	sung by the Choir of Westminster Abbey	Leighton Responses
Friday, 23rd September 2022	5.00pm	Evensong	Quire	sung by the Choir of Westminster Abbey	Palestrina Magnificat quarti toni
Friday, 23rd September 2022	5.00pm	Evensong	Quire	sung by the Choir of Westminster Abbey	Wood Nunc dimittis in B flat
Friday, 23rd September 2022	5.00pm	Evensong	Quire	sung by the Choir of Westminster Abbey	Tallis Salvator mundi
Saturday, 24th September 2022	3.00pm	Evensong	Quire	sung by the Choir of Westminster Abbey	Clucas Keep me as the apple of an eye
Saturday, 24th September 2022	3.00pm	Evensong	Quire	sung by the Choir of Westminster Abbey	Leighton Responses
Saturday, 24th September 2022	3.00pm	Evensong	Quire	sung by the Choir of Westminster Abbey	Stanford in G
Saturday, 24th September 2022	3.00pm	Evensong	Quire	sung by the Choir of Westminster Abbey	Leighton let all the world
Saturday, 24th September 2022	3.00pm	Evensong	Quire	sung by the Choir of Westminster Abbey	Parry Fantasia in G Op 188
Sunday, 25th September 2022	10.00am	Matins	St Margaret's Church	sung by the Choir of Westminster Abbey	Clucas Keep me as the apple of an eye
Sunday, 25th September 2022	10.00am	Matins	St Margaret's Church	sung by the Choir of Westminster Abbey	Leighton Responses
Sunday, 25th September 2022	10.00am	Matins	St Margaret's Church	sung by the Choir of Westminster Abbey	Gibbons Short Service
Sunday, 25th September 2022	10.00am	Matins	St Margaret's Church	sung by the Choir of Westminster Abbey	Rheinberger Intermezzo (Sonata VI in E flat minor Op 119)
Sunday, 25th September 2022	11.15am	Sung Eucharist	Quire	sung by the Choir of Westminster Abbey	Mozart Missa brevis in C K220 'Spatzenmesse'
Sunday, 25th September 2022	11.15am	Sung Eucharist	Quire	sung by the Choir of Westminster Abbey	Rossini O salutaris hostia
Sunday, 25th September 2022	11.15am	Sung Eucharist	Quire	sung by the Choir of Westminster Abbey	Mozart Fantasia in F K608
Sunday, 25th September 2022	3.00pm	Evensong	Quire	sung by the Choir of Westminster Abbey	Clucas Keep me as the apple of an eye
Sunday, 25th September 2022	3.00pm	Evensong	Quire	sung by the Choir of Westminster Abbey	Leighton Responses
Sunday, 25th September 2022	3.00pm	Evensong	Quire	sung by the Choir of Westminster Abbey	Blair in B minor
Sunday, 25th September 2022	3.00pm	Evensong	Quire	sung by the Choir of Westminster Abbey	Haydn The heavens are telling
Sunday, 25th September 2022	3.00pm	Evensong	Quire	sung by the Choir of Westminster Abbey	Alain Luttes (Trois danses)
Monday, 26th September 2022	5.00pm	Evensong	Quire	sung by the Choristers	plainsong Te lucis ante terminum
Monday, 26th September 2022	5.00pm	Evensong	Quire	sung by the Choristers	plainsong Responses
Monday, 26th September 2022	5.00pm	Evensong	Quire	sung by the Choristers	Moore Second Service
Monday, 26th September 2022	5.00pm	Evensong	Quire	sung by the Choristers	Purcell An Evening Hymn
Tuesday, 27th September 2022	5.00pm	Evensong	Quire	attended by HE The High Commissioner for Botswana	Farrant Lord, for thy tender mercy's sake
Tuesday, 27th September 2022	5.00pm	Evensong	Quire	attended by HE The High Commissioner for Botswana	Ayleward Responses
Tuesday, 27th September 2022	5.00pm	Evensong	Quire	attended by HE The High Commissioner for Botswana	Morley First Service
Tuesday, 27th September 2022	5.00pm	Evensong	Quire	attended by HE The High Commissioner for Botswana	Gibbons Great Lord of lords
Thursday, 29th September 2022	5.00pm	Sung Eucharist	Quire	sung by the Choir of Westminster Abbey	Victoria Missa Vidi speciosam
Thursday, 29th September 2022	5.00pm	Sung Eucharist	Quire	sung by the Choir of Westminster Abbey	Tippett Plebs angelica
Thursday, 29th September 2022	5.00pm	Sung Eucharist	Quire	sung by the Choir of Westminster Abbey	Vierne Final (Symphonie I)
Friday, 30th September 2022	5.00pm	Evensong	Quire	sung by the Choir of Westminster Abbey	attr Farrant Lord, for thy tender mercy's sake
Friday, 30th September 2022	5.00pm	Evensong	Quire	sung by the Choir of Westminster Abbey	Ayleward Responses
Friday, 30th September 2022	5.00pm	Evensong	Quire	sung by the Choir of Westminster Abbey	Tomkins Second Service
Friday, 30th September 2022	5.00pm	Evensong	Quire	sung by the Choir of Westminster Abbey	Byrd Prevent us, O Lord
Saturday, 1st October 2022	3.00pm	Evensong	Quire	sung by the Choir of Westminster Abbey	attr Farrant Lord, for thy tender mercy's sake
Saturday, 1st October 2022	3.00pm	Evensong	Quire	sung by the Choir of Westminster Abbey	Ayleward Responses
Saturday, 1st October 2022	3.00pm	Evensong	Quire	sung by the Choir of Westminster Abbey	Howells Westminster Service
Saturday, 1st October 2022	3.00pm	Evensong	Quire	sung by the Choir of Westminster Abbey	Howells A Hymn for St Cecilia
Saturday, 1st October 2022	3.00pm	Evensong	Quire	sung by the Choir of Westminster Abbey	Howells Rhapsody II
Sunday, 2nd October 2022	10.00am	Matins	Quire	sung by the Choir of Westminster Abbey	attr Farrant Lord, for thy tender mercy's sake
Sunday, 2nd October 2022	10.00am	Matins	Quire	sung by the Choir of Westminster Abbey	Ayleward Responses
Sunday, 2nd October 2022	10.00am	Matins	Quire	sung by the Choir of Westminster Abbey	Stanford in C
Sunday, 2nd October 2022	10.00am	Matins	Quire	sung by the Choir of Westminster Abbey	Parry Fugue in G Op 188ii
Sunday, 2nd October 2022	11.15am	Sung Eucharist	Quire	sung by the Choir of Westminster Abbey	Tye Missa Euge bone
Sunday, 2nd October 2022	11.15am	Sung Eucharist	Quire	sung by the Choir of Westminster Abbey	Tallis O salutaris hostia
Sunday, 2nd October 2022	11.15am	Sung Eucharist	Quire	sung by the Choir of Westminster Abbey	Buxtehude Praeludium in D minor BuxWV 140
Sunday, 2nd October 2022	3.00pm	Evensong	Quire	sung by the Choir of Westminster Abbey	attr Farrant Lord, for thy tender mercy's sake
Sunday, 2nd October 2022	3.00pm	Evensong	Quire	sung by the Choir of Westminster Abbey	Ayleward Responses
Sunday, 2nd October 2022	3.00pm	Evensong	Quire	sung by the Choir of Westminster Abbey	Stanford in C
Sunday, 2nd October 2022	3.00pm	Evensong	Quire	sung by the Choir of Westminster Abbey	Vaughan Williams O clap your hands
Sunday, 2nd October 2022	3.00pm	Evensong	Quire	sung by the Choir of Westminster Abbey	Bach Prelude and Fugue in G BWV 541
Monday, 3rd October 2022	5.00pm	Evensong	Quire	sung by the Lay Vicars; attended by HE The High Commissioner for Nigeria	plainsong Lucis Creator optime
Monday, 3rd October 2022	5.00pm	Evensong	Quire	sung by the Lay Vicars; attended by HE The High Commissioner for Nigeria	plainsong Responses
Monday, 3rd October 2022	5.00pm	Evensong	Quire	sung by the Lay Vicars; attended by HE The High Commissioner for Nigeria	Victoria Magnificat tertii toni
Monday, 3rd October 2022	5.00pm	Evensong	Quire	sung by the Lay Vicars; attended by HE The High Commissioner for Nigeria	Quinney Nunc dimittis tertii toni
Monday, 3rd October 2022	5.00pm	Evensong	Quire	sung by the Lay Vicars; attended by HE The High Commissioner for Nigeria	Hassler Dixit Maria
Tuesday, 4th October 2022	5.00pm	Evensong	Quire	sung by the Choir of Westminster Abbey; attended by HE The High Commissioner for Cyprus	Tallis If ye love me
Tuesday, 4th October 2022	5.00pm	Evensong	Quire	sung by the Choir of Westminster Abbey; attended by HE The High Commissioner for Cyprus	Byrd Responses
Tuesday, 4th October 2022	5.00pm	Evensong	Quire	sung by the Choir of Westminster Abbey; attended by HE The High Commissioner for Cyprus	Sumsion in G
Tuesday, 4th October 2022	5.00pm	Evensong	Quire	sung by the Choir of Westminster Abbey; attended by HE The High Commissioner for Cyprus	Jackson Benedicite in G
Thursday, 6th October 2022	5.00pm	Evensong	Quire	attended by the Honorary Consul for Tuvalu; sung by the Choir of Westminster Abbey	Tallis If ye love me
Thursday, 6th October 2022	5.00pm	Evensong	Quire	attended by the Honorary Consul for Tuvalu; sung by the Choir of Westminster Abbey	Byrd Responses
Thursday, 6th October 2022	5.00pm	Evensong	Quire	attended by the Honorary Consul for Tuvalu; sung by the Choir of Westminster Abbey	Hooper Full Service
Thursday, 6th October 2022	5.00pm	Evensong	Quire	attended by the Honorary Consul for Tuvalu; sung by the Choir of Westminster Abbey	Hooper Behold, it is Christ
Friday, 7th October 2022	5.00pm	Evensong	Quire	attended by the Acting High Commissioner for Lesotho; sung by the Lay Vicars	Tallis If ye love me
Friday, 7th October 2022	5.00pm	Evensong	Quire	attended by the Acting High Commissioner for Lesotho; sung by the Lay Vicars	Byrd and Quinney Responses
Friday, 7th October 2022	5.00pm	Evensong	Quire	attended by the Acting High Commissioner for Lesotho; sung by the Lay Vicars	Monte Magnificat septimi toni
Friday, 7th October 2022	5.00pm	Evensong	Quire	attended by the Acting High Commissioner for Lesotho; sung by the Lay Vicars	Victoria Nunc dimittis tertii toni
Friday, 7th October 2022	5.00pm	Evensong	Quire	attended by the Acting High Commissioner for Lesotho; sung by the Lay Vicars	Blitheman In pace in idipsum
Saturday, 8th October 2022	3.00pm	Evensong with Presentation of Surplices and Admission of Choristers	Quire	sung by the Choir of Westminster Abbey	Tallis If ye love me
Saturday, 8th October 2022	3.00pm	Evensong with Presentation of Surplices and Admission of Choristers	Quire	sung by the Choir of Westminster Abbey	Byrd Responses
Saturday, 8th October 2022	3.00pm	Evensong with Presentation of Surplices and Admission of Choristers	Quire	sung by the Choir of Westminster Abbey	Byrd Great Service
Saturday, 8th October 2022	3.00pm	Evensong with Presentation of Surplices and Admission of Choristers	Quire	sung by the Choir of Westminster Abbey	Purcell O Lord God of hosts
Saturday, 8th October 2022	3.00pm	Evensong with Presentation of Surplices and Admission of Choristers	Quire	sung by the Choir of Westminster Abbey	Byrd Fantasia in A minor
Sunday, 9th October 2022	10.00am	Matins	St Margaret's Church	sung by the Choir of Westminster Abbey	Tallis If ye love me
Sunday, 9th October 2022	10.00am	Matins	St Margaret's Church	sung by the Choir of Westminster Abbey	Byrd Responses
Sunday, 9th October 2022	10.00am	Matins	St Margaret's Church	sung by the Choir of Westminster Abbey	Stanford Te Deum in B flat
Sunday, 9th October 2022	10.00am	Matins	St Margaret's Church	sung by the Choir of Westminster Abbey	Bach Prelude in C minor BWV 546i
Sunday, 9th October 2022	11.15am	Sung Eucharist	Quire	attended by The King's Scholars of Westminster School; sung by the Choir of Westminster Abbey	Mozart Missa brevis in F K 194
Sunday, 9th October 2022	11.15am	Sung Eucharist	Quire	attended by The King's Scholars of Westminster School; sung by the Choir of Westminster Abbey	Mozart Ave verum corpus
Sunday, 9th October 2022	11.15am	Sung Eucharist	Quire	attended by The King's Scholars of Westminster School; sung by the Choir of Westminster Abbey	Bach Toccata in F BWV 540i
Sunday, 9th October 2022	3.00pm	Evensong	Quire	sung by the Choir of Westminster Abbey	Tallis If ye love me
Sunday, 9th October 2022	3.00pm	Evensong	Quire	sung by the Choir of Westminster Abbey	Byrd Responses
Sunday, 9th October 2022	3.00pm	Evensong	Quire	sung by the Choir of Westminster Abbey	Rubbra in A flat
Sunday, 9th October 2022	3.00pm	Evensong	Quire	sung by the Choir of Westminster Abbey	Wesley Thou wilt keep him in perfect peace
Sunday, 9th October 2022	3.00pm	Evensong	Quire	sung by the Choir of Westminster Abbey	Vaughan Williams Hymn-Tune Prelude on Song 13 by Orlando Gibbons
Monday, 10th October 2022	5.00pm	Evensong	Quire	sung by the Choristers	plainsong Te lucis ante terminum
Monday, 10th October 2022	5.00pm	Evensong	Quire	sung by the Choristers	plainsong Responses
Monday, 10th October 2022	5.00pm	Evensong	Quire	sung by the Choristers	Vaughan Williams in D
Monday, 10th October 2022	5.00pm	Evensong	Quire	sung by the Choristers	Mendelssohn If with all your hearts
Wednesday, 12th October 2022	5.00pm	First Evensong of the Translation of St Edward the Confessor	Quire	sung by the Choir of Westminster Abbey and the Choir of Westminster Cathedral	Duruflé Sicilienne (Suite Op 5)
Wednesday, 12th October 2022	5.00pm	First Evensong of the Translation of St Edward the Confessor	Quire	sung by the Choir of Westminster Abbey and the Choir of Westminster Cathedral	plainsong Iste Confessor Domini
Wednesday, 12th October 2022	5.00pm	First Evensong of the Translation of St Edward the Confessor	Quire	sung by the Choir of Westminster Abbey and the Choir of Westminster Cathedral	Smith Responses
Wednesday, 12th October 2022	5.00pm	First Evensong of the Translation of St Edward the Confessor	Quire	sung by the Choir of Westminster Abbey and the Choir of Westminster Cathedral	Palestrina Magnificat primi toni
Wednesday, 12th October 2022	5.00pm	First Evensong of the Translation of St Edward the Confessor	Quire	sung by the Choir of Westminster Abbey and the Choir of Westminster Cathedral	Victoria Nunc dimittis tertii toni
Wednesday, 12th October 2022	5.00pm	First Evensong of the Translation of St Edward the Confessor	Quire	sung by the Choir of Westminster Abbey and the Choir of Westminster Cathedral	Vaughan Williams O clap your hands
Wednesday, 12th October 2022	5.00pm	First Evensong of the Translation of St Edward the Confessor	Quire	sung by the Choir of Westminster Abbey and the Choir of Westminster Cathedral	Duruflé Toccata (Suite Op 5)
Thursday, 13th October 2022	5.00pm	Sung Eucharist	Quire	sung by the Choir of Westminster Abbey	MacMillan Mass of St Edward the Confessor
Thursday, 13th October 2022	5.00pm	Sung Eucharist	Quire	sung by the Choir of Westminster Abbey	Tye Give almes of thy goods
Thursday, 13th October 2022	5.00pm	Sung Eucharist	Quire	sung by the Choir of Westminster Abbey	Bach Prelude in E minor BWV 548i
Friday, 14th October 2022	5.00pm	Evensong	Quire	sung by the Choir of Westminster Abbey; attended by a representative of the High Commissioner for Uganda	Tye Give almes of thy goods
Friday, 14th October 2022	5.00pm	Evensong	Quire	sung by the Choir of Westminster Abbey; attended by a representative of the High Commissioner for Uganda	Smith Responses
Friday, 14th October 2022	5.00pm	Evensong	Quire	sung by the Choir of Westminster Abbey; attended by a representative of the High Commissioner for Uganda	Muhly Westminster Service (first performance)
Friday, 14th October 2022	5.00pm	Evensong	Quire	sung by the Choir of Westminster Abbey; attended by a representative of the High Commissioner for Uganda	Byrd Beati mundo corde
Friday, 14th October 2022	5.00pm	Evensong	Quire	sung by the Choir of Westminster Abbey; attended by a representative of the High Commissioner for Uganda	Titelouze Urbs Jerusalem
Saturday, 15th October 2022	11.30am	Festival Eucharist	Quire	sung by the Westminster Abbey Special Service Choir	Mozart Coronation Mass K317
Saturday, 15th October 2022	11.30am	Festival Eucharist	Quire	sung by the Westminster Abbey Special Service Choir	Monteverdi Lauda Jerusalem
Saturday, 15th October 2022	11.30am	Festival Eucharist	Quire	sung by the Westminster Abbey Special Service Choir	Parry Chorale Fantasia on the Old Hundredth
Saturday, 15th October 2022	3.00pm	First Evensong of the Dedication of Westminster Abbey	Quire	sung by the Choir of Westminster Abbey	Bruckner Locus iste
Saturday, 15th October 2022	3.00pm	First Evensong of the Dedication of Westminster Abbey	Quire	sung by the Choir of Westminster Abbey	Smith Responses
Saturday, 15th October 2022	3.00pm	First Evensong of the Dedication of Westminster Abbey	Quire	sung by the Choir of Westminster Abbey	Leighton Magdalen College Service
Saturday, 15th October 2022	3.00pm	First Evensong of the Dedication of Westminster Abbey	Quire	sung by the Choir of Westminster Abbey	Bairstow Blessed city, heavenly Salem
Saturday, 15th October 2022	3.00pm	First Evensong of the Dedication of Westminster Abbey	Quire	sung by the Choir of Westminster Abbey	Nicolai arr Liszt Ecclesiastical Festival Overture on 'Ein feste Burg ist unser Gott' Op 31
Sunday, 16th October 2022	10.00am	Matins	St Margaret's Church	sung by the St Margaret's Consort	McKie We wait for thy loving kindness, O Lord
Sunday, 16th October 2022	10.00am	Matins	St Margaret's Church	sung by the St Margaret's Consort	Ebdon Responses
Sunday, 16th October 2022	10.00am	Matins	St Margaret's Church	sung by the St Margaret's Consort	Gibbons Te Deum (Short Service)
Sunday, 16th October 2022	10.00am	Matins	St Margaret's Church	sung by the St Margaret's Consort	Ireland Jubilate Deo in F
Sunday, 16th October 2022	10.00am	Matins	St Margaret's Church	sung by the St Margaret's Consort	Bach Allein Gott in der Höh sei Ehr BWV 676
Sunday, 16th October 2022	10.30am	Sung Eucharist	Quire	sung by the Choir of Westminster Abbey	Dove Missa brevis
Sunday, 16th October 2022	10.30am	Sung Eucharist	Quire	sung by the Choir of Westminster Abbey	Parry I was glad
Sunday, 16th October 2022	10.30am	Sung Eucharist	Quire	sung by the Choir of Westminster Abbey	Vaughan Williams O taste and see
Sunday, 16th October 2022	10.30am	Sung Eucharist	Quire	sung by the Choir of Westminster Abbey	Langlais Hymne d'action de grâces 'Te Deum' Op 5 no 3
Sunday, 16th October 2022	3.00pm	Evensong, attended by the Lord Mayor of Westminster and the Mayors of the London Boroughs	Quire	sung by the Choir of Westminster Abbey	Bruckner Locus iste a Deo factus est
Sunday, 16th October 2022	3.00pm	Evensong, attended by the Lord Mayor of Westminster and the Mayors of the London Boroughs	Quire	sung by the Choir of Westminster Abbey	Smith Responses
Sunday, 16th October 2022	3.00pm	Evensong, attended by the Lord Mayor of Westminster and the Mayors of the London Boroughs	Quire	sung by the Choir of Westminster Abbey	Dyson in D
Sunday, 16th October 2022	3.00pm	Evensong, attended by the Lord Mayor of Westminster and the Mayors of the London Boroughs	Quire	sung by the Choir of Westminster Abbey	Moore Lo, God is here
Sunday, 16th October 2022	3.00pm	Evensong, attended by the Lord Mayor of Westminster and the Mayors of the London Boroughs	Quire	sung by the Choir of Westminster Abbey	Dupré Prelude and Fugue in B Op 7 no 1
Monday, 17th October 2022	5.00pm	Evensong	Quire	sung by the Lay Vicars; attended by HE The High Commissioner for Fiji	plainsong O lux beata Trinitas
Monday, 17th October 2022	5.00pm	Evensong	Quire	sung by the Lay Vicars; attended by HE The High Commissioner for Fiji	Tallis Responses
Monday, 17th October 2022	5.00pm	Evensong	Quire	sung by the Lay Vicars; attended by HE The High Commissioner for Fiji	Marson Verse Service
Monday, 17th October 2022	5.00pm	Evensong	Quire	sung by the Lay Vicars; attended by HE The High Commissioner for Fiji	Tomkins Turn unto the Lord our God
Tuesday, 18th October 2022	5.00pm	Evensong	Quire	sung by the Lay Vicars	Victoria Estote fortes in bello
Tuesday, 18th October 2022	5.00pm	Evensong	Quire	sung by the Lay Vicars	Tallis Responses
Tuesday, 18th October 2022	5.00pm	Evensong	Quire	sung by the Lay Vicars	Palestrina Magnificat tertii toni
Tuesday, 18th October 2022	5.00pm	Evensong	Quire	sung by the Lay Vicars	Vento Nunc dimittis octavi toni
Tuesday, 18th October 2022	5.00pm	Evensong	Quire	sung by the Lay Vicars	Tallis Mihi autem nimis
Thursday, 20th October 2022	5.00pm	Evensong	Quire	sung by the Lay Vicars	plainsong O lux beata Trinitas
Thursday, 20th October 2022	5.00pm	Evensong	Quire	sung by the Lay Vicars	Tallis Responses
Thursday, 20th October 2022	5.00pm	Evensong	Quire	sung by the Lay Vicars	Moore First Service
Thursday, 20th October 2022	5.00pm	Evensong	Quire	sung by the Lay Vicars	Walker I will lift up mine eyes
Friday, 21st October 2022	5.00pm	Evensong	Quire	sung by the Lay Vicars	plainsong O lux beata Trinitas
Friday, 21st October 2022	5.00pm	Evensong	Quire	sung by the Lay Vicars	Tallis Responses
Friday, 21st October 2022	5.00pm	Evensong	Quire	sung by the Lay Vicars	Viadana Magnificat secundi toni
Friday, 21st October 2022	5.00pm	Evensong	Quire	sung by the Lay Vicars	Lassus Nunc dimittis tertii toni
Friday, 21st October 2022	5.00pm	Evensong	Quire	sung by the Lay Vicars	Anerio Christus factus est pro nobis
Saturday, 22nd October 2022	3.00pm	Evensong	Quire	sung by the Lay Vicars	Gibbons O Lord, I lift my heart to thee 
Saturday, 22nd October 2022	3.00pm	Evensong	Quire	sung by the Lay Vicars	Tallis Responses
Saturday, 22nd October 2022	3.00pm	Evensong	Quire	sung by the Lay Vicars	Guerrero Magnificat quarti toni
Saturday, 22nd October 2022	3.00pm	Evensong	Quire	sung by the Lay Vicars	Ortiz Nunc dimittis tertii toni
Saturday, 22nd October 2022	3.00pm	Evensong	Quire	sung by the Lay Vicars	Hassler Quia vidisti me Thoma
Saturday, 22nd October 2022	3.00pm	Evensong	Quire	sung by the Lay Vicars	Byrd Fantasia in C
Sunday, 23rd October 2022	10.00am	Matins	St Margaret's Church	sung by the Lay Vicars	Gibbons O Lord, I lift my heart to thee 
Sunday, 23rd October 2022	10.00am	Matins	St Margaret's Church	sung by the Lay Vicars	Tallis Responses
Sunday, 23rd October 2022	10.00am	Matins	St Margaret's Church	sung by the Lay Vicars	Byrd Te Deum (Short Service)
Sunday, 23rd October 2022	10.00am	Matins	St Margaret's Church	sung by the Lay Vicars	Tomkins Voluntary in D
Sunday, 23rd October 2022	11.15am	Sung Eucharist	Quire	sung by the Lay Vicars	Sheppard The Frences Mass
Sunday, 23rd October 2022	11.15am	Sung Eucharist	Quire	sung by the Lay Vicars	Byrd O quam suavis
Sunday, 23rd October 2022	11.15am	Sung Eucharist	Quire	sung by the Lay Vicars	Bach Prelude and Fugue in D BWV 532
Sunday, 23rd October 2022	3.00pm	Evensong	Quire	sung by the Lay Vicars	Gibbons O Lord, I lift my heart to thee 
Sunday, 23rd October 2022	3.00pm	Evensong	Quire	sung by the Lay Vicars	Tallis Responses
Sunday, 23rd October 2022	3.00pm	Evensong	Quire	sung by the Lay Vicars	Howells in E
Sunday, 23rd October 2022	3.00pm	Evensong	Quire	sung by the Lay Vicars	Tallis Laudate Dominum omnes gentes
Sunday, 23rd October 2022	3.00pm	Evensong	Quire	sung by the Lay Vicars	Byrd My Ladye Nevells Grownde
Monday, 24th October 2022	5.00pm	Evensong	Quire	sung by the Lay Vicars; attended by a representative of the High Commissioner for Zambia	Mundy A new commandment give I unto you
Monday, 24th October 2022	5.00pm	Evensong	Quire	sung by the Lay Vicars; attended by a representative of the High Commissioner for Zambia	plainsong Responses
Monday, 24th October 2022	5.00pm	Evensong	Quire	sung by the Lay Vicars; attended by a representative of the High Commissioner for Zambia	Anerio Magnificat octavi toni
Monday, 24th October 2022	5.00pm	Evensong	Quire	sung by the Lay Vicars; attended by a representative of the High Commissioner for Zambia	Palestrina Nunc dimittis tertii toni a 4
Monday, 24th October 2022	5.00pm	Evensong	Quire	sung by the Lay Vicars; attended by a representative of the High Commissioner for Zambia	Byrd Apparebit in finem
Tuesday, 25th October 2022	5.00pm	Evensong	Quire	sung by the Lay Vicars	Mundy A new commandment give I unto you
Tuesday, 25th October 2022	5.00pm	Evensong	Quire	sung by the Lay Vicars	plainsong Responses
Tuesday, 25th October 2022	5.00pm	Evensong	Quire	sung by the Lay Vicars	Mundy in three parts 
Tuesday, 25th October 2022	5.00pm	Evensong	Quire	sung by the Lay Vicars	Mundy O Lord, the maker of all thing
Thursday, 27th October 2022	5.00pm	Evensong	Quire	sung by the Choir of Westminster Abbey; attended by HE The High Commissioner for St Vincent and the Grenadines	Bairstow I sat down under his shadow
Thursday, 27th October 2022	5.00pm	Evensong	Quire	sung by the Choir of Westminster Abbey; attended by HE The High Commissioner for St Vincent and the Grenadines	Radcliffe Responses
Thursday, 27th October 2022	5.00pm	Evensong	Quire	sung by the Choir of Westminster Abbey; attended by HE The High Commissioner for St Vincent and the Grenadines	Wood in E flat No 2
Thursday, 27th October 2022	5.00pm	Evensong	Quire	sung by the Choir of Westminster Abbey; attended by HE The High Commissioner for St Vincent and the Grenadines	Mendelssohn I waited for the Lord
Friday, 28th October 2022	5.00pm	Evensong	Quire	attended by HE The High Commissioner for Antigua and Barbuda; sung by the Choir of Westminster Abbey	Bairstow I sat down under his shadow
Friday, 28th October 2022	5.00pm	Evensong	Quire	attended by HE The High Commissioner for Antigua and Barbuda; sung by the Choir of Westminster Abbey	Radcliffe Responses
Friday, 28th October 2022	5.00pm	Evensong	Quire	attended by HE The High Commissioner for Antigua and Barbuda; sung by the Choir of Westminster Abbey	Victoria Magnificat primi toni a 4
Friday, 28th October 2022	5.00pm	Evensong	Quire	attended by HE The High Commissioner for Antigua and Barbuda; sung by the Choir of Westminster Abbey	Tye Nunc dimittis
Friday, 28th October 2022	5.00pm	Evensong	Quire	attended by HE The High Commissioner for Antigua and Barbuda; sung by the Choir of Westminster Abbey	Tallis Loquebantur variis linguis
Saturday, 29th October 2022	5.00pm	Evensong	Quire	sung by the Choir of Westminster Abbey	Bairstow I sat down under his shadow
Saturday, 29th October 2022	5.00pm	Evensong	Quire	sung by the Choir of Westminster Abbey	Radcliffe Responses
Saturday, 29th October 2022	5.00pm	Evensong	Quire	sung by the Choir of Westminster Abbey	Stanford in B flat
Saturday, 29th October 2022	5.00pm	Evensong	Quire	sung by the Choir of Westminster Abbey	Wood O thou the central orb
Saturday, 29th October 2022	5.00pm	Evensong	Quire	sung by the Choir of Westminster Abbey	Reger Dankpsalm Op 145 no 2 
Sunday, 30th October 2022	10.00am	Matins	St Margaret's Church	sung by the Choir of Westminster Abbey	Bairstow I sat down under his shadow
Sunday, 30th October 2022	10.00am	Matins	St Margaret's Church	sung by the Choir of Westminster Abbey	Radcliffe Responses
Sunday, 30th October 2022	10.00am	Matins	St Margaret's Church	sung by the Choir of Westminster Abbey	Boyce Te Deum in C
Sunday, 30th October 2022	10.00am	Matins	St Margaret's Church	sung by the Choir of Westminster Abbey	Boyce Voluntary in C
Sunday, 30th October 2022	11.15am	Sung Eucharist	Quire	sung by the Choir of Westminster Abbey	Taverner Western Wind Mass
Sunday, 30th October 2022	11.15am	Sung Eucharist	Quire	sung by the Choir of Westminster Abbey	Tallis O sacrum convivium
Sunday, 30th October 2022	11.15am	Sung Eucharist	Quire	sung by the Choir of Westminster Abbey	Bach arr Dupré Sinfonia to Cantata 29
Sunday, 30th October 2022	3.00pm	Evensong	Quire	sung by the Choir of Westminster Abbey	Bairstow I sat down under his shadow
Sunday, 30th October 2022	3.00pm	Evensong	Quire	sung by the Choir of Westminster Abbey	Radcliffe Responses
Sunday, 30th October 2022	3.00pm	Evensong	Quire	sung by the Choir of Westminster Abbey	Howells St Paul's Service
Sunday, 30th October 2022	3.00pm	Evensong	Quire	sung by the Choir of Westminster Abbey	Harris Bring us, O Lord God
Sunday, 30th October 2022	3.00pm	Evensong	Quire	sung by the Choir of Westminster Abbey	Bairstow Maestoso (Sonata in E flat)
Monday, 31st October 2022	5.00pm	First Evensong of All Saints' Day	Quire	sung by the Choristers	Vaughan Williams The Call
Monday, 31st October 2022	5.00pm	First Evensong of All Saints' Day	Quire	sung by the Choristers	plainsong Responses
Monday, 31st October 2022	5.00pm	First Evensong of All Saints' Day	Quire	sung by the Choristers	Martin Westminster Service
Monday, 31st October 2022	5.00pm	First Evensong of All Saints' Day	Quire	sung by the Choristers	Dering Gaudent in caelis animae sanctorum
Tuesday, 1st November 2022	5.00pm	Sung Eucharist	Quire	sung by the Choir of Westminster Abbey	Victoria Missa O quam gloriosum
Tuesday, 1st November 2022	5.00pm	Sung Eucharist	Quire	sung by the Choir of Westminster Abbey	Victoria O quam gloriosum
Tuesday, 1st November 2022	5.00pm	Sung Eucharist	Quire	sung by the Choir of Westminster Abbey	Dupré Placare Christe servulis
Wednesday, 2nd November 2022	5.00pm	Sung Eucharist	Quire	sung by the Choir of Westminster Abbey	Fauré Requiem in D minor Op 48
Thursday, 3rd November 2022	5.00pm	Evensong	Quire	sung by the Choir of Westminster Abbey	Batten O praise the Lord
Thursday, 3rd November 2022	5.00pm	Evensong	Quire	sung by the Choir of Westminster Abbey	Morley Responses
Thursday, 3rd November 2022	5.00pm	Evensong	Quire	sung by the Choir of Westminster Abbey	Gray in F minor
Thursday, 3rd November 2022	5.00pm	Evensong	Quire	sung by the Choir of Westminster Abbey	Stanford Justorum animae
Saturday, 5th November 2022	5.00pm	Evensong	Quire	sung by the Choir of Westminster Abbey	Batten O praise the Lord
Saturday, 5th November 2022	5.00pm	Evensong	Quire	sung by the Choir of Westminster Abbey	Morley Responses
Saturday, 5th November 2022	5.00pm	Evensong	Quire	sung by the Choir of Westminster Abbey	Schütz Deutsches Magnificat
Saturday, 5th November 2022	5.00pm	Evensong	Quire	sung by the Choir of Westminster Abbey	Gabrieli Nunc dimittis a 14
Saturday, 5th November 2022	5.00pm	Evensong	Quire	sung by the Choir of Westminster Abbey	Schütz Selig sind die Toten
Saturday, 5th November 2022	5.00pm	Evensong	Quire	sung by the Choir of Westminster Abbey	Clérambault Plein jeu and Caprice sur les grands jeux (Suite du deuxième ton)
Sunday, 6th November 2022	10.00am	Matins	Quire	sung by the Choir of Westminster Abbey	Batten O praise the Lord
Sunday, 6th November 2022	10.00am	Matins	Quire	sung by the Choir of Westminster Abbey	Morley Responses
Sunday, 6th November 2022	10.00am	Matins	Quire	sung by the Choir of Westminster Abbey	Vaughan Williams Te Deum in G
Sunday, 6th November 2022	10.00am	Matins	Quire	sung by the Choir of Westminster Abbey	Britten Jubilate Deo in C
Sunday, 6th November 2022	10.00am	Matins	Quire	sung by the Choir of Westminster Abbey	Vaughan Williams Fugue in C
Sunday, 6th November 2022	11.15am	Sung Eucharist	Quire	sung by the Choir of Westminster Abbey	Victoria Missa Vidi speciosam
Sunday, 6th November 2022	11.15am	Sung Eucharist	Quire	sung by the Choir of Westminster Abbey	Guerrero O sacrum convivium
Sunday, 6th November 2022	11.15am	Sung Eucharist	Quire	sung by the Choir of Westminster Abbey	Muffat Toccata decima
Sunday, 6th November 2022	3.00pm	Evensong	Quire	sung by the Choir of Westminster Abbey	Batten O praise the Lord
Sunday, 6th November 2022	3.00pm	Evensong	Quire	sung by the Choir of Westminster Abbey	Morley Responses
Sunday, 6th November 2022	3.00pm	Evensong	Quire	sung by the Choir of Westminster Abbey	Tippett St John's College Service
Sunday, 6th November 2022	3.00pm	Evensong	Quire	sung by the Choir of Westminster Abbey	Philips Jubilate Deo
Sunday, 6th November 2022	3.00pm	Evensong	Quire	sung by the Choir of Westminster Abbey	Vierne Allegro maestoso (Symphonie III)
Monday, 7th November 2022	5.00pm	Evensong	Quire	sung by the Lay Vicars; attended by HE The High Commissioner for Dominica	Harris Holy is the true light
Monday, 7th November 2022	5.00pm	Evensong	Quire	sung by the Lay Vicars; attended by HE The High Commissioner for Dominica	Moore Responses
Monday, 7th November 2022	5.00pm	Evensong	Quire	sung by the Lay Vicars; attended by HE The High Commissioner for Dominica	Ives Magdalen College Service
Monday, 7th November 2022	5.00pm	Evensong	Quire	sung by the Lay Vicars; attended by HE The High Commissioner for Dominica	Walker Lord, thou hast been our refuge
Tuesday, 8th November 2022	5.00pm	Evensong	Quire	marking the 600th anniversary of Henry V Obit; sung by the Choir of Westminster Abbey	Harris Holy is the true light
Tuesday, 8th November 2022	5.00pm	Evensong	Quire	marking the 600th anniversary of Henry V Obit; sung by the Choir of Westminster Abbey	Martin Responses
Tuesday, 8th November 2022	5.00pm	Evensong	Quire	marking the 600th anniversary of Henry V Obit; sung by the Choir of Westminster Abbey	Sheppard Second Service
Tuesday, 8th November 2022	5.00pm	Evensong	Quire	marking the 600th anniversary of Henry V Obit; sung by the Choir of Westminster Abbey	Byrd Justorum animae
Tuesday, 8th November 2022	5.00pm	Evensong	Quire	marking the 600th anniversary of Henry V Obit; sung by the Choir of Westminster Abbey	Walton Suite from Henry V
Thursday, 10th November 2022	5.00pm	Evensong	Quire	sung by the Choir of Westminster Abbey	Harris Holy is the true light
Thursday, 10th November 2022	5.00pm	Evensong	Quire	sung by the Choir of Westminster Abbey	Martin Responses
Thursday, 10th November 2022	5.00pm	Evensong	Quire	sung by the Choir of Westminster Abbey	Marenzio Magnificat octavi toni
Thursday, 10th November 2022	5.00pm	Evensong	Quire	sung by the Choir of Westminster Abbey	Victoria Nunc dimittis tertii toni
Thursday, 10th November 2022	5.00pm	Evensong	Quire	sung by the Choir of Westminster Abbey	Palestrina Tu es Petrus
Friday, 11th November 2022	5.00pm	Evensong	Quire	sung by the Choir of Westminster Abbey	Harris Holy is the true light
Friday, 11th November 2022	5.00pm	Evensong	Quire	sung by the Choir of Westminster Abbey	Martin Responses
Friday, 11th November 2022	5.00pm	Evensong	Quire	sung by the Choir of Westminster Abbey	Byrd Third Service
Friday, 11th November 2022	5.00pm	Evensong	Quire	sung by the Choir of Westminster Abbey	Byrd Beati mundo corde
Saturday, 12th November 2022	5.00pm	Evensong	Quire	part of the Chorister Experience Day; sung by the Choir of Westminster Abbey	Hurford Litany to the Holy Spirit
Saturday, 12th November 2022	5.00pm	Evensong	Quire	part of the Chorister Experience Day; sung by the Choir of Westminster Abbey	Martin Responses
Saturday, 12th November 2022	5.00pm	Evensong	Quire	part of the Chorister Experience Day; sung by the Choir of Westminster Abbey	Purcell in G minor
Saturday, 12th November 2022	5.00pm	Evensong	Quire	part of the Chorister Experience Day; sung by the Choir of Westminster Abbey	Purcell O God, thou art my God
Saturday, 12th November 2022	5.00pm	Evensong	Quire	part of the Chorister Experience Day; sung by the Choir of Westminster Abbey	Smart Postlude in D
Sunday, 13th November 2022	10.00am	Matins	St Margaret's Church	sung by the St Margaret's Consort	Elgar They are at rest
Sunday, 13th November 2022	10.00am	Matins	St Margaret's Church	sung by the St Margaret's Consort	Clucas Responses
Sunday, 13th November 2022	10.00am	Matins	St Margaret's Church	sung by the St Margaret's Consort	Britten Te Deum and Jubilate in C
Sunday, 13th November 2022	10.00am	Matins	St Margaret's Church	sung by the St Margaret's Consort	Duruflé Prelude (Suite Op 5)
Sunday, 13th November 2022	3.00pm	Evensong	Quire	sung by the Choir of Westminster Abbey	Harris Holy is the true light
Sunday, 13th November 2022	3.00pm	Evensong	Quire	sung by the Choir of Westminster Abbey	Martin Responses
Sunday, 13th November 2022	3.00pm	Evensong	Quire	sung by the Choir of Westminster Abbey	Brewer in D
Sunday, 13th November 2022	3.00pm	Evensong	Quire	sung by the Choir of Westminster Abbey	Bainton And I saw a new heaven
Sunday, 13th November 2022	3.00pm	Evensong	Quire	sung by the Choir of Westminster Abbey	Dupré Prelude and Fugue in F minor Op 7 no 2
Monday, 14th November 2022	5.00pm	Evensong	Quire	sung by the Choristers	plainsong Lucis Creator optime
Monday, 14th November 2022	5.00pm	Evensong	Quire	sung by the Choristers	plainsong Responses
Monday, 14th November 2022	5.00pm	Evensong	Quire	sung by the Choristers	Moore Second Service
Monday, 14th November 2022	5.00pm	Evensong	Quire	sung by the Choristers	Harris King of glory, King of peace
Tuesday, 15th November 2022	5.00pm	Evensong	Quire	sung by the Choir of Westminster Abbey	Byrd Prevent us, O Lord
Tuesday, 15th November 2022	5.00pm	Evensong	Quire	sung by the Choir of Westminster Abbey	Rose Responses
Tuesday, 15th November 2022	5.00pm	Evensong	Quire	sung by the Choir of Westminster Abbey	Wallen Magnificat and Nunc dimittis (first performance)
Tuesday, 15th November 2022	5.00pm	Evensong	Quire	sung by the Choir of Westminster Abbey	Stanford O for a closer walk with God
Wednesday, 16th November 2022	4.00pm	Evensong	Quire	sung by the Choir of Westminster Abbey; broadcast live by BBC Radio 3; congregation to be seated by 3.45 pm	Byrd Prevent us, O Lord
Wednesday, 16th November 2022	4.00pm	Evensong	Quire	sung by the Choir of Westminster Abbey; broadcast live by BBC Radio 3; congregation to be seated by 3.45 pm	Rose Responses
Wednesday, 16th November 2022	4.00pm	Evensong	Quire	sung by the Choir of Westminster Abbey; broadcast live by BBC Radio 3; congregation to be seated by 3.45 pm	Wallen Magnificat and Nunc dimittis
Wednesday, 16th November 2022	4.00pm	Evensong	Quire	sung by the Choir of Westminster Abbey; broadcast live by BBC Radio 3; congregation to be seated by 3.45 pm	Parry Blest pair of sirens
Wednesday, 16th November 2022	4.00pm	Evensong	Quire	sung by the Choir of Westminster Abbey; broadcast live by BBC Radio 3; congregation to be seated by 3.45 pm	Guilmant March on a theme of Handel
Thursday, 17th November 2022	5.00pm	Evensong	Quire	sung by the Choir of Westminster Abbey	Byrd Prevent us, O Lord
Thursday, 17th November 2022	5.00pm	Evensong	Quire	sung by the Choir of Westminster Abbey	Rose Responses
Thursday, 17th November 2022	5.00pm	Evensong	Quire	sung by the Choir of Westminster Abbey	Gibbons Second Service
Thursday, 17th November 2022	5.00pm	Evensong	Quire	sung by the Choir of Westminster Abbey	Byrd O Lord, make thy servant Elizabeth
Saturday, 19th November 2022	5.00pm	First Evensong of Christ the King	Quire	sung by the Lay Vicars	Tallis O come in one to praise the Lord
Saturday, 19th November 2022	5.00pm	First Evensong of Christ the King	Quire	sung by the Lay Vicars	Moore Responses
Saturday, 19th November 2022	5.00pm	First Evensong of Christ the King	Quire	sung by the Lay Vicars	Mundy in four parts
Saturday, 19th November 2022	5.00pm	First Evensong of Christ the King	Quire	sung by the Lay Vicars	Sheppard Laudem dicite Deo nostro
Saturday, 19th November 2022	5.00pm	First Evensong of Christ the King	Quire	sung by the Lay Vicars	Purcell Voluntary in D minor for double organ
Sunday, 20th November 2022	10.00am	Matins	St Margaret's Church	sung by the Lay Vicars	Tallis O come in one to praise the Lord
Sunday, 20th November 2022	10.00am	Matins	St Margaret's Church	sung by the Lay Vicars	Moore Responses
Sunday, 20th November 2022	10.00am	Matins	St Margaret's Church	sung by the Lay Vicars	Clucas Te Deum (Westminster Service)
Sunday, 20th November 2022	10.00am	Matins	St Margaret's Church	sung by the Lay Vicars	Jongen Prière
Sunday, 20th November 2022	11.15am	Sung Eucharist	Quire	sung by the Lay Vicars	Taverner Mean Mass
Sunday, 20th November 2022	11.15am	Sung Eucharist	Quire	sung by the Lay Vicars	Byrd O Rex gloriae
Sunday, 20th November 2022	11.15am	Sung Eucharist	Quire	sung by the Lay Vicars	Bach Prelude and Fugue in A minor BWV 543
Sunday, 20th November 2022	3.00pm	Evensong	Quire	sung by the Lay Vicars	Tallis O come in one to praise the Lord
Sunday, 20th November 2022	3.00pm	Evensong	Quire	sung by the Lay Vicars	Moore Responses
Sunday, 20th November 2022	3.00pm	Evensong	Quire	sung by the Lay Vicars	Ives Westminster Service
Sunday, 20th November 2022	3.00pm	Evensong	Quire	sung by the Lay Vicars	Wood Great Lord of lords
Sunday, 20th November 2022	3.00pm	Evensong	Quire	sung by the Lay Vicars	Gigout Grand choeur dialogué
Monday, 21st November 2022	5.00pm	Evensong, in thanksgiving for the life and work of Simon Preston CBE	Quire	sung by the Choir of Westminster Abbey	Purcell Hear my prayer, O Lord
Monday, 21st November 2022	5.00pm	Evensong, in thanksgiving for the life and work of Simon Preston CBE	Quire	sung by the Choir of Westminster Abbey	Rose Responses
Monday, 21st November 2022	5.00pm	Evensong, in thanksgiving for the life and work of Simon Preston CBE	Quire	sung by the Choir of Westminster Abbey	Howells Collegium Regale
Monday, 21st November 2022	5.00pm	Evensong, in thanksgiving for the life and work of Simon Preston CBE	Quire	sung by the Choir of Westminster Abbey	Parry Blest pair of sirens
Monday, 21st November 2022	5.00pm	Evensong, in thanksgiving for the life and work of Simon Preston CBE	Quire	sung by the Choir of Westminster Abbey	Messiaen Transports de joie (L'Ascension)
Tuesday, 22nd November 2022	5.00pm	Evensong	Quire	sung by the Lay Vicars	Muhly Oculi omnium
Tuesday, 22nd November 2022	5.00pm	Evensong	Quire	sung by the Lay Vicars	Moore Responses
Tuesday, 22nd November 2022	5.00pm	Evensong	Quire	sung by the Lay Vicars	Clucas Westminster Service
Tuesday, 22nd November 2022	5.00pm	Evensong	Quire	sung by the Lay Vicars	Jackson In all his works
Thursday, 24th November 2022	5.00pm	Evensong	Quire	sung by the Choir of Westminster Abbey	Mudd Let thy merciful ears
Thursday, 24th November 2022	5.00pm	Evensong	Quire	sung by the Choir of Westminster Abbey	Clucas Responses
Thursday, 24th November 2022	5.00pm	Evensong	Quire	sung by the Choir of Westminster Abbey	Murrill in E
Thursday, 24th November 2022	5.00pm	Evensong	Quire	sung by the Choir of Westminster Abbey	Britten A Hymn of St Columba
Friday, 25th November 2022	5.00pm	Evensong	Quire	sung by the Choir of Westminster Abbey	Mudd Let thy merciful ears
Friday, 25th November 2022	5.00pm	Evensong	Quire	sung by the Choir of Westminster Abbey	Clucas Responses
Friday, 25th November 2022	5.00pm	Evensong	Quire	sung by the Choir of Westminster Abbey	Tallis Magnificat and Nunc dimittis octavi toni
Friday, 25th November 2022	5.00pm	Evensong	Quire	sung by the Choir of Westminster Abbey	Weelkes Alleluia! I heard a voice
Saturday, 26th November 2022	5.00pm	Evensong	Quire	sung by the Choir of Westminster Abbey	Mudd Let thy merciful ears
Saturday, 26th November 2022	5.00pm	Evensong	Quire	sung by the Choir of Westminster Abbey	Clucas Responses
Saturday, 26th November 2022	5.00pm	Evensong	Quire	sung by the Choir of Westminster Abbey	Walton Chichester Service
Saturday, 26th November 2022	5.00pm	Evensong	Quire	sung by the Choir of Westminster Abbey	Wesley Thou wilt keep him in perfect peace
Saturday, 26th November 2022	5.00pm	Evensong	Quire	sung by the Choir of Westminster Abbey	McDowall Church bells beyond the stars
Sunday, 27th November 2022	11.15am	Sung Eucharist	Quire	sung by the Choir of Westminster Abbey	Byrd Mass for five voices
Sunday, 27th November 2022	11.15am	Sung Eucharist	Quire	sung by the Choir of Westminster Abbey	Victoria Ecce Dominus veniet
Sunday, 27th November 2022	11.15am	Sung Eucharist	Quire	sung by the Choir of Westminster Abbey	Bach Fantasia and Fugue in C minor BWV 537
Monday, 28th November 2022	5.00pm	Evensong	Quire	sung by the Choristers; attended by HE The High Commissioner for Barbados	plainsong Conditor alme siderum
Monday, 28th November 2022	5.00pm	Evensong	Quire	sung by the Choristers; attended by HE The High Commissioner for Barbados	plainsong Responses
Monday, 28th November 2022	5.00pm	Evensong	Quire	sung by the Choristers; attended by HE The High Commissioner for Barbados	Dyson in C minor
Monday, 28th November 2022	5.00pm	Evensong	Quire	sung by the Choristers; attended by HE The High Commissioner for Barbados	Warlock Adam lay ybounden
Tuesday, 29th November 2022	5.00pm	Evensong with Installation of Members of College	Quire	sung by the Choir of Westminster Abbey	Clucas Prepare ye the way of the Lord
Tuesday, 29th November 2022	5.00pm	Evensong with Installation of Members of College	Quire	sung by the Choir of Westminster Abbey	Gibbons and Barnard Responses
Tuesday, 29th November 2022	5.00pm	Evensong with Installation of Members of College	Quire	sung by the Choir of Westminster Abbey	Tomkins Fifth Service
Tuesday, 29th November 2022	5.00pm	Evensong with Installation of Members of College	Quire	sung by the Choir of Westminster Abbey	Byrd Vigilate
Friday, 2nd December 2022	5.00pm	Evensong	Quire	sung by the Choir of Westminster Abbey	Clucas Prepare ye the way of the Lord
Friday, 2nd December 2022	5.00pm	Evensong	Quire	sung by the Choir of Westminster Abbey	Gibbons and Barnard Responses
Friday, 2nd December 2022	5.00pm	Evensong	Quire	sung by the Choir of Westminster Abbey	Hooper Short Service
Friday, 2nd December 2022	5.00pm	Evensong	Quire	sung by the Choir of Westminster Abbey	Byrd Rorate caeli desuper
Saturday, 3rd December 2022	5.00pm	Evensong	Quire	sung by the Choir of Westminster Abbey	Clucas Prepare ye the way of the Lord
Saturday, 3rd December 2022	5.00pm	Evensong	Quire	sung by the Choir of Westminster Abbey	Gibbons and Barnard Responses
Saturday, 3rd December 2022	5.00pm	Evensong	Quire	sung by the Choir of Westminster Abbey	Walmisley in D minor
Saturday, 3rd December 2022	5.00pm	Evensong	Quire	sung by the Choir of Westminster Abbey	Mendelssohn I waited for the Lord
Saturday, 3rd December 2022	5.00pm	Evensong	Quire	sung by the Choir of Westminster Abbey	Bach Vivace (Sonata II in C minor BWV 526)
Sunday, 4th December 2022	10.00am	Matins	Quire	sung by the Choir of Westminster Abbey	Clucas Prepare ye the way of the Lord
Sunday, 4th December 2022	10.00am	Matins	Quire	sung by the Choir of Westminster Abbey	Gibbons and Barnard Responses
Sunday, 4th December 2022	10.00am	Matins	Quire	sung by the Choir of Westminster Abbey	Dyson Benedicite in F
Sunday, 4th December 2022	10.00am	Matins	Quire	sung by the Choir of Westminster Abbey	Stanford Benedictus in C
Sunday, 4th December 2022	10.00am	Matins	Quire	sung by the Choir of Westminster Abbey	Stanford Benedictus (Sonata III in D minor Op 152 'Britannica')
Sunday, 4th December 2022	11.15am	Sung Eucharist	Quire	sung by the Choir of Westminster Abbey	Rheinberger Mass in E flat
Sunday, 4th December 2022	11.15am	Sung Eucharist	Quire	sung by the Choir of Westminster Abbey	Elgar O hearken thou
Sunday, 4th December 2022	11.15am	Sung Eucharist	Quire	sung by the Choir of Westminster Abbey	Schumann Langsam (Six Fugues on BACH Op 60)
Sunday, 4th December 2022	3.00pm	Evensong	Quire	sung by the Choir of Westminster Abbey	Clucas Prepare ye the way of the Lord
Sunday, 4th December 2022	3.00pm	Evensong	Quire	sung by the Choir of Westminster Abbey	Gibbons and Barnard Responses
Sunday, 4th December 2022	3.00pm	Evensong	Quire	sung by the Choir of Westminster Abbey	Howells Gloucester Service
Sunday, 4th December 2022	3.00pm	Evensong	Quire	sung by the Choir of Westminster Abbey	Bruckner Virga Jesse
Sunday, 4th December 2022	3.00pm	Evensong	Quire	sung by the Choir of Westminster Abbey	Dupré Le monde dans l'attente du Sauveur (Symphonie-Passion Op 23)
Monday, 5th December 2022	5.00pm	Evensong	Quire	sung by the Lay Vicars	plainsong Conditor alme siderum
Monday, 5th December 2022	5.00pm	Evensong	Quire	sung by the Lay Vicars	plainsong Responses
Monday, 5th December 2022	5.00pm	Evensong	Quire	sung by the Lay Vicars	Monte Magnificat octavi toni
Monday, 5th December 2022	5.00pm	Evensong	Quire	sung by the Lay Vicars	plainsong Nunc dimittis
Monday, 5th December 2022	5.00pm	Evensong	Quire	sung by the Lay Vicars	Byrd Domine praestolamur adventum tuum
Thursday, 8th December 2022	5.00pm	Evensong	Quire	sung by the Choir of Westminster Abbey	Victoria Ave Maria a 4
Thursday, 8th December 2022	5.00pm	Evensong	Quire	sung by the Choir of Westminster Abbey	Tomkins Responses
Thursday, 8th December 2022	5.00pm	Evensong	Quire	sung by the Choir of Westminster Abbey	Tavener Collegium Regale
Thursday, 8th December 2022	5.00pm	Evensong	Quire	sung by the Choir of Westminster Abbey	Bruckner Tota pulchra es Maria
Friday, 9th December 2022	5.00pm	Evensong	Quire	sung by the Choir of Westminster Abbey	Clucas Wake, O wake
Friday, 9th December 2022	5.00pm	Evensong	Quire	sung by the Choir of Westminster Abbey	Tomkins Responses
Friday, 9th December 2022	5.00pm	Evensong	Quire	sung by the Choir of Westminster Abbey	Victoria Magnificat octavi toni
Friday, 9th December 2022	5.00pm	Evensong	Quire	sung by the Choir of Westminster Abbey	Wood Nunc dimittis in B flat
Friday, 9th December 2022	5.00pm	Evensong	Quire	sung by the Choir of Westminster Abbey	Byrd Laetentur caeli
Saturday, 10th December 2022	5.00pm	Evensong	Quire	sung by the Choir of Westminster Abbey	Clucas Wake, O wake
Saturday, 10th December 2022	5.00pm	Evensong	Quire	sung by the Choir of Westminster Abbey	Tomkins Responses
Saturday, 10th December 2022	5.00pm	Evensong	Quire	sung by the Choir of Westminster Abbey	Muhly Westminster Service
Saturday, 10th December 2022	5.00pm	Evensong	Quire	sung by the Choir of Westminster Abbey	Gibbons This is the record of John
Saturday, 10th December 2022	5.00pm	Evensong	Quire	sung by the Choir of Westminster Abbey	Buxtehude Praeludium in G minor BuxWV 149
Sunday, 11th December 2022	10.00am	Matins	St Margaret's Church	sung by the Choir of Westminster Abbey	Clucas Wake, O wake
Sunday, 11th December 2022	10.00am	Matins	St Margaret's Church	sung by the Choir of Westminster Abbey	Tomkins Responses
Sunday, 11th December 2022	10.00am	Matins	St Margaret's Church	sung by the Choir of Westminster Abbey	Jackson Benedicite in G
Sunday, 11th December 2022	10.00am	Matins	St Margaret's Church	sung by the Choir of Westminster Abbey	Jackson Chorale Op 16ii
Sunday, 11th December 2022	11.15am	Sung Eucharist	Quire	sung by the Choir of Westminster Abbey	Schubert Mass II in G
Sunday, 11th December 2022	11.15am	Sung Eucharist	Quire	sung by the Choir of Westminster Abbey	Dupré O salutaris hostia
Sunday, 11th December 2022	11.15am	Sung Eucharist	Quire	sung by the Choir of Westminster Abbey	Eben Moto ostinato (Sunday Music)
Sunday, 11th December 2022	3.00pm	Evensong	Quire	sung by the Lay Vicars	arr Eccard Nun komm, der Heiden Heiland
Sunday, 11th December 2022	3.00pm	Evensong	Quire	sung by the Lay Vicars	Byrd and Quinney Responses
Sunday, 11th December 2022	3.00pm	Evensong	Quire	sung by the Lay Vicars	Lassus Magnificat octavi toni
Sunday, 11th December 2022	3.00pm	Evensong	Quire	sung by the Lay Vicars	Reid Nunc dimittis tertii toni
Sunday, 11th December 2022	3.00pm	Evensong	Quire	sung by the Lay Vicars	Sweelinck Gaudete omnes
Sunday, 11th December 2022	3.00pm	Evensong	Quire	sung by the Lay Vicars	Bach Kyrie, Gott heilige Geist BWV 671
Monday, 12th December 2022	5.00pm	Evensong	Quire	sung by the Choristers; attended by HE The High Commissioner for Kenya	plainsong Conditor alme siderum
Monday, 12th December 2022	5.00pm	Evensong	Quire	sung by the Choristers; attended by HE The High Commissioner for Kenya	plainsong Responses
Monday, 12th December 2022	5.00pm	Evensong	Quire	sung by the Choristers; attended by HE The High Commissioner for Kenya	Vaughan Williams in D
Monday, 12th December 2022	5.00pm	Evensong	Quire	sung by the Choristers; attended by HE The High Commissioner for Kenya	Britten There is no rose
Tuesday, 13th December 2022	5.00pm	Evensong	Quire	sung by the Choir of Westminster Abbey	Tallis O nata lux de lumine
Tuesday, 13th December 2022	5.00pm	Evensong	Quire	sung by the Choir of Westminster Abbey	Leighton Responses
Tuesday, 13th December 2022	5.00pm	Evensong	Quire	sung by the Choir of Westminster Abbey	Mundy in medio chori
Tuesday, 13th December 2022	5.00pm	Evensong	Quire	sung by the Choir of Westminster Abbey	Parsons Ave Maria
Friday, 16th December 2022	5.00pm	Evensong	Quire	sung by the Lay Vicars	Dufay Conditor alme siderum
Friday, 16th December 2022	5.00pm	Evensong	Quire	sung by the Lay Vicars	plainsong Responses
Friday, 16th December 2022	5.00pm	Evensong	Quire	sung by the Lay Vicars	Dunstaple Magnificat secundi toni
Friday, 16th December 2022	5.00pm	Evensong	Quire	sung by the Lay Vicars	plainsong Nunc dimittis
Friday, 16th December 2022	5.00pm	Evensong	Quire	sung by the Lay Vicars	Mundy Sive vigilem
Saturday, 17th December 2022	5.00pm	Evensong	Quire	sung by the Lay Vicars	plainsong O Wisdom
Saturday, 17th December 2022	5.00pm	Evensong	Quire	sung by the Lay Vicars	Tallis Responses
Saturday, 17th December 2022	5.00pm	Evensong	Quire	sung by the Lay Vicars	Guerrero Magnificat secundi toni
Saturday, 17th December 2022	5.00pm	Evensong	Quire	sung by the Lay Vicars	Viadana Nunc dimittis tertii toni
Saturday, 17th December 2022	5.00pm	Evensong	Quire	sung by the Lay Vicars	Palestrina Canite tuba in Sion
Saturday, 17th December 2022	5.00pm	Evensong	Quire	sung by the Lay Vicars	Bach Wachet auf, ruft uns die Stimme BWV 645
Sunday, 18th December 2022	10.00am	Matins	St Margaret's Church	sung by the Lay Vicars	plainsong O Adonaï
Sunday, 18th December 2022	10.00am	Matins	St Margaret's Church	sung by the Lay Vicars	Tallis Responses
Sunday, 18th December 2022	10.00am	Matins	St Margaret's Church	sung by the Lay Vicars	Tomkins Benedictus (First Service)
Sunday, 18th December 2022	10.00am	Matins	St Margaret's Church	sung by the Lay Vicars	Tomkins Voluntary in D
Sunday, 18th December 2022	11.15am	Sung Eucharist	Quire	sung by the Lay Vicars	Palestrina Missa Ave Maria
Sunday, 18th December 2022	11.15am	Sung Eucharist	Quire	sung by the Lay Vicars	Sheppard Rejoice in the Lord always
Sunday, 18th December 2022	11.15am	Sung Eucharist	Quire	sung by the Lay Vicars	Bach Fantasia and Fugue in G minor BWV 542
Sunday, 18th December 2022	3.00pm	Evensong	Quire	sung by the Lay Vicars	plainsong O Adonaï
Sunday, 18th December 2022	3.00pm	Evensong	Quire	sung by the Lay Vicars	Tallis Responses
Sunday, 18th December 2022	3.00pm	Evensong	Quire	sung by the Lay Vicars	Victoria Magnificat sexti toni a 12
Sunday, 18th December 2022	3.00pm	Evensong	Quire	sung by the Lay Vicars	Quinney Nunc dimittis tertii toni
Sunday, 18th December 2022	3.00pm	Evensong	Quire	sung by the Lay Vicars	Pärt O Adonai
Sunday, 18th December 2022	3.00pm	Evensong	Quire	sung by the Lay Vicars	Bach Prelude and Fugue in F minor BWV 534
Monday, 19th December 2022	5.00pm	Evensong	Quire	sung by the Lay Vicars	plainsong O Root of Jesse
Monday, 19th December 2022	5.00pm	Evensong	Quire	sung by the Lay Vicars	plainsong Responses
Monday, 19th December 2022	5.00pm	Evensong	Quire	sung by the Lay Vicars	Tallis Short Service
Monday, 19th December 2022	5.00pm	Evensong	Quire	sung by the Lay Vicars	Tallis Audivi vocem
Saturday, 24th December 2022	11.00pm	First Eucharist of Christmas	Abbey	sung by the Choir of Westminster Abbey	Dvorák Mass in D Op 86
Saturday, 24th December 2022	11.00pm	First Eucharist of Christmas	Abbey	sung by the Choir of Westminster Abbey	Scheidt Puer natus in Bethlehem
Saturday, 24th December 2022	11.00pm	First Eucharist of Christmas	Abbey	sung by the Choir of Westminster Abbey	Victoria O magnum mysterium
Saturday, 24th December 2022	11.00pm	First Eucharist of Christmas	Abbey	sung by the Choir of Westminster Abbey	Gigout Rhapsodie sur des Noëls
Sunday, 25th December 2022	10.30am	Sung Eucharist	Quire	sung by the Choir of Westminster Abbey	Palestrina Missa Hodie Christus natus est
Sunday, 25th December 2022	10.30am	Sung Eucharist	Quire	sung by the Choir of Westminster Abbey	Poulenc Hodie Christus natus est
Sunday, 25th December 2022	10.30am	Sung Eucharist	Quire	sung by the Choir of Westminster Abbey	Schütz Hodie Christus natus est
Sunday, 25th December 2022	10.30am	Sung Eucharist	Quire	sung by the Choir of Westminster Abbey	Bach Pièce d'orgue BWV 572
Sunday, 25th December 2022	3.00pm	Evensong	Quire	sung by the Choir of Westminster Abbey	Walton All this time
Sunday, 25th December 2022	3.00pm	Evensong	Quire	sung by the Choir of Westminster Abbey	Rose Responses
Sunday, 25th December 2022	3.00pm	Evensong	Quire	sung by the Choir of Westminster Abbey	Stanford in A
Sunday, 25th December 2022	3.00pm	Evensong	Quire	sung by the Choir of Westminster Abbey	Sheppard Verbum caro factum est
Sunday, 25th December 2022	3.00pm	Evensong	Quire	sung by the Choir of Westminster Abbey	Vierne Carillon de Westminster Op 54 no 6
Thursday, 29th December 2022	5.00pm	Evensong	Quire	sung by Hatfield College Chapel Choir, Durham	Leighton Responses
Thursday, 29th December 2022	5.00pm	Evensong	Quire	sung by Hatfield College Chapel Choir, Durham	Sumsion in A
Thursday, 29th December 2022	5.00pm	Evensong	Quire	sung by Hatfield College Chapel Choir, Durham	Howells Long, long ago
Friday, 30th December 2022	5.00pm	Evensong	Quire	sung by the Choir of the Pilgrim Uniting Church, Adelaide, Australia	Smith Responses
Friday, 30th December 2022	5.00pm	Evensong	Quire	sung by the Choir of the Pilgrim Uniting Church, Adelaide, Australia	Stanford in G
Friday, 30th December 2022	5.00pm	Evensong	Quire	sung by the Choir of the Pilgrim Uniting Church, Adelaide, Australia	Stopford There is no rose
