Monday, 2nd January 2023	5.00pm	Evensong	Quire	sung by the Happenstance Singers	Tomkins Responses
Monday, 2nd January 2023	5.00pm	Evensong	Quire	sung by the Happenstance Singers	Noble in B minor
Monday, 2nd January 2023	5.00pm	Evensong	Quire	sung by the Happenstance Singers	Lawson Lullay, mine liking
Thursday, 5th January 2023	5.00pm	First Evensong of the Epiphany of Our Lord	Quire	sung by the Mayfield Consort	Walsh Responses
Thursday, 5th January 2023	5.00pm	First Evensong of the Epiphany of Our Lord	Quire	sung by the Mayfield Consort	Brewer in D
Thursday, 5th January 2023	5.00pm	First Evensong of the Epiphany of Our Lord	Quire	sung by the Mayfield Consort	Rutter There is a flower
Friday, 6th January 2023	5.00pm	Sung Eucharist	Quire	sung by the Lay Vicars	plainsong Ecce advenit
Friday, 6th January 2023	5.00pm	Sung Eucharist	Quire	sung by the Lay Vicars	Byrd Mass for three voices
Friday, 6th January 2023	5.00pm	Sung Eucharist	Quire	sung by the Lay Vicars	Morales Cum natus esset Jesus
Saturday, 7th January 2023	5.00pm	First Evensong of the Baptism of Christ	Quire	sung by the Lay Vicars	Clucas There came a voice from heaven
Saturday, 7th January 2023	5.00pm	First Evensong of the Baptism of Christ	Quire	sung by the Lay Vicars	Moore Responses
Saturday, 7th January 2023	5.00pm	First Evensong of the Baptism of Christ	Quire	sung by the Lay Vicars	Moore in A
Saturday, 7th January 2023	5.00pm	First Evensong of the Baptism of Christ	Quire	sung by the Lay Vicars	Moore Lo! that is a marvellous change
Saturday, 7th January 2023	5.00pm	First Evensong of the Baptism of Christ	Quire	sung by the Lay Vicars	Litaize Epiphanie
Sunday, 8th January 2023	10.00am	Matins	St Margaret's Church	sung by the Lay Vicars	Clucas There came a voice from heaven
Sunday, 8th January 2023	10.00am	Matins	St Margaret's Church	sung by the Lay Vicars	Moore Responses
Sunday, 8th January 2023	10.00am	Matins	St Margaret's Church	sung by the Lay Vicars	Clucas Te Deum (Westminster Service)
Sunday, 8th January 2023	10.00am	Matins	St Margaret's Church	sung by the Lay Vicars	Whitlock Lantana (Plymouth Suite)
Sunday, 8th January 2023	11.15am	Sung Eucharist	Quire	sung by the Lay Vicars	Palestrina Missa L’homme armé 
Sunday, 8th January 2023	11.15am	Sung Eucharist	Quire	sung by the Lay Vicars	Palestrina Tribus miraculis
Sunday, 8th January 2023	11.15am	Sung Eucharist	Quire	sung by the Lay Vicars	Bach Prelude and Fugue in C BWV 545
Sunday, 8th January 2023	3.00pm	Evensong	Quire	sung by the Lay Vicars	Clucas There came a voice from heaven
Sunday, 8th January 2023	3.00pm	Evensong	Quire	sung by the Lay Vicars	Moore Responses
Sunday, 8th January 2023	3.00pm	Evensong	Quire	sung by the Lay Vicars	Sumsion in G
Sunday, 8th January 2023	3.00pm	Evensong	Quire	sung by the Lay Vicars	Elgar Seek him that maketh the seven stars
Sunday, 8th January 2023	3.00pm	Evensong	Quire	sung by the Lay Vicars	Leighton Paean
Monday, 9th January 2023	5.00pm	Evensong	Quire	sung by the Choristers	plainsong Hostis Herodes impie
Monday, 9th January 2023	5.00pm	Evensong	Quire	sung by the Choristers	plainsong Responses
Monday, 9th January 2023	5.00pm	Evensong	Quire	sung by the Choristers	Moore Second Service
Monday, 9th January 2023	5.00pm	Evensong	Quire	sung by the Choristers	Handel How beautiful are the feet
Tuesday, 10th January 2023	5.00pm	Evensong	Quire	sung by the Choir of Westminster Abbey	anonymous Coventry Carol
Tuesday, 10th January 2023	5.00pm	Evensong	Quire	sung by the Choir of Westminster Abbey	Clucas Responses
Tuesday, 10th January 2023	5.00pm	Evensong	Quire	sung by the Choir of Westminster Abbey	Sumsion in G
Tuesday, 10th January 2023	5.00pm	Evensong	Quire	sung by the Choir of Westminster Abbey	Cornelius The Three Kings
Thursday, 12th January 2023	5.00pm	Evensong	Quire	sung by the Choir of Westminster Abbey	anonymous Coventry Carol
Thursday, 12th January 2023	5.00pm	Evensong	Quire	sung by the Choir of Westminster Abbey	Clucas Responses
Thursday, 12th January 2023	5.00pm	Evensong	Quire	sung by the Choir of Westminster Abbey	Blow in F
Thursday, 12th January 2023	5.00pm	Evensong	Quire	sung by the Choir of Westminster Abbey	Bull Almighty God, which by the leading of a star
Friday, 13th January 2023	5.00pm	Evensong	Quire	sung by the Choir of Westminster Abbey	anonymous Coventry Carol
Friday, 13th January 2023	5.00pm	Evensong	Quire	sung by the Choir of Westminster Abbey	Clucas Responses
Friday, 13th January 2023	5.00pm	Evensong	Quire	sung by the Choir of Westminster Abbey	Victoria Magnificat primi toni a 4
Friday, 13th January 2023	5.00pm	Evensong	Quire	sung by the Choir of Westminster Abbey	Victoria Nunc dimittis tertii toni
Friday, 13th January 2023	5.00pm	Evensong	Quire	sung by the Choir of Westminster Abbey	Handl Omnes de Saba venient
Saturday, 14th January 2023	5.00pm	Evensong	Quire	sung by the Choir of Westminster Abbey	Handl Omnes de Saba venient
Saturday, 14th January 2023	5.00pm	Evensong	Quire	sung by the Choir of Westminster Abbey	Clucas Responses
Saturday, 14th January 2023	5.00pm	Evensong	Quire	sung by the Choir of Westminster Abbey	Stanford in B flat
Saturday, 14th January 2023	5.00pm	Evensong	Quire	sung by the Choir of Westminster Abbey	Elgar Give unto the Lord
Sunday, 15th January 2023	10.00am	Matins	St Margaret's Church	sung by the Choir of Westminster Abbey	Handl Omnes de Saba venient
Sunday, 15th January 2023	10.00am	Matins	St Margaret's Church	sung by the Choir of Westminster Abbey	Clucas Responses
Sunday, 15th January 2023	10.00am	Matins	St Margaret's Church	sung by the Choir of Westminster Abbey	Stanford Te Deum in B flat
Sunday, 15th January 2023	11.15am	Sung Eucharist	Quire	sung by the Choir of Westminster Abbey	Tye Missa Euge bone
Sunday, 15th January 2023	11.15am	Sung Eucharist	Quire	sung by the Choir of Westminster Abbey	Tallis O nata lux de lumine
Sunday, 15th January 2023	11.15am	Sung Eucharist	Quire	sung by the Choir of Westminster Abbey	Praetorius Nun lob, mein Seel, den Herren
Sunday, 15th January 2023	3.00pm	Evensong	Quire	sung by the Choir of Westminster Abbey	Handl Omnes de Saba venient
Sunday, 15th January 2023	3.00pm	Evensong	Quire	sung by the Choir of Westminster Abbey	Clucas Responses
Sunday, 15th January 2023	3.00pm	Evensong	Quire	sung by the Choir of Westminster Abbey	Byrd Second Service
Sunday, 15th January 2023	3.00pm	Evensong	Quire	sung by the Choir of Westminster Abbey	Victoria O magnum mysterium
Monday, 16th January 2023	5.00pm	Evensong	Quire	sung by the Lay Vicars	Byrd Surge illuminare Jerusalem
Monday, 16th January 2023	5.00pm	Evensong	Quire	sung by the Lay Vicars	Byrd and Quinney Responses
Monday, 16th January 2023	5.00pm	Evensong	Quire	sung by the Lay Vicars	Sheppard First Service
Monday, 16th January 2023	5.00pm	Evensong	Quire	sung by the Lay Vicars	Byrd Reges Tharsis et insulae
Tuesday, 17th January 2023	5.00pm	Evensong	Quire	sung by the Choir of Westminster Abbey	Handl Omnes de Saba venient
Tuesday, 17th January 2023	5.00pm	Evensong	Quire	sung by the Choir of Westminster Abbey	Smith Responses
Tuesday, 17th January 2023	5.00pm	Evensong	Quire	sung by the Choir of Westminster Abbey	Dyson in F
Tuesday, 17th January 2023	5.00pm	Evensong	Quire	sung by the Choir of Westminster Abbey	Poulenc Videntes stellam
Thursday, 19th January 2023	5.00pm	Evensong	Quire	sung by the Choir of Westminster Abbey	Poulenc Videntes stellam
Thursday, 19th January 2023	5.00pm	Evensong	Quire	sung by the Choir of Westminster Abbey	Smith Responses
Thursday, 19th January 2023	5.00pm	Evensong	Quire	sung by the Choir of Westminster Abbey	Gibbons Short Service
Thursday, 19th January 2023	5.00pm	Evensong	Quire	sung by the Choir of Westminster Abbey	Byrd Praise our Lord, all ye Gentiles
Friday, 20th January 2023	5.00pm	Evensong	Quire	sung by the Choir of Westminster Abbey	Poulenc Videntes stellam
Friday, 20th January 2023	5.00pm	Evensong	Quire	sung by the Choir of Westminster Abbey	Smith Responses
Friday, 20th January 2023	5.00pm	Evensong	Quire	sung by the Choir of Westminster Abbey	Weelkes Short Service
Friday, 20th January 2023	5.00pm	Evensong	Quire	sung by the Choir of Westminster Abbey	Clemens non Papa Magi veniunt ab oriente
Saturday, 21st January 2023	5.00pm	Evensong	Quire	sung by the Choir of Westminster Abbey	Clemens non Papa Magi veniunt ab oriente
Saturday, 21st January 2023	5.00pm	Evensong	Quire	sung by the Choir of Westminster Abbey	Smith Responses
Saturday, 21st January 2023	5.00pm	Evensong	Quire	sung by the Choir of Westminster Abbey	Howells Gloucester Service
Saturday, 21st January 2023	5.00pm	Evensong	Quire	sung by the Choir of Westminster Abbey	Kirbye Vox in Rama audita est
Saturday, 21st January 2023	5.00pm	Evensong	Quire	sung by the Choir of Westminster Abbey	Howells Rhapsody in D flat
Sunday, 22nd January 2023	10.00am	Matins	St Margaret's	sung by the Choir of Westminster Abbey	Clemens non Papa Magi veniunt ab oriente
Sunday, 22nd January 2023	10.00am	Matins	St Margaret's	sung by the Choir of Westminster Abbey	Smith Responses
Sunday, 22nd January 2023	10.00am	Matins	St Margaret's	sung by the Choir of Westminster Abbey	Gibbons Benedictus (Short Service)
Sunday, 22nd January 2023	10.00am	Matins	St Margaret's	sung by the Choir of Westminster Abbey	Bach Prelude and Fugue in E minor BWV 555
Sunday, 22nd January 2023	11.15am	Sung Eucharist	Quire	sung by the Choir of Westminster Abbey	Vierne Messe solennelle
Sunday, 22nd January 2023	11.15am	Sung Eucharist	Quire	sung by the Choir of Westminster Abbey	Duruflé Ubi caritas et amor
Sunday, 22nd January 2023	11.15am	Sung Eucharist	Quire	sung by the Choir of Westminster Abbey	Messiaen Dans le Verbe était la Vie et la Vie était la Lumière (Méditations sur le Mystère de la Sainte Trinité)
Sunday, 22nd January 2023	3.00pm	Evensong	Quire	sung by the Choir of Westminster Abbey	Clemens non Papa Magi veniunt ab oriente
Sunday, 22nd January 2023	3.00pm	Evensong	Quire	sung by the Choir of Westminster Abbey	Smith Responses
Sunday, 22nd January 2023	3.00pm	Evensong	Quire	sung by the Choir of Westminster Abbey	Jackson in G
Sunday, 22nd January 2023	3.00pm	Evensong	Quire	sung by the Choir of Westminster Abbey	Poulenc Videntes stellam
Sunday, 22nd January 2023	3.00pm	Evensong	Quire	sung by the Choir of Westminster Abbey	Howells Rhapsody in E flat minor
Monday, 23rd January 2023	5.00pm	Evensong	Quire	sung by the Choristers	Vaughan Williams The Call
Monday, 23rd January 2023	5.00pm	Evensong	Quire	sung by the Choristers	plainsong Responses
Monday, 23rd January 2023	5.00pm	Evensong	Quire	sung by the Choristers	Sumsion in G
Monday, 23rd January 2023	5.00pm	Evensong	Quire	sung by the Choristers	Haydn Benedictus
Tuesday, 24th January 2023	5.00pm	First Evensong of the Conversion of St Paul	Quire	sung by the Choir of Westminster Abbey	Gibbons Almighty and everlasting God
Tuesday, 24th January 2023	5.00pm	First Evensong of the Conversion of St Paul	Quire	sung by the Choir of Westminster Abbey	Rose Responses
Tuesday, 24th January 2023	5.00pm	First Evensong of the Conversion of St Paul	Quire	sung by the Choir of Westminster Abbey	Murrill in E
Tuesday, 24th January 2023	5.00pm	First Evensong of the Conversion of St Paul	Quire	sung by the Choir of Westminster Abbey	Vaughan Williams Antiphon
Thursday, 26th January 2023	5.00pm	Evensong	Quire	sung by the Choir of Westminster Abbey; attended by the Deputy High Commissioner for Australia	Gibbons Almighty and everlasting God
Thursday, 26th January 2023	5.00pm	Evensong	Quire	sung by the Choir of Westminster Abbey; attended by the Deputy High Commissioner for Australia	Rose Responses
Thursday, 26th January 2023	5.00pm	Evensong	Quire	sung by the Choir of Westminster Abbey; attended by the Deputy High Commissioner for Australia	Wise in E flat
Thursday, 26th January 2023	5.00pm	Evensong	Quire	sung by the Choir of Westminster Abbey; attended by the Deputy High Commissioner for Australia	Purcell O God, thou art my God
Friday, 27th January 2023	5.00pm	Evensong	Quire	sung by the Choir of Westminster Abbey	Gibbons Almighty and everlasting God
Friday, 27th January 2023	5.00pm	Evensong	Quire	sung by the Choir of Westminster Abbey	Rose Responses
Friday, 27th January 2023	5.00pm	Evensong	Quire	sung by the Choir of Westminster Abbey	Hooper Short Service
Friday, 27th January 2023	5.00pm	Evensong	Quire	sung by the Choir of Westminster Abbey	Frances-Hoad A Blessing
Sunday, 29th January 2023	10.00am	Matins	Quire	sung by the Choir of Westminster Abbey	Gibbons Almighty and everlasting God
Sunday, 29th January 2023	10.00am	Matins	Quire	sung by the Choir of Westminster Abbey	Rose Responses
Sunday, 29th January 2023	10.00am	Matins	Quire	sung by the Choir of Westminster Abbey	Britten Te Deum in C
Sunday, 29th January 2023	10.00am	Matins	Quire	sung by the Choir of Westminster Abbey	Bach Wie schön leuchtet der Morgenstern BWV 739
Sunday, 29th January 2023	11.15am	Sung Eucharist	Quire	sung by the Choir of Westminster Abbey	Tallis Missa Salve intermerata
Sunday, 29th January 2023	11.15am	Sung Eucharist	Quire	sung by the Choir of Westminster Abbey	Tallis O salutaris hostia
Sunday, 29th January 2023	11.15am	Sung Eucharist	Quire	sung by the Choir of Westminster Abbey	Sweelinck Toccata in C
Sunday, 29th January 2023	3.00pm	Evensong with Installation of Organist and Master of the Choristers	Quire	sung by the Choir of Westminster Abbey	Gibbons Almighty and everlasting God
Sunday, 29th January 2023	3.00pm	Evensong with Installation of Organist and Master of the Choristers	Quire	sung by the Choir of Westminster Abbey	Rose Responses
Sunday, 29th January 2023	3.00pm	Evensong with Installation of Organist and Master of the Choristers	Quire	sung by the Choir of Westminster Abbey	Stanford in C
Sunday, 29th January 2023	3.00pm	Evensong with Installation of Organist and Master of the Choristers	Quire	sung by the Choir of Westminster Abbey	Tallis Videte miraculum
Sunday, 29th January 2023	3.00pm	Evensong with Installation of Organist and Master of the Choristers	Quire	sung by the Choir of Westminster Abbey	Byrd Fantasia in G
Monday, 30th January 2023	5.00pm	Evensong	Quire	sung by the Lay Vicars	Byrd Tui sunt caeli
Monday, 30th January 2023	5.00pm	Evensong	Quire	sung by the Lay Vicars	plainsong Responses
Monday, 30th January 2023	5.00pm	Evensong	Quire	sung by the Lay Vicars	Ramsey Short Service
Monday, 30th January 2023	5.00pm	Evensong	Quire	sung by the Lay Vicars	Purcell Blessed is he that considereth the poor
Tuesday, 31st January 2023	5.00pm	Evensong	Quire	attended by the Honorary Consul for Nauru; sung by the Choir of Westminster Abbey	Bruckner Locus iste a Deo factus est
Tuesday, 31st January 2023	5.00pm	Evensong	Quire	attended by the Honorary Consul for Nauru; sung by the Choir of Westminster Abbey	Ayleward Responses
Tuesday, 31st January 2023	5.00pm	Evensong	Quire	attended by the Honorary Consul for Nauru; sung by the Choir of Westminster Abbey	Wood in E flat No 2
Tuesday, 31st January 2023	5.00pm	Evensong	Quire	attended by the Honorary Consul for Nauru; sung by the Choir of Westminster Abbey	Wood Hail, gladdening light
Thursday, 2nd February 2023	5.00pm	Sung Eucharist with the Blessing of Candles	Quire	sung by the Choir of Westminster Abbey	Byrd Mass for four voices
Thursday, 2nd February 2023	5.00pm	Sung Eucharist with the Blessing of Candles	Quire	sung by the Choir of Westminster Abbey	Byrd Senex puerum portabat
Thursday, 2nd February 2023	5.00pm	Sung Eucharist with the Blessing of Candles	Quire	sung by the Choir of Westminster Abbey	Tye Nunc dimittis
Thursday, 2nd February 2023	5.00pm	Sung Eucharist with the Blessing of Candles	Quire	sung by the Choir of Westminster Abbey	Buxtehude Mit Fried und Freud
Friday, 3rd February 2023	5.00pm	Evensong	Quire	sung by the Choir of Westminster Abbey; attended by HE The High Commissioner for Sri Lanka	Bruckner Locus iste a Deo factus est
Friday, 3rd February 2023	5.00pm	Evensong	Quire	sung by the Choir of Westminster Abbey; attended by HE The High Commissioner for Sri Lanka	Ayleward Responses
Friday, 3rd February 2023	5.00pm	Evensong	Quire	sung by the Choir of Westminster Abbey; attended by HE The High Commissioner for Sri Lanka	plainsong Magnificat
Friday, 3rd February 2023	5.00pm	Evensong	Quire	sung by the Choir of Westminster Abbey; attended by HE The High Commissioner for Sri Lanka	Chesnokov Nunc dimittis
Friday, 3rd February 2023	5.00pm	Evensong	Quire	sung by the Choir of Westminster Abbey; attended by HE The High Commissioner for Sri Lanka	Chesnokov Da ispravitsia molitva moya
Saturday, 4th February 2023	5.00pm	Evensong	Quire	part of the Chorister Experience Day; sung by the Choir of Westminster Abbey	Hurford Litany to the Holy Spirit
Saturday, 4th February 2023	5.00pm	Evensong	Quire	part of the Chorister Experience Day; sung by the Choir of Westminster Abbey	Ayleward Responses
Saturday, 4th February 2023	5.00pm	Evensong	Quire	part of the Chorister Experience Day; sung by the Choir of Westminster Abbey	Stanford in B flat
Saturday, 4th February 2023	5.00pm	Evensong	Quire	part of the Chorister Experience Day; sung by the Choir of Westminster Abbey	Wesley Blessed be the God and Father
Sunday, 5th February 2023	10.00am	Matins	Quire	sung by the Choir of Westminster Abbey	Bruckner Locus iste a Deo factus est
Sunday, 5th February 2023	10.00am	Matins	Quire	sung by the Choir of Westminster Abbey	Ayleward Responses
Sunday, 5th February 2023	10.00am	Matins	Quire	sung by the Choir of Westminster Abbey	Howells Collegium Regale
Sunday, 5th February 2023	10.00am	Matins	Quire	sung by the Choir of Westminster Abbey	Howells Paean
Sunday, 5th February 2023	11.15am	Sung Eucharist	Quire	sung by the Choir of Westminster Abbey	Mozart Missa brevis in F K192
Sunday, 5th February 2023	11.15am	Sung Eucharist	Quire	sung by the Choir of Westminster Abbey	Mozart Ave verum corpus
Sunday, 5th February 2023	11.15am	Sung Eucharist	Quire	sung by the Choir of Westminster Abbey	Marchand Grand jeu (3ème Livre d’orgue)
Sunday, 5th February 2023	3.00pm	Evensong	Quire	sung by the Choir of Westminster Abbey	Bruckner Locus iste a Deo factus est
Sunday, 5th February 2023	3.00pm	Evensong	Quire	sung by the Choir of Westminster Abbey	Ayleward Responses
Sunday, 5th February 2023	3.00pm	Evensong	Quire	sung by the Choir of Westminster Abbey	Stanford in A
Sunday, 5th February 2023	3.00pm	Evensong	Quire	sung by the Choir of Westminster Abbey	Brahms Geistliches Lied
Sunday, 5th February 2023	3.00pm	Evensong	Quire	sung by the Choir of Westminster Abbey	Schumann Adagio Op 56 no 6
Monday, 6th February 2023	5.00pm	Evensong	Quire	sung by the Choristers; attended by HE The High Commissioner for New Zealand	plainsong Lucis creator optime
Monday, 6th February 2023	5.00pm	Evensong	Quire	sung by the Choristers; attended by HE The High Commissioner for New Zealand	plainsong Responses
Monday, 6th February 2023	5.00pm	Evensong	Quire	sung by the Choristers; attended by HE The High Commissioner for New Zealand	Martin Westminster Service
Monday, 6th February 2023	5.00pm	Evensong	Quire	sung by the Choristers; attended by HE The High Commissioner for New Zealand	Hurford Litany to the Holy Spirit
Tuesday, 7th February 2023	5.00pm	Evensong	Quire	sung by the Choir of Westminster Abbey; attended by HE The High Commissioner for Grenada	attr Farrant Lord, for thy tender mercy's sake
Tuesday, 7th February 2023	5.00pm	Evensong	Quire	sung by the Choir of Westminster Abbey; attended by HE The High Commissioner for Grenada	Tomkins Responses
Tuesday, 7th February 2023	5.00pm	Evensong	Quire	sung by the Choir of Westminster Abbey; attended by HE The High Commissioner for Grenada	Purcell in G minor
Tuesday, 7th February 2023	5.00pm	Evensong	Quire	sung by the Choir of Westminster Abbey; attended by HE The High Commissioner for Grenada	Tomkins My shepherd is the living Lord
Thursday, 9th February 2023	5.00pm	Evensong	Quire	sung by the Choir of Westminster Abbey	attr Farrant Lord, for thy tender mercy’s sake
Thursday, 9th February 2023	5.00pm	Evensong	Quire	sung by the Choir of Westminster Abbey	Tomkins Responses
Thursday, 9th February 2023	5.00pm	Evensong	Quire	sung by the Choir of Westminster Abbey	Howells Collegium Regale
Thursday, 9th February 2023	5.00pm	Evensong	Quire	sung by the Choir of Westminster Abbey	Vaughan Williams Love bade me welcome
Friday, 10th February 2023	5.00pm	Evensong	Quire	sung by the Choir of Westminster Abbey	attr Farrant Lord, for thy tender mercy’s sake
Friday, 10th February 2023	5.00pm	Evensong	Quire	sung by the Choir of Westminster Abbey	Tomkins Responses
Friday, 10th February 2023	5.00pm	Evensong	Quire	sung by the Choir of Westminster Abbey	Jackson Truro Service
Friday, 10th February 2023	5.00pm	Evensong	Quire	sung by the Choir of Westminster Abbey	Sheppard The Lord's Prayer
Saturday, 11th February 2023	5.00pm	Evensong	Quire	sung by the Choir of Westminster Abbey	attr Farrant Lord, for thy tender mercy’s sake
Saturday, 11th February 2023	5.00pm	Evensong	Quire	sung by the Choir of Westminster Abbey	Tomkins Responses
Saturday, 11th February 2023	5.00pm	Evensong	Quire	sung by the Choir of Westminster Abbey	Watson in E
Saturday, 11th February 2023	5.00pm	Evensong	Quire	sung by the Choir of Westminster Abbey	Walton Coronation Te Deum
Saturday, 11th February 2023	5.00pm	Evensong	Quire	sung by the Choir of Westminster Abbey	Howells Rhapsody III
Sunday, 12th February 2023	10.00am	Matins	St Margaret's Church	sung by the Choir of Westminster Abbey	attr Farrant Lord, for thy tender mercy’s sake
Sunday, 12th February 2023	10.00am	Matins	St Margaret's Church	sung by the Choir of Westminster Abbey	Tomkins Responses
Sunday, 12th February 2023	10.00am	Matins	St Margaret's Church	sung by the Choir of Westminster Abbey	Stanford Te Deum in C
Sunday, 12th February 2023	10.00am	Matins	St Margaret's Church	sung by the Choir of Westminster Abbey	Stanford Postlude in D
Sunday, 12th February 2023	11.15am	Sung Eucharist	Quire	sung by the Choir of Westminster Abbey	Haydn Missa brevis Sancti Joannis de Deo
Sunday, 12th February 2023	11.15am	Sung Eucharist	Quire	sung by the Choir of Westminster Abbey	Bach Allegro (Sonata in F)
Sunday, 12th February 2023	3.00pm	Evensong	Quire	sung by the Choir of Westminster Abbey	attr Farrant Lord, for thy tender mercy’s sake
Sunday, 12th February 2023	3.00pm	Evensong	Quire	sung by the Choir of Westminster Abbey	Tomkins Responses
Sunday, 12th February 2023	3.00pm	Evensong	Quire	sung by the Choir of Westminster Abbey	Gibbons Second Service
Sunday, 12th February 2023	3.00pm	Evensong	Quire	sung by the Choir of Westminster Abbey	Gibbons Great Lord of lords
Sunday, 12th February 2023	3.00pm	Evensong	Quire	sung by the Choir of Westminster Abbey	Gibbons Fancy in gamut flatt
Monday, 13th February 2023	5.00pm	Evensong	Quire	sung by the Lay Vicars	Tallis Hear the voice and prayer of thy servants
Monday, 13th February 2023	5.00pm	Evensong	Quire	sung by the Lay Vicars	Byrd and Quinney Responses
Monday, 13th February 2023	5.00pm	Evensong	Quire	sung by the Lay Vicars	Palestrina Magnificat primi toni 
Monday, 13th February 2023	5.00pm	Evensong	Quire	sung by the Lay Vicars	Reid Nunc dimittis tertii toni
Monday, 13th February 2023	5.00pm	Evensong	Quire	sung by the Lay Vicars	Blitheman In pace in idipsum dormiam et requiescam
Tuesday, 14th February 2023	5.00pm	Evensong	Quire	sung by the Lay Vicars	Tallis Hear the voice and prayer of thy servants
Tuesday, 14th February 2023	5.00pm	Evensong	Quire	sung by the Lay Vicars	Byrd and Quinney Responses
Tuesday, 14th February 2023	5.00pm	Evensong	Quire	sung by the Lay Vicars	Morley Second Service
Tuesday, 14th February 2023	5.00pm	Evensong	Quire	sung by the Lay Vicars	White The Lord bless us and keep us
Thursday, 16th February 2023	5.00pm	Evensong	Quire	sung by the Lay Vicars	Tallis Hear the voice and prayer of thy servants
Thursday, 16th February 2023	5.00pm	Evensong	Quire	sung by the Lay Vicars	Byrd and Quinney Responses
Thursday, 16th February 2023	5.00pm	Evensong	Quire	sung by the Lay Vicars	Parsons First Service
Thursday, 16th February 2023	5.00pm	Evensong	Quire	sung by the Lay Vicars	White Christe qui lux es et dies
Friday, 17th February 2023	5.00pm	Evensong	Quire	sung by the Lay Vicars; attended by HE The High Commissioner for The Gambia	Tallis Hear the voice and prayer of thy servants
Friday, 17th February 2023	5.00pm	Evensong	Quire	sung by the Lay Vicars; attended by HE The High Commissioner for The Gambia	Byrd and Quinney Responses
Friday, 17th February 2023	5.00pm	Evensong	Quire	sung by the Lay Vicars; attended by HE The High Commissioner for The Gambia	Strogers Short Service
Friday, 17th February 2023	5.00pm	Evensong	Quire	sung by the Lay Vicars; attended by HE The High Commissioner for The Gambia	Palestrina Hic est vere martyr
Saturday, 18th February 2023	5.00pm	Evensong	Quire	sung by the Lay Vicars	Tallis Hear the voice and prayer of thy servants
Saturday, 18th February 2023	5.00pm	Evensong	Quire	sung by the Lay Vicars	Byrd and Quinney Responses
Saturday, 18th February 2023	5.00pm	Evensong	Quire	sung by the Lay Vicars	Mundy Magnificat secundi toni
Saturday, 18th February 2023	5.00pm	Evensong	Quire	sung by the Lay Vicars	Tye Nunc dimittis
Saturday, 18th February 2023	5.00pm	Evensong	Quire	sung by the Lay Vicars	White Manus tuae fecerunt me
Saturday, 18th February 2023	5.00pm	Evensong	Quire	sung by the Lay Vicars	Byrd Fantasia in A minor
Sunday, 19th February 2023	10.00am	Matins	St Margaret's Church	sung by the Lay Vicars	Tallis Hear the voice and prayer of thy servants
Sunday, 19th February 2023	10.00am	Matins	St Margaret's Church	sung by the Lay Vicars	Byrd and Quinney Responses
Sunday, 19th February 2023	10.00am	Matins	St Margaret's Church	sung by the Lay Vicars	Tallis Te Deum ‘for meanes’
Sunday, 19th February 2023	10.00am	Matins	St Margaret's Church	sung by the Lay Vicars	Tallis Clarifica me Pater
Sunday, 19th February 2023	11.15am	Sung Eucharist	Quire	sung by the Lay Vicars	Morales Missa Mille regretz
Sunday, 19th February 2023	11.15am	Sung Eucharist	Quire	sung by the Lay Vicars	Lobo O quam suavis
Sunday, 19th February 2023	11.15am	Sung Eucharist	Quire	sung by the Lay Vicars	Bach Prelude in B minor BWV 544i
Sunday, 19th February 2023	3.00pm	Evensong	Quire	sung by the Lay Vicars	Tallis Hear the voice and prayer of thy servants
Sunday, 19th February 2023	3.00pm	Evensong	Quire	sung by the Lay Vicars	Byrd and Quinney Responses
Sunday, 19th February 2023	3.00pm	Evensong	Quire	sung by the Lay Vicars	Moore First Service
Sunday, 19th February 2023	3.00pm	Evensong	Quire	sung by the Lay Vicars	Bennett The Seasons of His Mercies
Sunday, 19th February 2023	3.00pm	Evensong	Quire	sung by the Lay Vicars	Bach Prelude in C BWV 547i
Monday, 20th February 2023	5.00pm	Evensong	Quire	attended by HE The High Commissioner for St Lucia; sung by the Choristers	Boyle Thou wilt keep him in perfect peace
Monday, 20th February 2023	5.00pm	Evensong	Quire	attended by HE The High Commissioner for St Lucia; sung by the Choristers	plainsong Responses
Monday, 20th February 2023	5.00pm	Evensong	Quire	attended by HE The High Commissioner for St Lucia; sung by the Choristers	Dyson in C minor
Monday, 20th February 2023	5.00pm	Evensong	Quire	attended by HE The High Commissioner for St Lucia; sung by the Choristers	Handel How beautiful are the feet
Tuesday, 21st February 2023	5.00pm	Evensong	Quire	sung by the Choir of Westminster Abbey; attended by HE The High Commissioner for Guyana	Batten O praise the Lord, all ye heathen
Tuesday, 21st February 2023	5.00pm	Evensong	Quire	sung by the Choir of Westminster Abbey; attended by HE The High Commissioner for Guyana	Byrd Responses
Tuesday, 21st February 2023	5.00pm	Evensong	Quire	sung by the Choir of Westminster Abbey; attended by HE The High Commissioner for Guyana	Sumsion in G
Tuesday, 21st February 2023	5.00pm	Evensong	Quire	sung by the Choir of Westminster Abbey; attended by HE The High Commissioner for Guyana	Britten Jubilate Deo
Wednesday, 22nd February 2023	5.00pm	Sung Eucharist with the Imposition of Ashes	Quire	sung by the Choir of Westminster Abbey	Palestrina Missa brevis
Wednesday, 22nd February 2023	5.00pm	Sung Eucharist with the Imposition of Ashes	Quire	sung by the Choir of Westminster Abbey	Allegri Miserere mei Deus
Wednesday, 22nd February 2023	5.00pm	Sung Eucharist with the Imposition of Ashes	Quire	sung by the Choir of Westminster Abbey	Byrd Memento homo quod cinis es
Friday, 24th February 2023	5.00pm	Evensong, marking the first anniversary of the full-scale invasion of Ukraine	Quire	attended by HE The Ambassador of Ukraine; sung by the Choir of Westminster Abbey	Purcell Hear my prayer, O Lord
Friday, 24th February 2023	5.00pm	Evensong, marking the first anniversary of the full-scale invasion of Ukraine	Quire	attended by HE The Ambassador of Ukraine; sung by the Choir of Westminster Abbey	Byrd Responses
Friday, 24th February 2023	5.00pm	Evensong, marking the first anniversary of the full-scale invasion of Ukraine	Quire	attended by HE The Ambassador of Ukraine; sung by the Choir of Westminster Abbey	Weelkes Short Service
Friday, 24th February 2023	5.00pm	Evensong, marking the first anniversary of the full-scale invasion of Ukraine	Quire	attended by HE The Ambassador of Ukraine; sung by the Choir of Westminster Abbey	Lysenko A Prayer for Ukraine
Saturday, 25th February 2023	5.00pm	Evensong	Quire	sung by the Choir of Westminster Abbey	Purcell Hear my prayer, O Lord
Saturday, 25th February 2023	5.00pm	Evensong	Quire	sung by the Choir of Westminster Abbey	Byrd Responses
Saturday, 25th February 2023	5.00pm	Evensong	Quire	sung by the Choir of Westminster Abbey	Dyson in F
Saturday, 25th February 2023	5.00pm	Evensong	Quire	sung by the Choir of Westminster Abbey	Tomkins Almighty God, the fountain of all wisdom
Saturday, 25th February 2023	5.00pm	Evensong	Quire	sung by the Choir of Westminster Abbey	MacMillan Meditation
Sunday, 26th February 2023	10.00am	Matins	St Margaret's Church	sung by the Choir of Westminster Abbey	Purcell Hear my prayer, O Lord
Sunday, 26th February 2023	10.00am	Matins	St Margaret's Church	sung by the Choir of Westminster Abbey	Byrd Responses
Sunday, 26th February 2023	10.00am	Matins	St Margaret's Church	sung by the Choir of Westminster Abbey	Jackson Benedicite in G
Sunday, 26th February 2023	10.00am	Matins	St Margaret's Church	sung by the Choir of Westminster Abbey	Bach Aus tiefer Not schrei ich zu dir BWV 687
Sunday, 26th February 2023	11.15am	Sung Eucharist	Quire	sung by the Choir of Westminster Abbey	Rheinberger Mass in E flat
Sunday, 26th February 2023	11.15am	Sung Eucharist	Quire	sung by the Choir of Westminster Abbey	Byrd Miserere mei Deus
Sunday, 26th February 2023	11.15am	Sung Eucharist	Quire	sung by the Choir of Westminster Abbey	Rheinberger Prelude and Fugue in E minor (Sonata VIII)
Sunday, 26th February 2023	3.00pm	Evensong	Quire	sung by the Choir of Westminster Abbey	Purcell Hear my prayer, O Lord
Sunday, 26th February 2023	3.00pm	Evensong	Quire	sung by the Choir of Westminster Abbey	Byrd Responses
Sunday, 26th February 2023	3.00pm	Evensong	Quire	sung by the Choir of Westminster Abbey	Sumsion in G
Sunday, 26th February 2023	3.00pm	Evensong	Quire	sung by the Choir of Westminster Abbey	Byrd Ne irascaris Domine satis
Sunday, 26th February 2023	3.00pm	Evensong	Quire	sung by the Choir of Westminster Abbey	Pachelbel Ciacona in F minor 
Monday, 27th February 2023	5.00pm	Evensong	Quire	sung by the Lay Vicars; attended by a representative of the High Commissioner for Brunei Darussalam	Tallis Expend, O Lord, my plaint of word
Monday, 27th February 2023	5.00pm	Evensong	Quire	sung by the Lay Vicars; attended by a representative of the High Commissioner for Brunei Darussalam	plainsong Responses
Monday, 27th February 2023	5.00pm	Evensong	Quire	sung by the Lay Vicars; attended by a representative of the High Commissioner for Brunei Darussalam	Morales Magnificat primi toni
Monday, 27th February 2023	5.00pm	Evensong	Quire	sung by the Lay Vicars; attended by a representative of the High Commissioner for Brunei Darussalam	Ortiz Nunc dimittis tertii toni
Monday, 27th February 2023	5.00pm	Evensong	Quire	sung by the Lay Vicars; attended by a representative of the High Commissioner for Brunei Darussalam	Monte Super flumina Babylonis
Tuesday, 28th February 2023	5.00pm	Evensong	Quire	sung by the Choir of Westminster Abbey	Farrant Call to remembrance, O Lord
Tuesday, 28th February 2023	5.00pm	Evensong	Quire	sung by the Choir of Westminster Abbey	Radcliffe Responses
Tuesday, 28th February 2023	5.00pm	Evensong	Quire	sung by the Choir of Westminster Abbey	Purcell in B flat
Tuesday, 28th February 2023	5.00pm	Evensong	Quire	sung by the Choir of Westminster Abbey	Byrd Emendemus in melius
Thursday, 2nd March 2023	5.00pm	Evensong	Quire	sung by the Choir of Westminster Abbey	Farrant Call to remembrance, O Lord
Thursday, 2nd March 2023	5.00pm	Evensong	Quire	sung by the Choir of Westminster Abbey	Radcliffe Responses
Thursday, 2nd March 2023	5.00pm	Evensong	Quire	sung by the Choir of Westminster Abbey	Rubbra in A flat
Thursday, 2nd March 2023	5.00pm	Evensong	Quire	sung by the Choir of Westminster Abbey	Morley Nolo mortem peccatoris
Friday, 3rd March 2023	5.00pm	Evensong	Quire	sung by the Choir of Westminster Abbey	Farrant Call to remembrance, O Lord
Friday, 3rd March 2023	5.00pm	Evensong	Quire	sung by the Choir of Westminster Abbey	Radcliffe Responses
Friday, 3rd March 2023	5.00pm	Evensong	Quire	sung by the Choir of Westminster Abbey	Victoria Magnificat octavi toni
Friday, 3rd March 2023	5.00pm	Evensong	Quire	sung by the Choir of Westminster Abbey	Victoria Nunc dimittis tertii toni
Friday, 3rd March 2023	5.00pm	Evensong	Quire	sung by the Choir of Westminster Abbey	Byrd Prevent us, O Lord
Saturday, 4th March 2023	5.00pm	Evensong	Quire	sung by the Choir of Westminster Abbey	Byrd Prevent us, O Lord
Saturday, 4th March 2023	5.00pm	Evensong	Quire	sung by the Choir of Westminster Abbey	Radcliffe Responses
Saturday, 4th March 2023	5.00pm	Evensong	Quire	sung by the Choir of Westminster Abbey	Tomkins Fifth Service
Saturday, 4th March 2023	5.00pm	Evensong	Quire	sung by the Choir of Westminster Abbey	Poulenc Timor et tremor
Saturday, 4th March 2023	5.00pm	Evensong	Quire	sung by the Choir of Westminster Abbey	Parry Chorale Prelude on 'Eventide'
Sunday, 5th March 2023	10.00am	Matins	Quire	sung by the Choir of Westminster Abbey	Byrd Prevent us, O Lord
Sunday, 5th March 2023	10.00am	Matins	Quire	sung by the Choir of Westminster Abbey	Radcliffe Responses
Sunday, 5th March 2023	10.00am	Matins	Quire	sung by the Choir of Westminster Abbey	Dyson Benedicite in F
Sunday, 5th March 2023	10.00am	Matins	Quire	sung by the Choir of Westminster Abbey	Stanford Benedictus in C
Sunday, 5th March 2023	10.00am	Matins	Quire	sung by the Choir of Westminster Abbey	Howells Saraband in modo elegiaco
Sunday, 5th March 2023	11.15am	Sung Eucharist	Quire	sung by the Choir of Westminster Abbey	Langlais Messe solennelle
Sunday, 5th March 2023	11.15am	Sung Eucharist	Quire	sung by the Choir of Westminster Abbey	Poulenc Timor et tremor
Sunday, 5th March 2023	11.15am	Sung Eucharist	Quire	sung by the Choir of Westminster Abbey	Bach Fantasia and Fugue in C minor BWV 537
Sunday, 5th March 2023	3.00pm	Evensong	Quire	sung by the Choir of Westminster Abbey	Byrd Prevent us, O Lord
Sunday, 5th March 2023	3.00pm	Evensong	Quire	sung by the Choir of Westminster Abbey	Radcliffe Responses
Sunday, 5th March 2023	3.00pm	Evensong	Quire	sung by the Choir of Westminster Abbey	D Purcell in E minor
Sunday, 5th March 2023	3.00pm	Evensong	Quire	sung by the Choir of Westminster Abbey	H Purcell Jehovah quam multi sunt hostes mei
Sunday, 5th March 2023	3.00pm	Evensong	Quire	sung by the Choir of Westminster Abbey	Mendelssohn Chorale and Variations (Sonata in D minor Op 65 no 6)
Monday, 6th March 2023	5.00pm	Evensong	Quire	sung by the Choristers; attended by HE The High Commissioner for Ghana	The Lent Prose
Monday, 6th March 2023	5.00pm	Evensong	Quire	sung by the Choristers; attended by HE The High Commissioner for Ghana	plainsong Responses
Monday, 6th March 2023	5.00pm	Evensong	Quire	sung by the Choristers; attended by HE The High Commissioner for Ghana	Watson in F
Monday, 6th March 2023	5.00pm	Evensong	Quire	sung by the Choristers; attended by HE The High Commissioner for Ghana	Boyle Thou wilt keep him in perfect peace
Tuesday, 7th March 2023	5.00pm	Evensong	Quire	sung by the Choir of Westminster Abbey	Purcell Remember not, Lord, our offences
Tuesday, 7th March 2023	5.00pm	Evensong	Quire	sung by the Choir of Westminster Abbey	Radcliffe Responses
Tuesday, 7th March 2023	5.00pm	Evensong	Quire	sung by the Choir of Westminster Abbey	Stanford in G
Tuesday, 7th March 2023	5.00pm	Evensong	Quire	sung by the Choir of Westminster Abbey	Howells Salvator mundi
Thursday, 9th March 2023	5.00pm	Evensong	Quire	sung by the Choir of Westminster Abbey	Purcell Remember not, Lord, our offences
Thursday, 9th March 2023	5.00pm	Evensong	Quire	sung by the Choir of Westminster Abbey	Morley Responses
Thursday, 9th March 2023	5.00pm	Evensong	Quire	sung by the Choir of Westminster Abbey	Tomkins First Service
Thursday, 9th March 2023	5.00pm	Evensong	Quire	sung by the Choir of Westminster Abbey	Weir Love bade me welcome
Friday, 10th March 2023	5.00pm	Evensong	Quire	sung by the Choir of Westminster Abbey	Purcell Remember not, Lord, our offences
Friday, 10th March 2023	5.00pm	Evensong	Quire	sung by the Choir of Westminster Abbey	Morley Responses
Friday, 10th March 2023	5.00pm	Evensong	Quire	sung by the Choir of Westminster Abbey	Byrd Third Service
Friday, 10th March 2023	5.00pm	Evensong	Quire	sung by the Choir of Westminster Abbey	Guerrero O Domine Jesu Christe
Saturday, 11th March 2023	5.00pm	Evensong	Quire	sung by the Choir of Westminster Abbey	Purcell Remember not, Lord, our offences
Saturday, 11th March 2023	5.00pm	Evensong	Quire	sung by the Choir of Westminster Abbey	Morley Responses
Saturday, 11th March 2023	5.00pm	Evensong	Quire	sung by the Choir of Westminster Abbey	Leighton Second Service
Saturday, 11th March 2023	5.00pm	Evensong	Quire	sung by the Choir of Westminster Abbey	Stanford Beati quorum via integra est
Saturday, 11th March 2023	5.00pm	Evensong	Quire	sung by the Choir of Westminster Abbey	Howells Psalm Prelude Set II no 1 ‘Out of the deep have I called unto thee, O Lord’
Sunday, 12th March 2023	10.00am	Matins	Quire	sung by the Choir of Westminster Abbey	Purcell Remember not, Lord, our offences
Sunday, 12th March 2023	10.00am	Matins	Quire	sung by the Choir of Westminster Abbey	Morley Responses
Sunday, 12th March 2023	10.00am	Matins	Quire	sung by the Choir of Westminster Abbey	Gibbons Benedictus (Short Service)
Sunday, 12th March 2023	10.00am	Matins	Quire	sung by the Choir of Westminster Abbey	Gibbons Fantasia in A minor
Sunday, 12th March 2023	11.15am	Sung Eucharist	Quire	sung by the Choir of Westminster Abbey	Palestrina Missa Papae Marcelli
Sunday, 12th March 2023	11.15am	Sung Eucharist	Quire	sung by the Choir of Westminster Abbey	Guerrero O Domine Jesu Christe
Sunday, 12th March 2023	11.15am	Sung Eucharist	Quire	sung by the Choir of Westminster Abbey	Buxtehude Passacaglia in D minor BuxWV 161
Sunday, 12th March 2023	3.00pm	Evensong	Quire	sung by the Choir of Westminster Abbey	Purcell Remember not, Lord, our offences
Sunday, 12th March 2023	3.00pm	Evensong	Quire	sung by the Choir of Westminster Abbey	Morley Responses
Sunday, 12th March 2023	3.00pm	Evensong	Quire	sung by the Choir of Westminster Abbey	Gray in F minor
Sunday, 12th March 2023	3.00pm	Evensong	Quire	sung by the Choir of Westminster Abbey	Morales O Crux, ave, spes unica
Sunday, 12th March 2023	3.00pm	Evensong	Quire	sung by the Choir of Westminster Abbey	Brahms Fugue in A flat minor WoO 8
Tuesday, 14th March 2023	5.00pm	Evensong	Quire	attended by HE The High Commissioner for Mauritius; sung by the Lay Vicars	Mouton Salva nos Domine
Tuesday, 14th March 2023	5.00pm	Evensong	Quire	attended by HE The High Commissioner for Mauritius; sung by the Lay Vicars	plainsong Responses
Tuesday, 14th March 2023	5.00pm	Evensong	Quire	attended by HE The High Commissioner for Mauritius; sung by the Lay Vicars	Mundy in three parts 
Tuesday, 14th March 2023	5.00pm	Evensong	Quire	attended by HE The High Commissioner for Mauritius; sung by the Lay Vicars	Byrd Domine non sum dignus
Thursday, 16th March 2023	5.00pm	Evensong	Quire	sung by the Choir of Westminster Abbey	Stainer God so loved the world
Thursday, 16th March 2023	5.00pm	Evensong	Quire	sung by the Choir of Westminster Abbey	Gibbons and Barnard Responses
Thursday, 16th March 2023	5.00pm	Evensong	Quire	sung by the Choir of Westminster Abbey	Noble in B minor
Thursday, 16th March 2023	5.00pm	Evensong	Quire	sung by the Choir of Westminster Abbey	Wesley Wash me throughly from my wickedness
Friday, 17th March 2023	5.00pm	Evensong	Quire	sung by the Choir of Westminster Abbey	Stainer God so loved the world
Friday, 17th March 2023	5.00pm	Evensong	Quire	sung by the Choir of Westminster Abbey	Gibbons and Barnard Responses
Friday, 17th March 2023	5.00pm	Evensong	Quire	sung by the Choir of Westminster Abbey	Tallis Magnificat and Nunc dimittis octavi toni
Friday, 17th March 2023	5.00pm	Evensong	Quire	sung by the Choir of Westminster Abbey	Tallis Salvator mundi
Saturday, 18th March 2023	5.00pm	Evensong	Quire	sung by the Lay Vicars	Mouton Salva nos Domine
Saturday, 18th March 2023	5.00pm	Evensong	Quire	sung by the Lay Vicars	plainsong Responses
Saturday, 18th March 2023	5.00pm	Evensong	Quire	sung by the Lay Vicars	Morales Magnificat secundi toni
Saturday, 18th March 2023	5.00pm	Evensong	Quire	sung by the Lay Vicars	Viadana Nunc dimittis tertii toni
Saturday, 18th March 2023	5.00pm	Evensong	Quire	sung by the Lay Vicars	Palestrina Pater noster a 8
Saturday, 18th March 2023	5.00pm	Evensong	Quire	sung by the Lay Vicars	Buxtehude Praeludium in D minor BuxWV 140
Sunday, 19th March 2023	10.00am	Matins	Quire	sung by the Lay Vicars	Mouton Salva nos Domine
Sunday, 19th March 2023	10.00am	Matins	Quire	sung by the Lay Vicars	plainsong Responses
Sunday, 19th March 2023	10.00am	Matins	Quire	sung by the Lay Vicars	Batten Benedicite
Sunday, 19th March 2023	10.00am	Matins	Quire	sung by the Lay Vicars	Byrd Benedictus (Short Service)
Sunday, 19th March 2023	10.00am	Matins	Quire	sung by the Lay Vicars	Buxtehude Praeludium in F sharp minor BuxWV 146
Sunday, 19th March 2023	11.15am	Sung Eucharist	Quire	sung by the Lay Vicars; attended by The King's Scholars of Westminster School	Taverner Mean Mass
Sunday, 19th March 2023	11.15am	Sung Eucharist	Quire	sung by the Lay Vicars; attended by The King's Scholars of Westminster School	Palestrina Super flumina Babylonis
Sunday, 19th March 2023	11.15am	Sung Eucharist	Quire	sung by the Lay Vicars; attended by The King's Scholars of Westminster School	Mendelssohn Con moto maestoso (Sonata in A Op 65 no 3)
Sunday, 19th March 2023	3.00pm	Evensong	Quire	sung by the Lay Vicars	Mouton Salva nos Domine
Sunday, 19th March 2023	3.00pm	Evensong	Quire	sung by the Lay Vicars	plainsong Responses
Sunday, 19th March 2023	3.00pm	Evensong	Quire	sung by the Lay Vicars	Ives Magdalen College Service
Sunday, 19th March 2023	3.00pm	Evensong	Quire	sung by the Lay Vicars	Byrd Tribulatio proxima est
Sunday, 19th March 2023	3.00pm	Evensong	Quire	sung by the Lay Vicars	Bach Passacaglia in C minor BWV 582i
Monday, 20th March 2023	5.00pm	Evensong	Quire	sung by the Choirs of Godolphin and Latymer School and Radley College; attended by HE The High Commisioner for Namibia	Clucas Responses
Monday, 20th March 2023	5.00pm	Evensong	Quire	sung by the Choirs of Godolphin and Latymer School and Radley College; attended by HE The High Commisioner for Namibia	Howells Collegium Regale
Monday, 20th March 2023	5.00pm	Evensong	Quire	sung by the Choirs of Godolphin and Latymer School and Radley College; attended by HE The High Commisioner for Namibia	Hadley My beloved spake
Thursday, 23rd March 2023	5.00pm	Evensong	Quire	sung by the Choir of the Royal Hospital School	Smith Responses
Thursday, 23rd March 2023	5.00pm	Evensong	Quire	sung by the Choir of the Royal Hospital School	Howells Gloucester Service
Thursday, 23rd March 2023	5.00pm	Evensong	Quire	sung by the Choir of the Royal Hospital School	Moore It is a thing most wonderful
Friday, 24th March 2023	5.00pm	Sung Eucharist of the Annunciation of Our Lord	Quire	sung by Hertford Chamber Choir	Palestrina Missa Aeterna Christi munera
Friday, 24th March 2023	5.00pm	Sung Eucharist of the Annunciation of Our Lord	Quire	sung by Hertford Chamber Choir	Hassler Dixit Maria ad angelum
Friday, 24th March 2023	5.00pm	Sung Eucharist of the Annunciation of Our Lord	Quire	sung by Hertford Chamber Choir	Buxtehude Magnificat primi toni BuxWV 203
Saturday, 25th March 2023	5.00pm	Evensong	Quire	sung by The Oriana Singers	Radcliffe Responses
Saturday, 25th March 2023	5.00pm	Evensong	Quire	sung by The Oriana Singers	Moore Third Service
Saturday, 25th March 2023	5.00pm	Evensong	Quire	sung by The Oriana Singers	Shephard The Secret of Christ
Saturday, 25th March 2023	5.00pm	Evensong	Quire	sung by The Oriana Singers	Buxtehude Magnificat noni toni BuxWV 205
Sunday, 26th March 2023	11.15am	Sung Eucharist	Quire	sung by the Healey Willan Singers	Oldroyd Mass of the Quiet Hour
Sunday, 26th March 2023	11.15am	Sung Eucharist	Quire	sung by the Healey Willan Singers	arr Willan Strengthen for service
Sunday, 26th March 2023	11.15am	Sung Eucharist	Quire	sung by the Healey Willan Singers	Mendelssohn Allegro moderato e serioso (Sonata in F minor Op 65 no 1)
Sunday, 26th March 2023	3.00pm	Evensong	Quire	sung by the Healey Willan Singers	Neary Responses
Sunday, 26th March 2023	3.00pm	Evensong	Quire	sung by the Healey Willan Singers	Wood in D
Sunday, 26th March 2023	3.00pm	Evensong	Quire	sung by the Healey Willan Singers	Wood O most merciful
Sunday, 26th March 2023	3.00pm	Evensong	Quire	sung by the Healey Willan Singers	Bach Fugue in B minor BWV 579
Monday, 27th March 2023	5.00pm	Evensong	Quire	sung by the Lay Vicars; attended by HE The High Commissioner for Bangladesh	plainsong Vexilla regis prodeunt
Monday, 27th March 2023	5.00pm	Evensong	Quire	sung by the Lay Vicars; attended by HE The High Commissioner for Bangladesh	plainsong Responses
Monday, 27th March 2023	5.00pm	Evensong	Quire	sung by the Lay Vicars; attended by HE The High Commissioner for Bangladesh	Monte Magnificat octavi toni
Monday, 27th March 2023	5.00pm	Evensong	Quire	sung by the Lay Vicars; attended by HE The High Commissioner for Bangladesh	Quinney Nunc dimittis tertii toni
Monday, 27th March 2023	5.00pm	Evensong	Quire	sung by the Lay Vicars; attended by HE The High Commissioner for Bangladesh	Martin Sitivit anima mea ad Deum
Tuesday, 28th March 2023	5.00pm	Evensong	Quire	sung by the Lay Vicars	plainsong Vexilla regis prodeunt
Tuesday, 28th March 2023	5.00pm	Evensong	Quire	sung by the Lay Vicars	plainsong Responses
Tuesday, 28th March 2023	5.00pm	Evensong	Quire	sung by the Lay Vicars	Monte Magnificat septimi toni
Tuesday, 28th March 2023	5.00pm	Evensong	Quire	sung by the Lay Vicars	plainsong Nunc dimittis
Tuesday, 28th March 2023	5.00pm	Evensong	Quire	sung by the Lay Vicars	Adès Gefriolsæ me
Thursday, 30th March 2023	5.00pm	Evensong	Quire	sung by the Lay Vicars	plainsong Vexilla regis prodeunt
Thursday, 30th March 2023	5.00pm	Evensong	Quire	sung by the Lay Vicars	plainsong Responses
Thursday, 30th March 2023	5.00pm	Evensong	Quire	sung by the Lay Vicars	Soriano Magnificat septimi toni
Thursday, 30th March 2023	5.00pm	Evensong	Quire	sung by the Lay Vicars	Reid Nunc dimittis tertii toni
Thursday, 30th March 2023	5.00pm	Evensong	Quire	sung by the Lay Vicars	Martin Circumdederunt me
Friday, 31st March 2023	5.00pm	Evensong	Quire	sung by the Lay Vicars	plainsong Vexilla regis prodeunt
Friday, 31st March 2023	5.00pm	Evensong	Quire	sung by the Lay Vicars	plainsong Responses
Friday, 31st March 2023	5.00pm	Evensong	Quire	sung by the Lay Vicars	Viadana Magnificat secundi toni
Friday, 31st March 2023	5.00pm	Evensong	Quire	sung by the Lay Vicars	plainsong Nunc dimittis
Friday, 31st March 2023	5.00pm	Evensong	Quire	sung by the Lay Vicars	Bennett The bell doth toll
Saturday, 1st April 2023	5.00pm	Evensong	Quire	sung by the Choir of Westminster Abbey	Howells Salvator Mundi
Saturday, 1st April 2023	5.00pm	Evensong	Quire	sung by the Choir of Westminster Abbey	Radcliffe Responses
Saturday, 1st April 2023	5.00pm	Evensong	Quire	sung by the Choir of Westminster Abbey	Watson in E
Saturday, 1st April 2023	5.00pm	Evensong	Quire	sung by the Choir of Westminster Abbey	Poulenc Vinea mea electa
Saturday, 1st April 2023	5.00pm	Evensong	Quire	sung by the Choir of Westminster Abbey	Vierne Élégie
Sunday, 2nd April 2023	11.00am	Sung Eucharist with the Blessing of Palms and Procession	Quire	sung by the Choir of Westminster Abbey	Malcolm Ingrediente Domino
Sunday, 2nd April 2023	11.00am	Sung Eucharist with the Blessing of Palms and Procession	Quire	sung by the Choir of Westminster Abbey	Martin Mass for double choir
Sunday, 2nd April 2023	11.00am	Sung Eucharist with the Blessing of Palms and Procession	Quire	sung by the Choir of Westminster Abbey	Victoria The Passion according to Matthew
Sunday, 2nd April 2023	11.00am	Sung Eucharist with the Blessing of Palms and Procession	Quire	sung by the Choir of Westminster Abbey	Guerrero O Domine Jesu Christe
Sunday, 2nd April 2023	11.00am	Sung Eucharist with the Blessing of Palms and Procession	Quire	sung by the Choir of Westminster Abbey	Bach Valet will ich dir geben BWV 736
Sunday, 2nd April 2023	3.00pm	Evensong	Quire	sung by the Choir of Westminster Abbey	Ferguson It was in that train
Sunday, 2nd April 2023	3.00pm	Evensong	Quire	sung by the Choir of Westminster Abbey	Radcliffe Responses
Sunday, 2nd April 2023	3.00pm	Evensong	Quire	sung by the Choir of Westminster Abbey	Victoria Magnificat primi toni a 4
Sunday, 2nd April 2023	3.00pm	Evensong	Quire	sung by the Choir of Westminster Abbey	Victoria Nunc dimittis tertii toni
Sunday, 2nd April 2023	3.00pm	Evensong	Quire	sung by the Choir of Westminster Abbey	Tallis In jejunio et fletu
Sunday, 2nd April 2023	3.00pm	Evensong	Quire	sung by the Choir of Westminster Abbey	Bach Prelude in C minor BWV 546i
Monday, 3rd April 2023	5.00pm	Evensong	Quire	sung by the Lay Vicars	plainsong Vexilla regis prodeunt
Monday, 3rd April 2023	5.00pm	Evensong	Quire	sung by the Lay Vicars	plainsong Responses
Monday, 3rd April 2023	5.00pm	Evensong	Quire	sung by the Lay Vicars	Guerrero Magnificat secundi toni
Monday, 3rd April 2023	5.00pm	Evensong	Quire	sung by the Lay Vicars	plainsong Nunc dimittis 
Monday, 3rd April 2023	5.00pm	Evensong	Quire	sung by the Lay Vicars	Victoria Vere languores nostros
Tuesday, 4th April 2023	5.00pm	Evensong	Quire	sung by the Choir of Westminster Abbey	Ferguson It was in that train
Tuesday, 4th April 2023	5.00pm	Evensong	Quire	sung by the Choir of Westminster Abbey	Radcliffe Responses
Tuesday, 4th April 2023	5.00pm	Evensong	Quire	sung by the Choir of Westminster Abbey	Weelkes Short Service
Tuesday, 4th April 2023	5.00pm	Evensong	Quire	sung by the Choir of Westminster Abbey	Lassus Timor et tremor
Thursday, 6th April 2023	5.00pm	Sung Eucharist with the Washing of the Feet, followed by The Watch	Quire	sung by the Choir of Westminster Abbey	Byrd Mass for four voices
Thursday, 6th April 2023	5.00pm	Sung Eucharist with the Washing of the Feet, followed by The Watch	Quire	sung by the Choir of Westminster Abbey	Gibbons Drop, drop slow tears
Thursday, 6th April 2023	5.00pm	Sung Eucharist with the Washing of the Feet, followed by The Watch	Quire	sung by the Choir of Westminster Abbey	Duruflé Ubi caritas et amor
Thursday, 6th April 2023	5.00pm	Sung Eucharist with the Washing of the Feet, followed by The Watch	Quire	sung by the Choir of Westminster Abbey	Poulenc Vinea mea electa
Thursday, 6th April 2023	5.00pm	Sung Eucharist with the Washing of the Feet, followed by The Watch	Quire	sung by the Choir of Westminster Abbey	Séverac Tantum ergo sacramentum
Friday, 7th April 2023	3.00pm	Solemn Liturgy of the Passion and Death of Our Lord	Quire	sung by the Choir of Westminster Abbey	Victoria The Passion according to John
Friday, 7th April 2023	3.00pm	Solemn Liturgy of the Passion and Death of Our Lord	Quire	sung by the Choir of Westminster Abbey	Victoria The Reproaches
Friday, 7th April 2023	3.00pm	Solemn Liturgy of the Passion and Death of Our Lord	Quire	sung by the Choir of Westminster Abbey	Bruckner Christus factus est pro nobis
Friday, 7th April 2023	3.00pm	Solemn Liturgy of the Passion and Death of Our Lord	Quire	sung by the Choir of Westminster Abbey	Poulenc Tenebrae factae sunt
Saturday, 8th April 2023	8.00pm	Vigil and First Eucharist of Easter	Quire	sung by the Choir of Westminster Abbey	Palestrina Sicut cervus desiderat ad fontes aquarum
Saturday, 8th April 2023	8.00pm	Vigil and First Eucharist of Easter	Quire	sung by the Choir of Westminster Abbey	Kodály Missa brevis
Saturday, 8th April 2023	8.00pm	Vigil and First Eucharist of Easter	Quire	sung by the Choir of Westminster Abbey	Taverner Dum transisset sabbatum
Saturday, 8th April 2023	8.00pm	Vigil and First Eucharist of Easter	Quire	sung by the Choir of Westminster Abbey	Langlais Incantation pour un jour saint
Sunday, 9th April 2023	10.30am	Sung Eucharist	Quire	sung by the Choir of Westminster Abbey with Kensington Brass	Vierne Messe solonnelle
Sunday, 9th April 2023	10.30am	Sung Eucharist	Quire	sung by the Choir of Westminster Abbey with Kensington Brass	Scheidt Surrexit Christus hodie
Sunday, 9th April 2023	10.30am	Sung Eucharist	Quire	sung by the Choir of Westminster Abbey with Kensington Brass	Widor Surrexit a mortuis
Sunday, 9th April 2023	10.30am	Sung Eucharist	Quire	sung by the Choir of Westminster Abbey with Kensington Brass	Tournemire Choral-Improvisation sur le 'Victimae Paschali'
Sunday, 9th April 2023	3.00pm	Evensong	Quire	sung by the Choir of Westminster Abbey	Handel Since by man came death
Sunday, 9th April 2023	3.00pm	Evensong	Quire	sung by the Choir of Westminster Abbey	Rose Responses
Sunday, 9th April 2023	3.00pm	Evensong	Quire	sung by the Choir of Westminster Abbey	Stanford in A
Sunday, 9th April 2023	3.00pm	Evensong	Quire	sung by the Choir of Westminster Abbey	Stanford Ye choirs of new Jerusalem
Sunday, 9th April 2023	3.00pm	Evensong	Quire	sung by the Choir of Westminster Abbey	Beethoven arr Heywood Allegro (Symphony V)
Monday, 10th April 2023	5.00pm	Evensong	Quire	sung by The Tallis Singers	Radcliffe Responses
Monday, 10th April 2023	5.00pm	Evensong	Quire	sung by The Tallis Singers	Howells St Paul’s Service
Monday, 10th April 2023	5.00pm	Evensong	Quire	sung by The Tallis Singers	Taverner Dum transisset Sabbatum
Tuesday, 11th April 2023	5.00pm	Evensong	Quire	sung by the Choir of St Peter's Collegiate Church, Wolverhampton	Spicer Responses
Tuesday, 11th April 2023	5.00pm	Evensong	Quire	sung by the Choir of St Peter's Collegiate Church, Wolverhampton	Murrill in E
Tuesday, 11th April 2023	5.00pm	Evensong	Quire	sung by the Choir of St Peter's Collegiate Church, Wolverhampton	Stanford Ye choirs of new Jerusalem
Thursday, 13th April 2023	5.00pm	Evensong	Quire	sung by Stockholms Gosskör (Stockholm Boys' Choir); attended by HE The High Commissioner for Tanzania	Byrd Responses
Thursday, 13th April 2023	5.00pm	Evensong	Quire	sung by Stockholms Gosskör (Stockholm Boys' Choir); attended by HE The High Commissioner for Tanzania	Dyson in F
Thursday, 13th April 2023	5.00pm	Evensong	Quire	sung by Stockholms Gosskör (Stockholm Boys' Choir); attended by HE The High Commissioner for Tanzania	Tallis If ye love me
Friday, 14th April 2023	5.00pm	Evensong	Quire	sung by Stockholms Gosskör (Stockholm Boys' Choir)	Byrd Responses
Friday, 14th April 2023	5.00pm	Evensong	Quire	sung by Stockholms Gosskör (Stockholm Boys' Choir)	Stanford in G
Friday, 14th April 2023	5.00pm	Evensong	Quire	sung by Stockholms Gosskör (Stockholm Boys' Choir)	Sköld Glory be to the Father
Saturday, 15th April 2023	3.00pm	Evensong	Quire	sung by In Spiritu Chamber Choir	Rose Responses
Saturday, 15th April 2023	3.00pm	Evensong	Quire	sung by In Spiritu Chamber Choir	Moeran in D
Saturday, 15th April 2023	3.00pm	Evensong	Quire	sung by In Spiritu Chamber Choir	Bassano Dic nobis Maria
Saturday, 15th April 2023	3.00pm	Evensong	Quire	sung by In Spiritu Chamber Choir	Bach Alla breve in D BWV 589
Sunday, 16th April 2023	11.15am	Sung Eucharist	Quire	sung by In Spiritu Chamber Choir	Palestrina Missa brevis
Sunday, 16th April 2023	11.15am	Sung Eucharist	Quire	sung by In Spiritu Chamber Choir	JM Bach I know that my redeemer liveth
Sunday, 16th April 2023	11.15am	Sung Eucharist	Quire	sung by In Spiritu Chamber Choir	JS Bach Prelude and Fugue in G BWV 541
Sunday, 16th April 2023	3.00pm	Evensong	Quire	sung by In Spiritu Chamber Choir	Rose Responses
Sunday, 16th April 2023	3.00pm	Evensong	Quire	sung by In Spiritu Chamber Choir	Wood Collegium Regale
Sunday, 16th April 2023	3.00pm	Evensong	Quire	sung by In Spiritu Chamber Choir	Elgar Light out of darkness
Sunday, 16th April 2023	3.00pm	Evensong	Quire	sung by In Spiritu Chamber Choir	Elgar arr Martin Imperial March Op 32
Monday, 17th April 2023	5.00pm	Evensong	Quire	sung by the Lay Vicars	plainsong Ad coenam Agni providi
Monday, 17th April 2023	5.00pm	Evensong	Quire	sung by the Lay Vicars	Byrd and Quinney Responses
Monday, 17th April 2023	5.00pm	Evensong	Quire	sung by the Lay Vicars	Mundy Service in four parts
Monday, 17th April 2023	5.00pm	Evensong	Quire	sung by the Lay Vicars	Parsons Credo quod redemptor meus vivit
Tuesday, 18th April 2023	5.00pm	Evensong	Quire	sung by the Choir of Westminster Abbey	Handel Since by man came death
Tuesday, 18th April 2023	5.00pm	Evensong	Quire	sung by the Choir of Westminster Abbey	Ayleward Respones
Tuesday, 18th April 2023	5.00pm	Evensong	Quire	sung by the Choir of Westminster Abbey	Sumsion in G
Tuesday, 18th April 2023	5.00pm	Evensong	Quire	sung by the Choir of Westminster Abbey	Vaughan Williams Rise, heart
Sunday, 23rd April 2023	11.15am	Sung Eucharist	Quire	sung by the Lay Vicars	Guerrero Missa Surge propera
Sunday, 23rd April 2023	11.15am	Sung Eucharist	Quire	sung by the Lay Vicars	Gabrieli Ego sum qui sum
Sunday, 23rd April 2023	11.15am	Sung Eucharist	Quire	sung by the Lay Vicars	Byrd Fantasia in G
Sunday, 23rd April 2023	3.00pm	Evensong	Quire	sung by the Lay Vicars	Byrd Terra tremuit et quievit
Sunday, 23rd April 2023	3.00pm	Evensong	Quire	sung by the Lay Vicars	Byrd and Quinney Responses
Sunday, 23rd April 2023	3.00pm	Evensong	Quire	sung by the Lay Vicars	Parsons First Service 
Sunday, 23rd April 2023	3.00pm	Evensong	Quire	sung by the Lay Vicars	Byrd Christ rising again from the dead
Sunday, 23rd April 2023	3.00pm	Evensong	Quire	sung by the Lay Vicars	Buxtehude Praeludium in C BuxWV 137
Monday, 24th April 2023	5.00pm	Evensong	St Margaret's Church	sung by the Choir of Westminster Abbey	Handel Since by man came death
Monday, 24th April 2023	5.00pm	Evensong	St Margaret's Church	sung by the Choir of Westminster Abbey	Ayleward Responses
Monday, 24th April 2023	5.00pm	Evensong	St Margaret's Church	sung by the Choir of Westminster Abbey	D Purcell in E minor
Monday, 24th April 2023	5.00pm	Evensong	St Margaret's Church	sung by the Choir of Westminster Abbey	H Purcell My beloved spake
Thursday, 27th April 2023	5.00pm	Evensong	St Margaret's Church	sung by the Lay Vicars	Praetorius Surrexit Christus Dominus
Thursday, 27th April 2023	5.00pm	Evensong	St Margaret's Church	sung by the Lay Vicars	plainsong Responses
Thursday, 27th April 2023	5.00pm	Evensong	St Margaret's Church	sung by the Lay Vicars	Anerio Magnificat octavi toni
Thursday, 27th April 2023	5.00pm	Evensong	St Margaret's Church	sung by the Lay Vicars	plainsong Nunc dimittis
Thursday, 27th April 2023	5.00pm	Evensong	St Margaret's Church	sung by the Lay Vicars	Gabrieli Maria stabat ad monumentum
Sunday, 30th April 2023	11.15am	Sung Eucharist	St Margaret's Church	sung by the Lay Vicars	Palestrina Missa Aeterna Christi munera
Sunday, 30th April 2023	11.15am	Sung Eucharist	St Margaret's Church	sung by the Lay Vicars	Byrd Pascha nostrum immolatus est Christus
Sunday, 30th April 2023	11.15am	Sung Eucharist	St Margaret's Church	sung by the Lay Vicars	Bach Allegro (Sonata V in C BWV 529)
Sunday, 30th April 2023	3.00pm	Evensong	St Margaret's Church	sung by the Lay Vicars	Sheppard Christ our paschal Lamb
Sunday, 30th April 2023	3.00pm	Evensong	St Margaret's Church	sung by the Lay Vicars	Tallis Responses
Sunday, 30th April 2023	3.00pm	Evensong	St Margaret's Church	sung by the Lay Vicars	Wood in E
Sunday, 30th April 2023	3.00pm	Evensong	St Margaret's Church	sung by the Lay Vicars	Tallis Sermone blando angelus
Sunday, 30th April 2023	3.00pm	Evensong	St Margaret's Church	sung by the Lay Vicars	Dubois Toccata
Thursday, 11th May 2023	5.00pm	Evensong	Quire	sung by the Choir of Westminster Abbey	Byrd Terra tremuit et quievit
Thursday, 11th May 2023	5.00pm	Evensong	Quire	sung by the Choir of Westminster Abbey	Leighton Responses
Thursday, 11th May 2023	5.00pm	Evensong	Quire	sung by the Choir of Westminster Abbey	Dyson in D
Thursday, 11th May 2023	5.00pm	Evensong	Quire	sung by the Choir of Westminster Abbey	Hadley My beloved spake
Saturday, 13th May 2023	5.00pm	Evensong	Quire	sung by the Choir of Westminster Abbey	Byrd Terra tremuit et quievit
Saturday, 13th May 2023	5.00pm	Evensong	Quire	sung by the Choir of Westminster Abbey	Leighton Responses
Saturday, 13th May 2023	5.00pm	Evensong	Quire	sung by the Choir of Westminster Abbey	Leighton Magdalen College Service
Saturday, 13th May 2023	5.00pm	Evensong	Quire	sung by the Choir of Westminster Abbey	Elgar Light of the world
Saturday, 13th May 2023	5.00pm	Evensong	Quire	sung by the Choir of Westminster Abbey	Messiaen Joie et clarté des corps glorieux
Sunday, 14th May 2023	11.15am	Sung Eucharist	St Margaret's Church	sung by the Choir of Westminster Abbey	Victoria Missa O quam gloriosum
Sunday, 14th May 2023	11.15am	Sung Eucharist	St Margaret's Church	sung by the Choir of Westminster Abbey	Lobo O quam suavis
Sunday, 14th May 2023	11.15am	Sung Eucharist	St Margaret's Church	sung by the Choir of Westminster Abbey	Schmidt Prelude and Fugue in D 'Hallelujah'
Sunday, 14th May 2023	3.00pm	Evensong	St Margaret's Church	sung by the Choir of Westminster Abbey	Byrd Terra tremuit et quievit
Sunday, 14th May 2023	3.00pm	Evensong	St Margaret's Church	sung by the Choir of Westminster Abbey	Leighton Responses
Sunday, 14th May 2023	3.00pm	Evensong	St Margaret's Church	sung by the Choir of Westminster Abbey	Byrd Second Service
Sunday, 14th May 2023	3.00pm	Evensong	St Margaret's Church	sung by the Choir of Westminster Abbey	Byrd Haec dies quam fecit Dominus
Sunday, 14th May 2023	3.00pm	Evensong	St Margaret's Church	sung by the Choir of Westminster Abbey	Bach Prelude in D BWV 532i
Monday, 15th May 2023	5.00pm	Evensong	Quire	sung by the Lay Vicars	plainsong Ad coenam Agni providi
Monday, 15th May 2023	5.00pm	Evensong	Quire	sung by the Lay Vicars	plainsong Responses
Monday, 15th May 2023	5.00pm	Evensong	Quire	sung by the Lay Vicars	Victoria Magnificat sexti toni
Monday, 15th May 2023	5.00pm	Evensong	Quire	sung by the Lay Vicars	plainsong Nunc dimittis
Monday, 15th May 2023	5.00pm	Evensong	Quire	sung by the Lay Vicars	Palestrina Isti sunt viri sancti 
Tuesday, 16th May 2023	5.00pm	Evensong	Quire	sung by the Choir of Westminster Abbey	Byrd Terra tremuit et quievit
Tuesday, 16th May 2023	5.00pm	Evensong	Quire	sung by the Choir of Westminster Abbey	Clucas Responses
Tuesday, 16th May 2023	5.00pm	Evensong	Quire	sung by the Choir of Westminster Abbey	Blow in F
Tuesday, 16th May 2023	5.00pm	Evensong	Quire	sung by the Choir of Westminster Abbey	Philips Christus resurgens ex mortuis
Thursday, 18th May 2023	5.00pm	Sung Eucharist	Quire	sung by the Choir of Westminster Abbey	Martin Mass for double choir
Thursday, 18th May 2023	5.00pm	Sung Eucharist	Quire	sung by the Choir of Westminster Abbey	Stanford Coelos ascendit hodie
Thursday, 18th May 2023	5.00pm	Sung Eucharist	Quire	sung by the Choir of Westminster Abbey	Messiaen Transports de joie d'une âme devant la gloire du Christ qui est la sienne
Friday, 19th May 2023	5.00pm	Evensong	Quire	sung by the Choir of Westminster Abbey	Mendelssohn Erhaben, o Herr, über alles Lob
Friday, 19th May 2023	5.00pm	Evensong	Quire	sung by the Choir of Westminster Abbey	Clucas Responses
Friday, 19th May 2023	5.00pm	Evensong	Quire	sung by the Choir of Westminster Abbey	Weelkes Short Service
Friday, 19th May 2023	5.00pm	Evensong	Quire	sung by the Choir of Westminster Abbey	Gibbons O clap your hands together
Saturday, 20th May 2023	5.00pm	Evensong	Quire	part of the Chorister Experience Day; sung by the Choir of Westminster Abbey	Hurford Litany to the Holy Spirit
Saturday, 20th May 2023	5.00pm	Evensong	Quire	part of the Chorister Experience Day; sung by the Choir of Westminster Abbey	Clucas Responses
Saturday, 20th May 2023	5.00pm	Evensong	Quire	part of the Chorister Experience Day; sung by the Choir of Westminster Abbey	Stanford in C
Saturday, 20th May 2023	5.00pm	Evensong	Quire	part of the Chorister Experience Day; sung by the Choir of Westminster Abbey	Gowers Viri Galilaei
Saturday, 20th May 2023	5.00pm	Evensong	Quire	part of the Chorister Experience Day; sung by the Choir of Westminster Abbey	Vierne Final (Symphonie I)
Sunday, 21st May 2023	10.00am	Matins	Quire	sung by the Choir of Westminster Abbey	Mendelssohn Erhaben, o Herr, über alles Lob
Sunday, 21st May 2023	10.00am	Matins	Quire	sung by the Choir of Westminster Abbey	Clucas Responses
Sunday, 21st May 2023	10.00am	Matins	Quire	sung by the Choir of Westminster Abbey	Stanford Jubilate in B flat
Sunday, 21st May 2023	10.00am	Matins	Quire	sung by the Choir of Westminster Abbey	Stanford At Eastertide
Sunday, 21st May 2023	11.15am	Sung Eucharist	Quire	sung by the Choir of Westminster Abbey	Sheppard Western Wind Mass
Sunday, 21st May 2023	11.15am	Sung Eucharist	Quire	sung by the Choir of Westminster Abbey	Byrd Ave verum corpus
Sunday, 21st May 2023	11.15am	Sung Eucharist	Quire	sung by the Choir of Westminster Abbey	Mendelssohn Allegro con brio (Sonata IV)
Sunday, 21st May 2023	3.00pm	Evensong	Quire	sung by the Choir of Westminster Abbey	Mendelssohn Erhaben, o Herr, über alles Lob
Sunday, 21st May 2023	3.00pm	Evensong	Quire	sung by the Choir of Westminster Abbey	Clucas Responses
Sunday, 21st May 2023	3.00pm	Evensong	Quire	sung by the Choir of Westminster Abbey	Dyson in D
Sunday, 21st May 2023	3.00pm	Evensong	Quire	sung by the Choir of Westminster Abbey	Finzi God is gone up with a triumphant shout
Sunday, 21st May 2023	3.00pm	Evensong	Quire	sung by the Choir of Westminster Abbey	Elgar Imperial March
Monday, 22nd May 2023	5.00pm	Evensong	Quire	sung by the Choristers	Vaughan Williams The Call
Monday, 22nd May 2023	5.00pm	Evensong	Quire	sung by the Choristers	plainsong Responses
Monday, 22nd May 2023	5.00pm	Evensong	Quire	sung by the Choristers	plainsong Magnificat
Monday, 22nd May 2023	5.00pm	Evensong	Quire	sung by the Choristers	Burgon Nunc dimittis
Monday, 22nd May 2023	5.00pm	Evensong	Quire	sung by the Choristers	Mendelssohn If with all your hearts ye truly seek me
Tuesday, 23rd May 2023	5.00pm	Evensong	Quire	sung by the Choir of Westminster Abbey	Byrd Psallite Domino
Tuesday, 23rd May 2023	5.00pm	Evensong	Quire	sung by the Choir of Westminster Abbey	Smith Responses
Tuesday, 23rd May 2023	5.00pm	Evensong	Quire	sung by the Choir of Westminster Abbey	Hooper Short Service
Tuesday, 23rd May 2023	5.00pm	Evensong	Quire	sung by the Choir of Westminster Abbey	Gibbons O God, the King of glory
Thursday, 25th May 2023	5.00pm	Evensong	Quire	sung by the Choir of Westminster Abbey	Byrd Psallite Domino
Thursday, 25th May 2023	5.00pm	Evensong	Quire	sung by the Choir of Westminster Abbey	Smith Responses
Thursday, 25th May 2023	5.00pm	Evensong	Quire	sung by the Choir of Westminster Abbey	Mundy Magnificat secundi toni
Thursday, 25th May 2023	5.00pm	Evensong	Quire	sung by the Choir of Westminster Abbey	Tye Nunc dimittis
Thursday, 25th May 2023	5.00pm	Evensong	Quire	sung by the Choir of Westminster Abbey	Byrd Sing joyfully unto God our strength
Friday, 26th May 2023	5.00pm	Evensong	Quire	sung by the Choir of Westminster Abbey	Byrd Psallite Domino
Friday, 26th May 2023	5.00pm	Evensong	Quire	sung by the Choir of Westminster Abbey	Smith Responses
Friday, 26th May 2023	5.00pm	Evensong	Quire	sung by the Choir of Westminster Abbey	Victoria Magnificat octavi toni
Friday, 26th May 2023	5.00pm	Evensong	Quire	sung by the Choir of Westminster Abbey	Victoria Nunc dimittis tertii toni
Friday, 26th May 2023	5.00pm	Evensong	Quire	sung by the Choir of Westminster Abbey	Philips Ascendit Deus in jubilatione
Saturday, 27th May 2023	5.00pm	First Evensong of the Day of Pentecost	Quire	sung by the Lay Vicars	Tallis If ye love me
Saturday, 27th May 2023	5.00pm	First Evensong of the Day of Pentecost	Quire	sung by the Lay Vicars	Tallis Responses
Saturday, 27th May 2023	5.00pm	First Evensong of the Day of Pentecost	Quire	sung by the Lay Vicars	Kennedy Worcester Service
Saturday, 27th May 2023	5.00pm	First Evensong of the Day of Pentecost	Quire	sung by the Lay Vicars	Byrd Veni Sancte Spiritus
Saturday, 27th May 2023	5.00pm	First Evensong of the Day of Pentecost	Quire	sung by the Lay Vicars	Bach Prelude and Fugue in E minor BWV 533
Sunday, 28th May 2023	10.30am	Sung Eucharist	Quire	sung by the Lay Vicars	Duruflé Messe Cum jubilo
Sunday, 28th May 2023	10.30am	Sung Eucharist	Quire	sung by the Lay Vicars	Sheppard Spiritus Sanctus
Sunday, 28th May 2023	10.30am	Sung Eucharist	Quire	sung by the Lay Vicars	Duruflé Choral varié sur le Veni Creator Op 4iii
Sunday, 28th May 2023	3.00pm	Evensong	Quire	sung by the Lay Vicars	Tallis If ye love me
Sunday, 28th May 2023	3.00pm	Evensong	Quire	sung by the Lay Vicars	Tallis Responses
Sunday, 28th May 2023	3.00pm	Evensong	Quire	sung by the Lay Vicars	Howells in E
Sunday, 28th May 2023	3.00pm	Evensong	Quire	sung by the Lay Vicars	Howells My eyes for beauty pine
Sunday, 28th May 2023	3.00pm	Evensong	Quire	sung by the Lay Vicars	Bach Komm, heiliger Geist BWV 651
Monday, 29th May 2023	5.00pm	Evensong	Quire	sung by the Lay Vicars	Byrd Spiritus Domini replevit orbem terrarum
Monday, 29th May 2023	5.00pm	Evensong	Quire	sung by the Lay Vicars	plainsong Responses
Monday, 29th May 2023	5.00pm	Evensong	Quire	sung by the Lay Vicars	Moore First Service
Monday, 29th May 2023	5.00pm	Evensong	Quire	sung by the Lay Vicars	Moore Behold, O God our defender
Tuesday, 30th May 2023	5.00pm	Evensong	Quire	sung by the Lay Vicars	Byrd Spiritus Domini replevit orbem terrarum
Tuesday, 30th May 2023	5.00pm	Evensong	Quire	sung by the Lay Vicars	plainsong Responses
Tuesday, 30th May 2023	5.00pm	Evensong	Quire	sung by the Lay Vicars	Palestrina Magnificat primi toni a 8
Tuesday, 30th May 2023	5.00pm	Evensong	Quire	sung by the Lay Vicars	plainsong Nunc dimittis
Tuesday, 30th May 2023	5.00pm	Evensong	Quire	sung by the Lay Vicars	Poulenc Salut, dame sainte
Thursday, 1st June 2023	5.00pm	Evensong	Quire	sung by the Lay Vicars	Byrd Spiritus Domini replevit orbem terrarum
Thursday, 1st June 2023	5.00pm	Evensong	Quire	sung by the Lay Vicars	plainsong Responses
Thursday, 1st June 2023	5.00pm	Evensong	Quire	sung by the Lay Vicars	Soriano Magnificat primi toni
Thursday, 1st June 2023	5.00pm	Evensong	Quire	sung by the Lay Vicars	Palestrina Nunc dimittis tertii toni a 8
Thursday, 1st June 2023	5.00pm	Evensong	Quire	sung by the Lay Vicars	Monteverdi Deus tuorum militum
Friday, 2nd June 2023	5.00pm	Evensong	Quire	sung by the Lay Vicars	Byrd Spiritus Domini replevit orbem terrarum
Friday, 2nd June 2023	5.00pm	Evensong	Quire	sung by the Lay Vicars	plainsong Responses
Friday, 2nd June 2023	5.00pm	Evensong	Quire	sung by the Lay Vicars	Palestrina Magnificat sexti toni
Friday, 2nd June 2023	5.00pm	Evensong	Quire	sung by the Lay Vicars	Quinney Nunc dimittis tertii toni
Friday, 2nd June 2023	5.00pm	Evensong	Quire	sung by the Lay Vicars	Tallis In pace in idipsum dormiam et requiescam
Saturday, 3rd June 2023	5.00pm	Evensong	Quire	sung by the Lay Vicars	Hildegard of Bingen Laus Trinitati
Saturday, 3rd June 2023	5.00pm	Evensong	Quire	sung by the Lay Vicars	Byrd and Quinney Responses
Saturday, 3rd June 2023	5.00pm	Evensong	Quire	sung by the Lay Vicars	Victoria Magnificat tertii toni
Saturday, 3rd June 2023	5.00pm	Evensong	Quire	sung by the Lay Vicars	Vento Nunc dimittis tertii toni
Saturday, 3rd June 2023	5.00pm	Evensong	Quire	sung by the Lay Vicars	Byrd O lux beata Trinitas
Saturday, 3rd June 2023	5.00pm	Evensong	Quire	sung by the Lay Vicars	Byrd My Ladye Nevells Grownde
Sunday, 4th June 2023	10.00am	Matins	Quire	sung by the Choir of Westminster Abbey	Tchaikovsky Hymn to the Trinity
Sunday, 4th June 2023	10.00am	Matins	Quire	sung by the Choir of Westminster Abbey	Smith Responses
Sunday, 4th June 2023	10.00am	Matins	Quire	sung by the Choir of Westminster Abbey	Gibbons Te Deum (Short Service)
Sunday, 4th June 2023	10.00am	Matins	Quire	sung by the Choir of Westminster Abbey	Gibbons Fantasia in A minor for double organ
Sunday, 4th June 2023	11.15am	Sung Eucharist	Quire	sung by the Choir of Westminster Abbey	Schubert Mass II in G
Sunday, 4th June 2023	11.15am	Sung Eucharist	Quire	sung by the Choir of Westminster Abbey	Rossini O salutaris hostia
Sunday, 4th June 2023	11.15am	Sung Eucharist	Quire	sung by the Choir of Westminster Abbey	Stanford Allegro maestoso (Sonata Celtica)
Sunday, 4th June 2023	3.00pm	Evensong	Quire	sung by the Choir of Westminster Abbey	Tchaikovsky Hymn to the Trinity
Sunday, 4th June 2023	3.00pm	Evensong	Quire	sung by the Choir of Westminster Abbey	Smith Responses
Sunday, 4th June 2023	3.00pm	Evensong	Quire	sung by the Choir of Westminster Abbey	Sumsion in G
Sunday, 4th June 2023	3.00pm	Evensong	Quire	sung by the Choir of Westminster Abbey	Rachmaninoff Cherubic Hymn
Sunday, 4th June 2023	3.00pm	Evensong	Quire	sung by the Choir of Westminster Abbey	Mendelssohn Allegro assai vivace (Sonata I)
Monday, 5th June 2023	5.00pm	Evensong	Quire	sung by the Choristers	Handel How beautiful are the feet
Monday, 5th June 2023	5.00pm	Evensong	Quire	sung by the Choristers	plainsong Responses
Monday, 5th June 2023	5.00pm	Evensong	Quire	sung by the Choristers	Watson in F
Monday, 5th June 2023	5.00pm	Evensong	Quire	sung by the Choristers	Hurford Litany to the Holy Spirit
Tuesday, 6th June 2023	5.00pm	Evensong	Quire	sung by the Choir of Westminster Abbey	Tchaikovsky Hymn to the Trinity
Tuesday, 6th June 2023	5.00pm	Evensong	Quire	sung by the Choir of Westminster Abbey	Tomkins Responses
Tuesday, 6th June 2023	5.00pm	Evensong	Quire	sung by the Choir of Westminster Abbey	Weelkes Short Service
Tuesday, 6th June 2023	5.00pm	Evensong	Quire	sung by the Choir of Westminster Abbey	Philips Tibi laus tibi gloria 
Thursday, 8th June 2023	5.00pm	Sung Eucharist	Quire	sung by the Choir of Westminster Abbey	Josquin Missa Pange lingua
Thursday, 8th June 2023	5.00pm	Sung Eucharist	Quire	sung by the Choir of Westminster Abbey	Guerrero O sacrum convivium
Thursday, 8th June 2023	5.00pm	Sung Eucharist	Quire	sung by the Choir of Westminster Abbey	Bach Prelude in E flat BWV 552i
Friday, 9th June 2023	5.00pm	Evensong	Quire	sung by the Choir of Westminster Abbey	Tchaikovsky Hymn to the Trinity
Friday, 9th June 2023	5.00pm	Evensong	Quire	sung by the Choir of Westminster Abbey	Tomkins Responses
Friday, 9th June 2023	5.00pm	Evensong	Quire	sung by the Choir of Westminster Abbey	Tomkins First Service
Friday, 9th June 2023	5.00pm	Evensong	Quire	sung by the Choir of Westminster Abbey	Sheppard Libera nos salva nos
Saturday, 10th June 2023	5.00pm	Evensong	Quire	sung by the Choir of Westminster Abbey	Sheppard Libera nos salva nos
Saturday, 10th June 2023	5.00pm	Evensong	Quire	sung by the Choir of Westminster Abbey	Tomkins Responses
Saturday, 10th June 2023	5.00pm	Evensong	Quire	sung by the Choir of Westminster Abbey	Muhly Westminster Service
Saturday, 10th June 2023	5.00pm	Evensong	Quire	sung by the Choir of Westminster Abbey	Brahms Wie lieblich sind deine Wohnungen
Saturday, 10th June 2023	5.00pm	Evensong	Quire	sung by the Choir of Westminster Abbey	Bairstow Andante serioso ma con moto (Sonata in E flat)
Sunday, 11th June 2023	10.00am	Matins	St Margaret's Church	sung by the Choir of Westminster Abbey	Sheppard Libera nos salva nos
Sunday, 11th June 2023	10.00am	Matins	St Margaret's Church	sung by the Choir of Westminster Abbey	Tomkins Responses
Sunday, 11th June 2023	10.00am	Matins	St Margaret's Church	sung by the Choir of Westminster Abbey	Stanford Te Deum in C
Sunday, 11th June 2023	10.00am	Matins	St Margaret's Church	sung by the Choir of Westminster Abbey	Willan Prelude on 'Caithness'
Sunday, 11th June 2023	11.15am	Sung Eucharist	Quire	sung by the Choir of Westminster Abbey	Stravinsky Mass
Sunday, 11th June 2023	11.15am	Sung Eucharist	Quire	sung by the Choir of Westminster Abbey	Tallis O salutaris hostia
Sunday, 11th June 2023	11.15am	Sung Eucharist	Quire	sung by the Choir of Westminster Abbey	Debussy arr Hirsch Danse
Sunday, 11th June 2023	3.00pm	Evensong	Quire	sung by the Choir of Westminster Abbey	Sheppard Libera nos salva nos
Sunday, 11th June 2023	3.00pm	Evensong	Quire	sung by the Choir of Westminster Abbey	Tomkins Responses
Sunday, 11th June 2023	3.00pm	Evensong	Quire	sung by the Choir of Westminster Abbey	Walmisley in D minor
Sunday, 11th June 2023	3.00pm	Evensong	Quire	sung by the Choir of Westminster Abbey	Stanford The Lord is my shepherd
Sunday, 11th June 2023	3.00pm	Evensong	Quire	sung by the Choir of Westminster Abbey	Stanford Postlude in D minor
Monday, 12th June 2023	5.00pm	Evensong	Quire	sung by the Lay Vicars	Sheppard I give you a new commandment
Monday, 12th June 2023	5.00pm	Evensong	Quire	sung by the Lay Vicars	plainsong Responses
Monday, 12th June 2023	5.00pm	Evensong	Quire	sung by the Lay Vicars	Batten Short Service
Monday, 12th June 2023	5.00pm	Evensong	Quire	sung by the Lay Vicars	Palestrina Jubilate Deo universa terra
Tuesday, 13th June 2023	5.00pm	Evensong	Quire	sung by the Choir of Westminster Abbey	Palestrina Exaltabo te Domine
Tuesday, 13th June 2023	5.00pm	Evensong	Quire	sung by the Choir of Westminster Abbey	Martin Responses
Tuesday, 13th June 2023	5.00pm	Evensong	Quire	sung by the Choir of Westminster Abbey	Dyson in F
Tuesday, 13th June 2023	5.00pm	Evensong	Quire	sung by the Choir of Westminster Abbey	Byrd Teach me, O Lord
Thursday, 15th June 2023	5.00pm	Evensong	Quire	sung by the Choir of Westminster Abbey	Palestrina Exaltabo te Domine
Thursday, 15th June 2023	5.00pm	Evensong	Quire	sung by the Choir of Westminster Abbey	Martin Responses
Thursday, 15th June 2023	5.00pm	Evensong	Quire	sung by the Choir of Westminster Abbey	Sheppard Second Service
Thursday, 15th June 2023	5.00pm	Evensong	Quire	sung by the Choir of Westminster Abbey	Viadana Exsultate justi in Domino
Friday, 16th June 2023	5.00pm	Evensong	Quire	sung by the Choir of Westminster Abbey	Palestrina Exaltabo te Domine
Friday, 16th June 2023	5.00pm	Evensong	Quire	sung by the Choir of Westminster Abbey	Martin Responses
Friday, 16th June 2023	5.00pm	Evensong	Quire	sung by the Choir of Westminster Abbey	Victoria Magnificat primi toni a 4
Friday, 16th June 2023	5.00pm	Evensong	Quire	sung by the Choir of Westminster Abbey	Victoria Nunc dimittis tertii toni
Friday, 16th June 2023	5.00pm	Evensong	Quire	sung by the Choir of Westminster Abbey	Clemens non Papa Ego flos campi
Saturday, 17th June 2023	5.00pm	Evensong	Quire	sung by the Choir of Westminster Abbey	Palestrina Exaltabo te Domine
Saturday, 17th June 2023	5.00pm	Evensong	Quire	sung by the Choir of Westminster Abbey	Martin Responses
Saturday, 17th June 2023	5.00pm	Evensong	Quire	sung by the Choir of Westminster Abbey	Wallen Westminster Service
Saturday, 17th June 2023	5.00pm	Evensong	Quire	sung by the Choir of Westminster Abbey	Bairstow Blessed city, heavenly Salem
Saturday, 17th June 2023	5.00pm	Evensong	Quire	sung by the Choir of Westminster Abbey	Bairstow Allegro giocoso (Sonata in E flat)
Sunday, 18th June 2023	10.00am	Matins	St Margaret's Church	sung by the Choir of Westminster Abbey	Palestrina Exaltabo te Domine
Sunday, 18th June 2023	10.00am	Matins	St Margaret's Church	sung by the Choir of Westminster Abbey	Martin Responses
Sunday, 18th June 2023	10.00am	Matins	St Margaret's Church	sung by the Choir of Westminster Abbey	Boyce Jubilate Deo in C
Sunday, 18th June 2023	10.00am	Matins	St Margaret's Church	sung by the Choir of Westminster Abbey	Kerll Toccata primi toni
Sunday, 18th June 2023	11.15am	Sung Eucharist	Quire	sung by the Choir of Westminster Abbey	MacMillan Mass of St Edward the Confessor
Sunday, 18th June 2023	11.15am	Sung Eucharist	Quire	sung by the Choir of Westminster Abbey	Vaughan Williams O taste and see
Sunday, 18th June 2023	11.15am	Sung Eucharist	Quire	sung by the Choir of Westminster Abbey	MacMillan Toccata
Sunday, 18th June 2023	3.00pm	Evensong	Quire	sung by the Choir of Westminster Abbey	Palestrina Exaltabo te Domine
Sunday, 18th June 2023	3.00pm	Evensong	Quire	sung by the Choir of Westminster Abbey	Martin Responses
Sunday, 18th June 2023	3.00pm	Evensong	Quire	sung by the Choir of Westminster Abbey	Howells in G
Sunday, 18th June 2023	3.00pm	Evensong	Quire	sung by the Choir of Westminster Abbey	Howells Like as the hart desireth the water-brooks
Sunday, 18th June 2023	3.00pm	Evensong	Quire	sung by the Choir of Westminster Abbey	Parry Fantasia in G
Monday, 19th June 2023	5.00pm	Evensong	Quire	sung by the Choristers	Boyle Thou wilt keep him in perfect peace
Monday, 19th June 2023	5.00pm	Evensong	Quire	sung by the Choristers	plainsong Responses
Monday, 19th June 2023	5.00pm	Evensong	Quire	sung by the Choristers	Robinson in C
Monday, 19th June 2023	5.00pm	Evensong	Quire	sung by the Choristers	Fauré Ave verum corpus
Tuesday, 20th June 2023	5.00pm	Evensong	Quire	sung by the Choir of Westminster Abbey; attended by The Patriarch of Babylon of the Chaldeans	Clucas Keep me as the apple of an eye
Tuesday, 20th June 2023	5.00pm	Evensong	Quire	sung by the Choir of Westminster Abbey; attended by The Patriarch of Babylon of the Chaldeans	Byrd Responses
Tuesday, 20th June 2023	5.00pm	Evensong	Quire	sung by the Choir of Westminster Abbey; attended by The Patriarch of Babylon of the Chaldeans	Morley First Service
Tuesday, 20th June 2023	5.00pm	Evensong	Quire	sung by the Choir of Westminster Abbey; attended by The Patriarch of Babylon of the Chaldeans	Monte Super flumina Babylonis 
Thursday, 22nd June 2023	5.00pm	Evensong	Quire	sung by the Choir of Westminster Abbey	Clucas Keep me as the apple of an eye
Thursday, 22nd June 2023	5.00pm	Evensong	Quire	sung by the Choir of Westminster Abbey	Byrd Responses
Thursday, 22nd June 2023	5.00pm	Evensong	Quire	sung by the Choir of Westminster Abbey	Noble in B minor
Thursday, 22nd June 2023	5.00pm	Evensong	Quire	sung by the Choir of Westminster Abbey	Weir Leaf from leaf Christ knows
Friday, 23rd June 2023	5.00pm	First Evensong of the Birth of St John the Baptist	Quire	sung by the Choir of Westminster Abbey	Clucas Keep me as the apple of an eye
Friday, 23rd June 2023	5.00pm	First Evensong of the Birth of St John the Baptist	Quire	sung by the Choir of Westminster Abbey	Byrd Responses
Friday, 23rd June 2023	5.00pm	First Evensong of the Birth of St John the Baptist	Quire	sung by the Choir of Westminster Abbey	Farrant in A minor
Friday, 23rd June 2023	5.00pm	First Evensong of the Birth of St John the Baptist	Quire	sung by the Choir of Westminster Abbey	Palestrina Fuit homo missus a Deo
Saturday, 24th June 2023	5.00pm	Evensong	Quire	sung by the Choir of Westminster Abbey	Clucas Keep me as the apple of an eye
Saturday, 24th June 2023	5.00pm	Evensong	Quire	sung by the Choir of Westminster Abbey	Byrd Responses
Saturday, 24th June 2023	5.00pm	Evensong	Quire	sung by the Choir of Westminster Abbey	Howells Westminster Service
Saturday, 24th June 2023	5.00pm	Evensong	Quire	sung by the Choir of Westminster Abbey	Gibbons This is the record of John
Saturday, 24th June 2023	5.00pm	Evensong	Quire	sung by the Choir of Westminster Abbey	McDowall Church bells beyond the stars
Sunday, 25th June 2023	11.15am	Sung Eucharist with Confirmation	Quire	sung by the Choir of Westminster Abbey	Taverner Western Wind Mass
Sunday, 25th June 2023	11.15am	Sung Eucharist with Confirmation	Quire	sung by the Choir of Westminster Abbey	Tallis O Lord, give thy Holy Spirit
Sunday, 25th June 2023	11.15am	Sung Eucharist with Confirmation	Quire	sung by the Choir of Westminster Abbey	Sweelinck Ballo del granduca
Sunday, 25th June 2023	3.00pm	Evensong	Quire	sung by the Choir of Westminster Abbey	Clucas Keep me as the apple of an eye
Sunday, 25th June 2023	3.00pm	Evensong	Quire	sung by the Choir of Westminster Abbey	Byrd Responses
Sunday, 25th June 2023	3.00pm	Evensong	Quire	sung by the Choir of Westminster Abbey	Wood in E flat II
Sunday, 25th June 2023	3.00pm	Evensong	Quire	sung by the Choir of Westminster Abbey	Moore Lo, God is here
Sunday, 25th June 2023	3.00pm	Evensong	Quire	sung by the Choir of Westminster Abbey	Pott Toccata
Monday, 26th June 2023	5.00pm	Evensong	Quire	sung by the Lay Vicars	Kennedy O nata lux de lumine
Monday, 26th June 2023	5.00pm	Evensong	Quire	sung by the Lay Vicars	plainsong Responses
Monday, 26th June 2023	5.00pm	Evensong	Quire	sung by the Lay Vicars	Hassler Magnificat quinti toni 
Monday, 26th June 2023	5.00pm	Evensong	Quire	sung by the Lay Vicars	plainsong Nunc dimittis
Monday, 26th June 2023	5.00pm	Evensong	Quire	sung by the Lay Vicars	White The Lord bless us and keep us
Tuesday, 27th June 2023	5.00pm	Evensong	Quire	sung by the Choir of Westminster Abbey	Loosemore O Lord, increase my faith
Tuesday, 27th June 2023	5.00pm	Evensong	Quire	sung by the Choir of Westminster Abbey	Morley Responses
Tuesday, 27th June 2023	5.00pm	Evensong	Quire	sung by the Choir of Westminster Abbey	Ireland in F
Tuesday, 27th June 2023	5.00pm	Evensong	Quire	sung by the Choir of Westminster Abbey	Parsons Ave Maria
Thursday, 29th June 2023	5.00pm	Sung Eucharist	Quire	sung by the Choir of Westminster Abbey	Palestrina Missa Papae Marcelli
Thursday, 29th June 2023	5.00pm	Sung Eucharist	Quire	sung by the Choir of Westminster Abbey	Palestrina Tu es Petrus
Thursday, 29th June 2023	5.00pm	Sung Eucharist	Quire	sung by the Choir of Westminster Abbey	Tournemire tr Duruflé Choral-improvisation sur le Te Deum
Friday, 30th June 2023	5.00pm	Evensong	Quire	sung by the Choir of Westminster Abbey	Loosemore O Lord, increase my faith
Friday, 30th June 2023	5.00pm	Evensong	Quire	sung by the Choir of Westminster Abbey	Morley Responses
Friday, 30th June 2023	5.00pm	Evensong	Quire	sung by the Choir of Westminster Abbey	Byrd Third Service
Friday, 30th June 2023	5.00pm	Evensong	Quire	sung by the Choir of Westminster Abbey	Parry My soul, there is a country
Saturday, 1st July 2023	5.00pm	Evensong	Quire	sung by the Choir of Westminster Abbey	Morley Responses
Saturday, 1st July 2023	5.00pm	Evensong	Quire	sung by the Choir of Westminster Abbey	Stanford in A
Saturday, 1st July 2023	5.00pm	Evensong	Quire	sung by the Choir of Westminster Abbey	Bernstein Chichester Psalms  
Saturday, 1st July 2023	5.00pm	Evensong	Quire	sung by the Choir of Westminster Abbey	Alain Litanies
Sunday, 2nd July 2023	11.00am	Matins	Quire	attended by The Lord Mayor of Westminster in civic state; sung by the Choir of Westminster Abbey	Bruckner Locus iste a Deo factus est
Sunday, 2nd July 2023	11.00am	Matins	Quire	attended by The Lord Mayor of Westminster in civic state; sung by the Choir of Westminster Abbey	Morley Responses
Sunday, 2nd July 2023	11.00am	Matins	Quire	attended by The Lord Mayor of Westminster in civic state; sung by the Choir of Westminster Abbey	Howells Collegium Regale
Sunday, 2nd July 2023	11.00am	Matins	Quire	attended by The Lord Mayor of Westminster in civic state; sung by the Choir of Westminster Abbey	Bairstow Blessed city, heavenly Salem
Sunday, 2nd July 2023	11.00am	Matins	Quire	attended by The Lord Mayor of Westminster in civic state; sung by the Choir of Westminster Abbey	Elgar arr Farrington Pomp and Circumstance March V
Sunday, 2nd July 2023	3.00pm	Evensong	Quire	sung by the Choir of Westminster Abbey	Loosemore O Lord, increase my faith
Sunday, 2nd July 2023	3.00pm	Evensong	Quire	sung by the Choir of Westminster Abbey	Morley Responses
Sunday, 2nd July 2023	3.00pm	Evensong	Quire	sung by the Choir of Westminster Abbey	Murrill in E
Sunday, 2nd July 2023	3.00pm	Evensong	Quire	sung by the Choir of Westminster Abbey	Harris Faire is the heaven
Sunday, 2nd July 2023	3.00pm	Evensong	Quire	sung by the Choir of Westminster Abbey	Bach Prelude and Fugue in G minor BWV 535
Monday, 3rd July 2023	5.00pm	Evensong	Quire	sung by the Choristers; attended by HE The High Commissioner for Canada	Vaughan Williams The Call
Monday, 3rd July 2023	5.00pm	Evensong	Quire	sung by the Choristers; attended by HE The High Commissioner for Canada	plainsong Responses
Monday, 3rd July 2023	5.00pm	Evensong	Quire	sung by the Choristers; attended by HE The High Commissioner for Canada	Martin Westminster Service
Monday, 3rd July 2023	5.00pm	Evensong	Quire	sung by the Choristers; attended by HE The High Commissioner for Canada	Mendelssohn If with all your hearts
Tuesday, 4th July 2023	5.00pm	Evensong	Quire	sung by the Choir of Westminster Abbey	attr Farrant Lord, for thy tender mercy's sake 
Tuesday, 4th July 2023	5.00pm	Evensong	Quire	sung by the Choir of Westminster Abbey	Rose Responses
Tuesday, 4th July 2023	5.00pm	Evensong	Quire	sung by the Choir of Westminster Abbey	Jackson Truro Service
Tuesday, 4th July 2023	5.00pm	Evensong	Quire	sung by the Choir of Westminster Abbey	Weir Love bade me welcome
Thursday, 6th July 2023	5.00pm	Evensong	Quire	sung by the Choir of Westminster Abbey; attended by HE The High Commissioner for Malawi	attr Farrant Lord, for thy tender mercy's sake 
Thursday, 6th July 2023	5.00pm	Evensong	Quire	sung by the Choir of Westminster Abbey; attended by HE The High Commissioner for Malawi	Rose Responses
Thursday, 6th July 2023	5.00pm	Evensong	Quire	sung by the Choir of Westminster Abbey; attended by HE The High Commissioner for Malawi	plainsong Magnificat
Thursday, 6th July 2023	5.00pm	Evensong	Quire	sung by the Choir of Westminster Abbey; attended by HE The High Commissioner for Malawi	Chesnokov Nunc dimittis 
Thursday, 6th July 2023	5.00pm	Evensong	Quire	sung by the Choir of Westminster Abbey; attended by HE The High Commissioner for Malawi	Mendelssohn Hear my prayer
Friday, 7th July 2023	5.00pm	Evensong	Quire	sung by the Choir of Westminster Abbey	attr Farrant Lord, for thy tender mercy’s sake 
Friday, 7th July 2023	5.00pm	Evensong	Quire	sung by the Choir of Westminster Abbey	Rose Responses
Friday, 7th July 2023	5.00pm	Evensong	Quire	sung by the Choir of Westminster Abbey	Gibbons Short Service
Friday, 7th July 2023	5.00pm	Evensong	Quire	sung by the Choir of Westminster Abbey	Harris Bring us, O Lord God
Saturday, 8th July 2023	5.00pm	Evensong	Quire	marking the twenty-fifth anniversary of the dedication of the statues of the mordern martyrs; sung by the Choir of Westminster Abbey	attr Farrant Lord, for thy tender mercy’s sake 
Saturday, 8th July 2023	5.00pm	Evensong	Quire	marking the twenty-fifth anniversary of the dedication of the statues of the mordern martyrs; sung by the Choir of Westminster Abbey	Rose Responses
Saturday, 8th July 2023	5.00pm	Evensong	Quire	marking the twenty-fifth anniversary of the dedication of the statues of the mordern martyrs; sung by the Choir of Westminster Abbey	Walton Chichester Service
Saturday, 8th July 2023	5.00pm	Evensong	Quire	marking the twenty-fifth anniversary of the dedication of the statues of the mordern martyrs; sung by the Choir of Westminster Abbey	MacMillan A Special Appeal
Saturday, 8th July 2023	5.00pm	Evensong	Quire	marking the twenty-fifth anniversary of the dedication of the statues of the mordern martyrs; sung by the Choir of Westminster Abbey	Mendelssohn Allegro moderato e serioso (Sonata in F minor)
Sunday, 9th July 2023	10.00am	Matins	Quire	marking the end of the Abbey choristers’ academic year; sung by the Choir of Westminster Abbey	attr Farrant Lord, for thy tender mercy’s sake 
Sunday, 9th July 2023	10.00am	Matins	Quire	marking the end of the Abbey choristers’ academic year; sung by the Choir of Westminster Abbey	Rose Responses
Sunday, 9th July 2023	10.00am	Matins	Quire	marking the end of the Abbey choristers’ academic year; sung by the Choir of Westminster Abbey	Elgar Te Deum laudamus
Sunday, 9th July 2023	10.00am	Matins	Quire	marking the end of the Abbey choristers’ academic year; sung by the Choir of Westminster Abbey	Elgar Presto (Sonata in G Op 28)
Sunday, 9th July 2023	11.15am	Sung Eucharist	Quire	sung by the Choir of Westminster Abbey	Byrd Mass for five voices
Sunday, 9th July 2023	11.15am	Sung Eucharist	Quire	sung by the Choir of Westminster Abbey	Tallis O salutaris hostia
Sunday, 9th July 2023	11.15am	Sung Eucharist	Quire	sung by the Choir of Westminster Abbey	Vierne Carillon de Westminster
Sunday, 9th July 2023	3.00pm	Evensong with Valediction of Choristers	Quire	sung by the Choir of Westminster Abbey	attr Farrant Lord, for thy tender mercy’s sake 
Sunday, 9th July 2023	3.00pm	Evensong with Valediction of Choristers	Quire	sung by the Choir of Westminster Abbey	Rose Responses
Sunday, 9th July 2023	3.00pm	Evensong with Valediction of Choristers	Quire	sung by the Choir of Westminster Abbey	Stanford in C
Sunday, 9th July 2023	3.00pm	Evensong with Valediction of Choristers	Quire	sung by the Choir of Westminster Abbey	Parry Blest pair of sirens
Sunday, 9th July 2023	3.00pm	Evensong with Valediction of Choristers	Quire	sung by the Choir of Westminster Abbey	Elgar arr Holder Finale: Allegro (Enigma Variations)
Monday, 10th July 2023	5.00pm	Evensong	Quire	attended by HE The High Commissioner for The Bahamas; sung by the Choristers of Christchurch Cathedral, Victoria, British Columbia	plainsong Responses
Monday, 10th July 2023	5.00pm	Evensong	Quire	attended by HE The High Commissioner for The Bahamas; sung by the Choristers of Christchurch Cathedral, Victoria, British Columbia	Dyson in C minor
Monday, 10th July 2023	5.00pm	Evensong	Quire	attended by HE The High Commissioner for The Bahamas; sung by the Choristers of Christchurch Cathedral, Victoria, British Columbia	Mendelssohn I will sing of thy great mercies
Tuesday, 11th July 2023	5.00pm	Evensong	Quire	sung by the Choir of Christ Church Cathedral, Victoria, British Columbia	Leighton Responses
Tuesday, 11th July 2023	5.00pm	Evensong	Quire	sung by the Choir of Christ Church Cathedral, Victoria, British Columbia	Howells Collegium Regale
Tuesday, 11th July 2023	5.00pm	Evensong	Quire	sung by the Choir of Christ Church Cathedral, Victoria, British Columbia	Stanford Beati quorum via integra est
Thursday, 13th July 2023	5.00pm	Evensong	Quire	sung by the Choir of St Stephen’s Episcopal Church, Oak Ridge, Tennessee	Smith Responses
Thursday, 13th July 2023	5.00pm	Evensong	Quire	sung by the Choir of St Stephen’s Episcopal Church, Oak Ridge, Tennessee	Stopford Belfast Evening Canticles
Thursday, 13th July 2023	5.00pm	Evensong	Quire	sung by the Choir of St Stephen’s Episcopal Church, Oak Ridge, Tennessee	Hogan Hear my prayer
Friday, 14th July 2023	5.00pm	Evensong	Quire	sung by the Hertford Chamber Singers	Ayleward Responses
Friday, 14th July 2023	5.00pm	Evensong	Quire	sung by the Hertford Chamber Singers	after Beach Evening Canticles
Friday, 14th July 2023	5.00pm	Evensong	Quire	sung by the Hertford Chamber Singers	Cooper O lux beata Trinitas
Saturday, 15th July 2023	5.00pm	Evensong	Quire	sung by the Choir of St Paul's Church, Rusthall	Sanders Responses
Saturday, 15th July 2023	5.00pm	Evensong	Quire	sung by the Choir of St Paul's Church, Rusthall	Dyson in D
Saturday, 15th July 2023	5.00pm	Evensong	Quire	sung by the Choir of St Paul's Church, Rusthall	Howells Like as the hart desireth the water-brooks
Saturday, 15th July 2023	5.00pm	Evensong	Quire	sung by the Choir of St Paul's Church, Rusthall	Harris Flourish for an Occasion
Sunday, 16th July 2023	11.15am	Sung Eucharist	Quire	sung by the Happenstance Singers	Byrd Mass for five voices
Sunday, 16th July 2023	11.15am	Sung Eucharist	Quire	sung by the Happenstance Singers	Byrd Ave verum corpus
Sunday, 16th July 2023	11.15am	Sung Eucharist	Quire	sung by the Happenstance Singers	Bach Prelude and Fugue in G BWV 541
Sunday, 16th July 2023	3.00pm	Evensong	Quire	sung by the Happenstance Singers	Smith Responses
Sunday, 16th July 2023	3.00pm	Evensong	Quire	sung by the Happenstance Singers	Howells Gloucester Service
Sunday, 16th July 2023	3.00pm	Evensong	Quire	sung by the Happenstance Singers	Harris Bring us, O Lord God
Sunday, 16th July 2023	3.00pm	Evensong	Quire	sung by the Happenstance Singers	Howells Psalm Prelude Set 1 no 1
Monday, 17th July 2023	5.00pm	Evensong	Quire	marking World Humanitarian Day; sung by the Chamber Choir of Jersey College for Girls	Darke Responses
Monday, 17th July 2023	5.00pm	Evensong	Quire	marking World Humanitarian Day; sung by the Chamber Choir of Jersey College for Girls	Macpherson in A
Monday, 17th July 2023	5.00pm	Evensong	Quire	marking World Humanitarian Day; sung by the Chamber Choir of Jersey College for Girls	Rutter A Clare Benediction
Tuesday, 18th July 2023	5.00pm	Evensong	Quire	sung by the Chamber Choir of Jersey College for Girls	Darke Responses
Tuesday, 18th July 2023	5.00pm	Evensong	Quire	sung by the Chamber Choir of Jersey College for Girls	Marshall in C
Tuesday, 18th July 2023	5.00pm	Evensong	Quire	sung by the Chamber Choir of Jersey College for Girls	Kodály Esti Dal
Thursday, 20th July 2023	5.00pm	Sung Eucharist	St Margaret's Church	sung by the St Margaret's Consort	Bruckner Locus iste a Deo factus est
Thursday, 20th July 2023	5.00pm	Sung Eucharist	St Margaret's Church	sung by the St Margaret's Consort	Victoria Missa O quam gloriosum
Thursday, 20th July 2023	5.00pm	Sung Eucharist	St Margaret's Church	sung by the St Margaret's Consort	Ludford Agnus Dei (Missa Lapidaverunt Stephanum)
Thursday, 20th July 2023	5.00pm	Sung Eucharist	St Margaret's Church	sung by the St Margaret's Consort	Treseder Expectans expectavi (first performance)
Thursday, 20th July 2023	5.00pm	Sung Eucharist	St Margaret's Church	sung by the St Margaret's Consort	Tournemire tr Duruflé Choral-Improvisation sur le Te Deum
Friday, 21st July 2023	5.00pm	Evensong	Quire	sung by the Lacock Scholars	Rose Responses
Friday, 21st July 2023	5.00pm	Evensong	Quire	sung by the Lacock Scholars	White Magnificat
Friday, 21st July 2023	5.00pm	Evensong	Quire	sung by the Lacock Scholars	Victoria Nunc dimittis tertii toni
Friday, 21st July 2023	5.00pm	Evensong	Quire	sung by the Lacock Scholars	Mundy Adolescentulus sum ego
Friday, 21st July 2023	6.30pm	Sung Eucharist of Our Lady of Pew	Quire	sung by the Lacock Scholars	Palestrina Missa O sacrum convivium
Friday, 21st July 2023	6.30pm	Sung Eucharist of Our Lady of Pew	Quire	sung by the Lacock Scholars	Philips Regina caeli laetare a 5
Friday, 21st July 2023	6.30pm	Sung Eucharist of Our Lady of Pew	Quire	sung by the Lacock Scholars	Palestrina O sacrum convivium
Friday, 21st July 2023	6.30pm	Sung Eucharist of Our Lady of Pew	Quire	sung by the Lacock Scholars	Guerrero Ave Maria a 8
Saturday, 22nd July 2023	5.00pm	Evensong	Quire	sung by the Choir of Christ Church, Raleigh, North Carolina	Rose Responses
Saturday, 22nd July 2023	5.00pm	Evensong	Quire	sung by the Choir of Christ Church, Raleigh, North Carolina	Jernigan Christ Church Canticles
Saturday, 22nd July 2023	5.00pm	Evensong	Quire	sung by the Choir of Christ Church, Raleigh, North Carolina	Bairstow Lord, thou hast been our refuge
Saturday, 22nd July 2023	5.00pm	Evensong	Quire	sung by the Choir of Christ Church, Raleigh, North Carolina	Mendelssohn Prelude and Fugue in D minor
Sunday, 23rd July 2023	11.15am	Sung Eucharist	Quire	sung by the Choir of Christ Church, Raleigh, North Carolina	Briggs Truro Eucharist
Sunday, 23rd July 2023	11.15am	Sung Eucharist	Quire	sung by the Choir of Christ Church, Raleigh, North Carolina	Whitlock Be still, my soul
Sunday, 23rd July 2023	11.15am	Sung Eucharist	Quire	sung by the Choir of Christ Church, Raleigh, North Carolina	Whitlock Fanfare
Sunday, 23rd July 2023	3.00pm	Evensong	Quire	sung by the Choir of Christ Church, Raleigh, North Carolina	Rose Responses
Sunday, 23rd July 2023	3.00pm	Evensong	Quire	sung by the Choir of Christ Church, Raleigh, North Carolina	Howells St Paul's Service
Sunday, 23rd July 2023	3.00pm	Evensong	Quire	sung by the Choir of Christ Church, Raleigh, North Carolina	Stanford Eternal Father
Sunday, 23rd July 2023	3.00pm	Evensong	Quire	sung by the Choir of Christ Church, Raleigh, North Carolina	Alain Litanies
Monday, 24th July 2023	5.00pm	Evensong	Quire	sung by the Choir of St Francis of Assisi Church, Welwyn Garden City	Reading Responses
Monday, 24th July 2023	5.00pm	Evensong	Quire	sung by the Choir of St Francis of Assisi Church, Welwyn Garden City	Noble in B minor
Monday, 24th July 2023	5.00pm	Evensong	Quire	sung by the Choir of St Francis of Assisi Church, Welwyn Garden City	Caesar Requests
Tuesday, 25th July 2023	5.00pm	Evensong	Quire	sung by the Choir of St Francis of Assisi Church, Welwyn Garden City	Reading Responses
Tuesday, 25th July 2023	5.00pm	Evensong	Quire	sung by the Choir of St Francis of Assisi Church, Welwyn Garden City	Howells Collegium Regale
Tuesday, 25th July 2023	5.00pm	Evensong	Quire	sung by the Choir of St Francis of Assisi Church, Welwyn Garden City	Stanford Beati quorum via
Thursday, 27th July 2023	5.00pm	Evensong	Quire	sung by the Choir of St Francis of Assisi Church, Welwyn Garden City	Reading Responses
Thursday, 27th July 2023	5.00pm	Evensong	Quire	sung by the Choir of St Francis of Assisi Church, Welwyn Garden City	Stanford in C
Thursday, 27th July 2023	5.00pm	Evensong	Quire	sung by the Choir of St Francis of Assisi Church, Welwyn Garden City	Ireland Greater Love Hath No Man
Friday, 28th July 2023	5.00pm	Evensong	Quire	sung by the Choir of St Francis of Assisi Church, Welwyn Garden City	Reading Responses
Friday, 28th July 2023	5.00pm	Evensong	Quire	sung by the Choir of St Francis of Assisi Church, Welwyn Garden City	Byrd Fauxbourdon service
Friday, 28th July 2023	5.00pm	Evensong	Quire	sung by the Choir of St Francis of Assisi Church, Welwyn Garden City	Lotti Crucifixus etiam pro nobis
Saturday, 29th July 2023	5.00pm	Evensong	Quire	sung by Cantus	Clucas Responses
Saturday, 29th July 2023	5.00pm	Evensong	Quire	sung by Cantus	Gibbons Short Service
Saturday, 29th July 2023	5.00pm	Evensong	Quire	sung by Cantus	Aiblinger Super flumina Babylonis
Saturday, 29th July 2023	5.00pm	Evensong	Quire	sung by Cantus	Buxtehude Praeludium in E
Sunday, 30th July 2023	11.15am	Sung Eucharist	Quire	sung by Cantus	Stanford Festal Communion Service in B flat
Sunday, 30th July 2023	11.15am	Sung Eucharist	Quire	sung by Cantus	Bruce Ave Maria
Sunday, 30th July 2023	11.15am	Sung Eucharist	Quire	sung by Cantus	Bach Pièce d'orgue
Sunday, 30th July 2023	3.00pm	Evensong	Quire	sung by Cantus	Clucas Responses
Sunday, 30th July 2023	3.00pm	Evensong	Quire	sung by Cantus	Bairstow in D
Sunday, 30th July 2023	3.00pm	Evensong	Quire	sung by Cantus	Sumsion They that go down to the sea in ships
Sunday, 30th July 2023	3.00pm	Evensong	Quire	sung by Cantus	Whitlock Toccata
Monday, 31st July 2023	5.00pm	Evensong	Quire	sung by the Gowling WLG Chorus	Smith Responses
Monday, 31st July 2023	5.00pm	Evensong	Quire	sung by the Gowling WLG Chorus	Morley Fauxbourdon service
Monday, 31st July 2023	5.00pm	Evensong	Quire	sung by the Gowling WLG Chorus	Ley A Prayer of King Henry VI
Tuesday, 1st August 2023	5.00pm	Evensong	Quire	sung by the St Cecilia Singers, Gloucester	Clucas Responses
Tuesday, 1st August 2023	5.00pm	Evensong	Quire	sung by the St Cecilia Singers, Gloucester	Stainer in B flat
Tuesday, 1st August 2023	5.00pm	Evensong	Quire	sung by the St Cecilia Singers, Gloucester	Lukaszewski Crucem tuam adoramus Domine
Thursday, 3rd August 2023	5.00pm	Evensong	Quire	sung by University College Durham Chapel Choir	Shephard Responses
Thursday, 3rd August 2023	5.00pm	Evensong	Quire	sung by University College Durham Chapel Choir	Howells Gloucester Service
Thursday, 3rd August 2023	5.00pm	Evensong	Quire	sung by University College Durham Chapel Choir	Walton Set me as a seal upon thine heart
Friday, 4th August 2023	5.00pm	Evensong	Quire	sung by the Choir of Sherborne Abbey	Smith Responses
Friday, 4th August 2023	5.00pm	Evensong	Quire	sung by the Choir of Sherborne Abbey	Murrill in E
Friday, 4th August 2023	5.00pm	Evensong	Quire	sung by the Choir of Sherborne Abbey	Wood Hail, gladdening light
Saturday, 5th August 2023	5.00pm	Evensong	Quire	sung by the Choir of Sherborne Abbey	Clucas Responses
Saturday, 5th August 2023	5.00pm	Evensong	Quire	sung by the Choir of Sherborne Abbey	Jackson in G
Saturday, 5th August 2023	5.00pm	Evensong	Quire	sung by the Choir of Sherborne Abbey	Stanford For lo, I raise up
Saturday, 5th August 2023	5.00pm	Evensong	Quire	sung by the Choir of Sherborne Abbey	Widor Toccata (Symphonie V)
Sunday, 6th August 2023	11.15am	Sung Eucharist	Quire	sung by the Choir of Sherborne Abbey	Palestrina Missa brevis
Sunday, 6th August 2023	11.15am	Sung Eucharist	Quire	sung by the Choir of Sherborne Abbey	Byrd Ave verum corpus
Sunday, 6th August 2023	11.15am	Sung Eucharist	Quire	sung by the Choir of Sherborne Abbey	Bach Prelude in B minor BWV 544i
Sunday, 6th August 2023	3.00pm	Evensong	Quire	sung by the Choir of Sherborne Abbey	Tomkins Responses
Sunday, 6th August 2023	3.00pm	Evensong	Quire	sung by the Choir of Sherborne Abbey	Howells St Paul's Service
Sunday, 6th August 2023	3.00pm	Evensong	Quire	sung by the Choir of Sherborne Abbey	Stanford Beati quorum via integra est
Sunday, 6th August 2023	3.00pm	Evensong	Quire	sung by the Choir of Sherborne Abbey	Stanford Fantasia and Toccata in D minor
Monday, 7th August 2023	5.00pm	Evensong	Quire	sung by the Yemel Choir; attended by the Acting High Commissioner for Jamaica	Smith Responses
Monday, 7th August 2023	5.00pm	Evensong	Quire	sung by the Yemel Choir; attended by the Acting High Commissioner for Jamaica	Vaughan Williams in C
Monday, 7th August 2023	5.00pm	Evensong	Quire	sung by the Yemel Choir; attended by the Acting High Commissioner for Jamaica	Shaw With a voice of singing
Tuesday, 8th August 2023	5.00pm	Evensong	Quire	sung by the Yemel Choir; attended by HE The High Commissioner for Singapore	Smith Responses
Tuesday, 8th August 2023	5.00pm	Evensong	Quire	sung by the Yemel Choir; attended by HE The High Commissioner for Singapore	Stanford in C
Tuesday, 8th August 2023	5.00pm	Evensong	Quire	sung by the Yemel Choir; attended by HE The High Commissioner for Singapore	Titcomb Behold now, praise the Lord
Thursday, 10th August 2023	5.00pm	Evensong	Quire	sung by the Yemel Choir	Smith Responses
Thursday, 10th August 2023	5.00pm	Evensong	Quire	sung by the Yemel Choir	Ireland in F
Thursday, 10th August 2023	5.00pm	Evensong	Quire	sung by the Yemel Choir	Ireland Greater Love Hath No Man
Friday, 11th August 2023	5.00pm	Evensong	Quire	sung by the Choir of the Cathedral of St John the Divine, New York	Locklair Responses
Friday, 11th August 2023	5.00pm	Evensong	Quire	sung by the Choir of the Cathedral of St John the Divine, New York	Ficarri in D
Friday, 11th August 2023	5.00pm	Evensong	Quire	sung by the Choir of the Cathedral of St John the Divine, New York	Wesley Thou wilt keep him in perfect peace
Saturday, 12th August 2023	5.00pm	Evensong	Quire	sung by the Choir of the Cathedral of St John the Divine, New York	Barnard Responses
Saturday, 12th August 2023	5.00pm	Evensong	Quire	sung by the Choir of the Cathedral of St John the Divine, New York	Stanford in B flat
Saturday, 12th August 2023	5.00pm	Evensong	Quire	sung by the Choir of the Cathedral of St John the Divine, New York	Copland Zion's Walls
Sunday, 13th August 2023	11.15am	Sung Eucharist	Quire	sung by the Choir of the Cathedral of St John the Divine, New York	Mozart Coronation Mass
Sunday, 13th August 2023	11.15am	Sung Eucharist	Quire	sung by the Choir of the Cathedral of St John the Divine, New York	Mendelssohn How lovely are the messengers
Sunday, 13th August 2023	11.15am	Sung Eucharist	Quire	sung by the Choir of the Cathedral of St John the Divine, New York	Bach Prelude and Fugue in G BWV 541
Sunday, 13th August 2023	3.00pm	Evensong	Quire	sung by the Choir of the Cathedral of St John the Divine, New York	Locklair Responses
Sunday, 13th August 2023	3.00pm	Evensong	Quire	sung by the Choir of the Cathedral of St John the Divine, New York	Howells Collegium Regale
Sunday, 13th August 2023	3.00pm	Evensong	Quire	sung by the Choir of the Cathedral of St John the Divine, New York	Gardiner Evening Hymn
Sunday, 13th August 2023	3.00pm	Evensong	Quire	sung by the Choir of the Cathedral of St John the Divine, New York	Stanford Postlude in D minor
Monday, 14th August 2023	5.00pm	First Evensong of the Blessed Virgin Mary	Quire	sung by the Choir of the Cathedral of St John the Divine, New York	Harris Responses
Monday, 14th August 2023	5.00pm	First Evensong of the Blessed Virgin Mary	Quire	sung by the Choir of the Cathedral of St John the Divine, New York	Sturk Evening Service
Monday, 14th August 2023	5.00pm	First Evensong of the Blessed Virgin Mary	Quire	sung by the Choir of the Cathedral of St John the Divine, New York	Victoria Vere languores nostros ipse tulit
Tuesday, 15th August 2023	5.00pm	Sung Eucharist	Quire	sung by the Choir of the Cathedral of St John the Divine, New York	Hassler Missa Dixit Maria
Tuesday, 15th August 2023	5.00pm	Sung Eucharist	Quire	sung by the Choir of the Cathedral of St John the Divine, New York	Hassler Dixit Maria ad angelum
Tuesday, 15th August 2023	5.00pm	Sung Eucharist	Quire	sung by the Choir of the Cathedral of St John the Divine, New York	Bach Fuga sopra il Magnificat BWV 733
Thursday, 17th August 2023	5.00pm	Evensong	Quire	marking World Humanitarian Day; sung by the Choir of St Dunstan's, Mayfield	Radcliffe Responses
Thursday, 17th August 2023	5.00pm	Evensong	Quire	marking World Humanitarian Day; sung by the Choir of St Dunstan's, Mayfield	Stanford in C
Thursday, 17th August 2023	5.00pm	Evensong	Quire	marking World Humanitarian Day; sung by the Choir of St Dunstan's, Mayfield	Wood O thou the central orb
Friday, 18th August 2023	5.00pm	Evensong	Quire	sung by the Choir of St Dunstan's, Mayfield	Radcliffe Responses
Friday, 18th August 2023	5.00pm	Evensong	Quire	sung by the Choir of St Dunstan's, Mayfield	Stanford in G
Friday, 18th August 2023	5.00pm	Evensong	Quire	sung by the Choir of St Dunstan's, Mayfield	Parry My soul, there is a country
Saturday, 19th August 2023	5.00pm	Evensong	Quire	sung by Exultate	Rose Responses
Saturday, 19th August 2023	5.00pm	Evensong	Quire	sung by Exultate	Howells Collegium Regale
Saturday, 19th August 2023	5.00pm	Evensong	Quire	sung by Exultate	Bainton And I saw a new heaven
Saturday, 19th August 2023	5.00pm	Evensong	Quire	sung by Exultate	Howells Master Tallis's Testament
Sunday, 20th August 2023	11.15am	Sung Eucharist	Quire	sung by Exultate	Vierne Messe solennelle
Sunday, 20th August 2023	11.15am	Sung Eucharist	Quire	sung by Exultate	Fauré Cantique de Jean Racine
Sunday, 20th August 2023	11.15am	Sung Eucharist	Quire	sung by Exultate	Widor Allegro vivace (Symphonie V in F)
Sunday, 20th August 2023	3.00pm	Evensong	Quire	sung by Exultate	Rose Responses
Sunday, 20th August 2023	3.00pm	Evensong	Quire	sung by Exultate	Dyson in D
Sunday, 20th August 2023	3.00pm	Evensong	Quire	sung by Exultate	Bairstow Blessed city, heavenly Salem
Sunday, 20th August 2023	3.00pm	Evensong	Quire	sung by Exultate	Whitlock Paean
Monday, 21st August 2023	5.00pm	Evensong	Quire	sung by Cantandum	Byrd Responses
Monday, 21st August 2023	5.00pm	Evensong	Quire	sung by Cantandum	Byrd Second Service
Monday, 21st August 2023	5.00pm	Evensong	Quire	sung by Cantandum	Byrd Teach me, O Lord, the way of thy statutes
Tuesday, 22nd August 2023	5.00pm	Evensong	Quire	sung by the Choir of St Mary's, Merton	Responses Smith
Tuesday, 22nd August 2023	5.00pm	Evensong	Quire	sung by the Choir of St Mary's, Merton	Noble in B minor
Tuesday, 22nd August 2023	5.00pm	Evensong	Quire	sung by the Choir of St Mary's, Merton	Mendelssohn Verleih uns Frieden gnädiglich
Thursday, 24th August 2023	5.00pm	Evensong	Quire	sung by the Caedmon Singers	Rose Responses
Thursday, 24th August 2023	5.00pm	Evensong	Quire	sung by the Caedmon Singers	Stanford in B flat
Thursday, 24th August 2023	5.00pm	Evensong	Quire	sung by the Caedmon Singers	Bairstow Save us, O Lord
Friday, 25th August 2023	5.00pm	Evensong	Quire	sung by the Mayfield Consort	Walsh Responses
Friday, 25th August 2023	5.00pm	Evensong	Quire	sung by the Mayfield Consort	Wesley in E
Friday, 25th August 2023	5.00pm	Evensong	Quire	sung by the Mayfield Consort	Wesley Thou wilt keep him in perfect peace
Saturday, 26th August 2023	5.00pm	Evensong	Quire	sung by Cantus Juvenum Karslruhe	Smith Responses
Saturday, 26th August 2023	5.00pm	Evensong	Quire	sung by Cantus Juvenum Karslruhe	Wood in E flat I
Saturday, 26th August 2023	5.00pm	Evensong	Quire	sung by Cantus Juvenum Karslruhe	Mendelssohn Jauchzet dem Herren, alle Welt
Saturday, 26th August 2023	5.00pm	Evensong	Quire	sung by Cantus Juvenum Karslruhe	Ireland Intrada (Miniature Suite)
Sunday, 27th August 2023	11.15am	Sung Eucharist	Quire	sung by the University of Exeter Chapel Choir	Langlais Messe solennelle
Sunday, 27th August 2023	11.15am	Sung Eucharist	Quire	sung by the University of Exeter Chapel Choir	Messiaen O sacrum convivium
Sunday, 27th August 2023	11.15am	Sung Eucharist	Quire	sung by the University of Exeter Chapel Choir	Vierne Carillon de Longpont
Sunday, 27th August 2023	3.00pm	Evensong	Quire	sung by the University of Exeter Chapel Choir	Leighton Responses
Sunday, 27th August 2023	3.00pm	Evensong	Quire	sung by the University of Exeter Chapel Choir	Howells St Paul's Service
Sunday, 27th August 2023	3.00pm	Evensong	Quire	sung by the University of Exeter Chapel Choir	Ireland Greater Love Hath No Man
Sunday, 27th August 2023	3.00pm	Evensong	Quire	sung by the University of Exeter Chapel Choir	Weitz Stella Maris
Monday, 28th August 2023	5.00pm	Evensong	Quire	sung by the Ramsey Singers	Spicer Responses
Monday, 28th August 2023	5.00pm	Evensong	Quire	sung by the Ramsey Singers	Orr Short Service
Monday, 28th August 2023	5.00pm	Evensong	Quire	sung by the Ramsey Singers	MacMillan A New Song
Tuesday, 29th August 2023	5.00pm	Evensong	Quire	sung by Chiara	Darke Responses
Tuesday, 29th August 2023	5.00pm	Evensong	Quire	sung by Chiara	Ives Aurora Service
Tuesday, 29th August 2023	5.00pm	Evensong	Quire	sung by Chiara	Pärt Peace Upon You, Jerusalem
Thursday, 31st August 2023	5.00pm	Evensong	Quire	sung by the Choir of St Wulfram's, Grantham	Leighton Responses
Thursday, 31st August 2023	5.00pm	Evensong	Quire	sung by the Choir of St Wulfram's, Grantham	Stanford in A
Thursday, 31st August 2023	5.00pm	Evensong	Quire	sung by the Choir of St Wulfram's, Grantham	Gardiner Evening Hymn
Friday, 1st September 2023	5.00pm	Evensong	Quire	sung by the Lay Vicars; attended by HE The High Commissioner for Trinidad and Tobago	Tallis If ye love me 
Friday, 1st September 2023	5.00pm	Evensong	Quire	sung by the Lay Vicars; attended by HE The High Commissioner for Trinidad and Tobago	Tallis Responses
Friday, 1st September 2023	5.00pm	Evensong	Quire	sung by the Lay Vicars; attended by HE The High Commissioner for Trinidad and Tobago	Victoria Magnificat sexti toni
Friday, 1st September 2023	5.00pm	Evensong	Quire	sung by the Lay Vicars; attended by HE The High Commissioner for Trinidad and Tobago	Reid Nunc dimittis tertii toni
Friday, 1st September 2023	5.00pm	Evensong	Quire	sung by the Lay Vicars; attended by HE The High Commissioner for Trinidad and Tobago	Blitheman In pace in idipsum
Saturday, 2nd September 2023	3.00pm	Evensong	Quire	sung by the Lay Vicars	Tallis If ye love me
Saturday, 2nd September 2023	3.00pm	Evensong	Quire	sung by the Lay Vicars	Tallis Responses
Saturday, 2nd September 2023	3.00pm	Evensong	Quire	sung by the Lay Vicars	Moore in A
Saturday, 2nd September 2023	3.00pm	Evensong	Quire	sung by the Lay Vicars	Martin Justorum animae in manu Dei sunt
Saturday, 2nd September 2023	3.00pm	Evensong	Quire	sung by the Lay Vicars	Mendelssohn Allegro maestoso e vivace (Sonata IV)
Sunday, 3rd September 2023	10.00am	Matins	Quire	sung by the Lay Vicars	Tallis If ye love me
Sunday, 3rd September 2023	10.00am	Matins	Quire	sung by the Lay Vicars	Tallis Responses
Sunday, 3rd September 2023	10.00am	Matins	Quire	sung by the Lay Vicars	Tallis Te Deum 'for meanes'
Sunday, 3rd September 2023	10.00am	Matins	Quire	sung by the Lay Vicars	Tallis Benedictus (Short Service)
Sunday, 3rd September 2023	10.00am	Matins	Quire	sung by the Lay Vicars	Byrd Fantasia in C
Sunday, 3rd September 2023	11.15am	Sung Eucharist	Quire	sung by the Lay Vicars	Tallis Mass for four voices
Sunday, 3rd September 2023	11.15am	Sung Eucharist	Quire	sung by the Lay Vicars	Tallis Verily, verily, I say unto you
Sunday, 3rd September 2023	11.15am	Sung Eucharist	Quire	sung by the Lay Vicars	Böhm Praeludium in C
Sunday, 3rd September 2023	3.00pm	Evensong	Quire	sung by the Lay Vicars	Tallis If ye love me
Sunday, 3rd September 2023	3.00pm	Evensong	Quire	sung by the Lay Vicars	Tallis Responses
Sunday, 3rd September 2023	3.00pm	Evensong	Quire	sung by the Lay Vicars	Guerrero Magnificat quarti toni
Sunday, 3rd September 2023	3.00pm	Evensong	Quire	sung by the Lay Vicars	Ortiz Nunc dimittis tertii toni
Sunday, 3rd September 2023	3.00pm	Evensong	Quire	sung by the Lay Vicars	Tallis Laudate Dominum omnes gentes
Sunday, 3rd September 2023	3.00pm	Evensong	Quire	sung by the Lay Vicars	Buxtehude Praeludium in D
Monday, 4th September 2023	5.00pm	Evensong	Quire	sung by the Lay Vicars	Tallis If ye love me 
Monday, 4th September 2023	5.00pm	Evensong	Quire	sung by the Lay Vicars	plainsong Responses
Monday, 4th September 2023	5.00pm	Evensong	Quire	sung by the Lay Vicars	Marson Verse Service
Monday, 4th September 2023	5.00pm	Evensong	Quire	sung by the Lay Vicars	Tomkins Turn unto the Lord our God
Tuesday, 5th September 2023	5.00pm	Evensong	Quire	sung by the Lay Vicars; attended by a representative of the High Commissioner for Eswatini	Tallis If ye love me 
Tuesday, 5th September 2023	5.00pm	Evensong	Quire	sung by the Lay Vicars; attended by a representative of the High Commissioner for Eswatini	plainsong Responses
Tuesday, 5th September 2023	5.00pm	Evensong	Quire	sung by the Lay Vicars; attended by a representative of the High Commissioner for Eswatini	Mundy in four parts
Tuesday, 5th September 2023	5.00pm	Evensong	Quire	sung by the Lay Vicars; attended by a representative of the High Commissioner for Eswatini	Mundy O Lord, the maker of all thing
Thursday, 7th September 2023	5.00pm	Evensong	Quire	sung by the Choir of Westminster Abbey	Lloyd View me, Lord, a work of thine
Thursday, 7th September 2023	5.00pm	Evensong	Quire	sung by the Choir of Westminster Abbey	Ayleward Responses
Thursday, 7th September 2023	5.00pm	Evensong	Quire	sung by the Choir of Westminster Abbey	Victoria Magnificat primi toni
Thursday, 7th September 2023	5.00pm	Evensong	Quire	sung by the Choir of Westminster Abbey	Victoria Nunc dimittis tertii toni
Thursday, 7th September 2023	5.00pm	Evensong	Quire	sung by the Choir of Westminster Abbey	Victoria Ave Maria
Friday, 8th September 2023	5.00pm	Evensong	Quire	sung by the Choir of Westminster Abbey	The National Anthem
Friday, 8th September 2023	5.00pm	Evensong	Quire	sung by the Choir of Westminster Abbey	Gibbons, Barnard, and McKie Accession Responses
Friday, 8th September 2023	5.00pm	Evensong	Quire	sung by the Choir of Westminster Abbey	Byrd Third Service
Friday, 8th September 2023	5.00pm	Evensong	Quire	sung by the Choir of Westminster Abbey	Weelkes O Lord, grant the King a long life
Saturday, 9th September 2023	3.00pm	Evensong	Quire	sung by the Choir of Westminster Abbey	Lloyd View me, Lord, a work of thine
Saturday, 9th September 2023	3.00pm	Evensong	Quire	sung by the Choir of Westminster Abbey	Ayleward Responses
Saturday, 9th September 2023	3.00pm	Evensong	Quire	sung by the Choir of Westminster Abbey	Dyson in F
Saturday, 9th September 2023	3.00pm	Evensong	Quire	sung by the Choir of Westminster Abbey	Elgar Give unto the Lord
Saturday, 9th September 2023	3.00pm	Evensong	Quire	sung by the Choir of Westminster Abbey	Bowen Fantasia in G minor
Sunday, 10th September 2023	10.00am	Matins	St Margaret's Church	sung by the Choir of Westminster Abbey	Lloyd View me, Lord, a work of thine
Sunday, 10th September 2023	10.00am	Matins	St Margaret's Church	sung by the Choir of Westminster Abbey	Ayleward Responses
Sunday, 10th September 2023	10.00am	Matins	St Margaret's Church	sung by the Choir of Westminster Abbey	Stanford Te Deum in B flat
Sunday, 10th September 2023	10.00am	Matins	St Margaret's Church	sung by the Choir of Westminster Abbey	Stanford Prelude in G
Sunday, 10th September 2023	11.15am	Sung Eucharist	Quire	sung by the Choir of Westminster Abbey	Palestrina Missa brevis
Sunday, 10th September 2023	11.15am	Sung Eucharist	Quire	sung by the Choir of Westminster Abbey	Tallis O sacrum convivium
Sunday, 10th September 2023	11.15am	Sung Eucharist	Quire	sung by the Choir of Westminster Abbey	Bach Prelude in E flat BWV 552i
Sunday, 10th September 2023	3.00pm	Evensong with Admission of Choristers	Quire	sung by the Choir of Westminster Abbey	Lloyd View me, Lord, a work of thine
Sunday, 10th September 2023	3.00pm	Evensong with Admission of Choristers	Quire	sung by the Choir of Westminster Abbey	Ayleward Responses
Sunday, 10th September 2023	3.00pm	Evensong with Admission of Choristers	Quire	sung by the Choir of Westminster Abbey	Noble in B minor
Sunday, 10th September 2023	3.00pm	Evensong with Admission of Choristers	Quire	sung by the Choir of Westminster Abbey	Vaughan Williams O clap your hands
Sunday, 10th September 2023	3.00pm	Evensong with Admission of Choristers	Quire	sung by the Choir of Westminster Abbey	Elgar Allegro maestoso (Sonata in G)
Monday, 11th September 2023	5.00pm	Evensong	Quire	sung by the Choristers	plainsong Lucis Creator optime
Monday, 11th September 2023	5.00pm	Evensong	Quire	sung by the Choristers	plainsong Responses
Monday, 11th September 2023	5.00pm	Evensong	Quire	sung by the Choristers	Moore Second Service
Monday, 11th September 2023	5.00pm	Evensong	Quire	sung by the Choristers	Haydn Benedictus (Missa brevis Sancti Joannis de Deo)
Tuesday, 12th September 2023	5.00pm	Evensong with Installation of Adrian Harris as Head of Communications and Digital	Quire	sung by the Choir of Westminster Abbey	Bairstow Jesu, the very thought of thee
Tuesday, 12th September 2023	5.00pm	Evensong with Installation of Adrian Harris as Head of Communications and Digital	Quire	sung by the Choir of Westminster Abbey	Byrd Responses
Tuesday, 12th September 2023	5.00pm	Evensong with Installation of Adrian Harris as Head of Communications and Digital	Quire	sung by the Choir of Westminster Abbey	Tomkins Fifth Service
Tuesday, 12th September 2023	5.00pm	Evensong with Installation of Adrian Harris as Head of Communications and Digital	Quire	sung by the Choir of Westminster Abbey	Sheppard The Lord's Prayer
Thursday, 14th September 2023	5.00pm	Evensong	Quire	sung by the Choir of Westminster Abbey	Bairstow Jesu, the very thought of thee
Thursday, 14th September 2023	5.00pm	Evensong	Quire	sung by the Choir of Westminster Abbey	Byrd Responses
Thursday, 14th September 2023	5.00pm	Evensong	Quire	sung by the Choir of Westminster Abbey	Gibbons Short Service
Thursday, 14th September 2023	5.00pm	Evensong	Quire	sung by the Choir of Westminster Abbey	Tallis Salvator mundi salva nos
Friday, 15th September 2023	5.00pm	Evensong	Quire	sung by the Choir of Westminster Abbey; attended by Ambassadors of the Central South American States	Bairstow Jesu, the very thought of thee
Friday, 15th September 2023	5.00pm	Evensong	Quire	sung by the Choir of Westminster Abbey; attended by Ambassadors of the Central South American States	Byrd Responses
Friday, 15th September 2023	5.00pm	Evensong	Quire	sung by the Choir of Westminster Abbey; attended by Ambassadors of the Central South American States	Tavener Collegium Regale
Friday, 15th September 2023	5.00pm	Evensong	Quire	sung by the Choir of Westminster Abbey; attended by Ambassadors of the Central South American States	Coxhead My eyes for beauty pine
Saturday, 16th September 2023	5.00pm	Evensong	Quire	sung by the Choir of Westminster Abbey	Bairstow Jesu, the very thought of thee
Saturday, 16th September 2023	5.00pm	Evensong	Quire	sung by the Choir of Westminster Abbey	Byrd Responses
Saturday, 16th September 2023	5.00pm	Evensong	Quire	sung by the Choir of Westminster Abbey	Byrd Great Service
Saturday, 16th September 2023	5.00pm	Evensong	Quire	sung by the Choir of Westminster Abbey	Purcell Rejoice in the Lord alway
Saturday, 16th September 2023	5.00pm	Evensong	Quire	sung by the Choir of Westminster Abbey	Purcell Voluntary for double organ Z719
Sunday, 17th September 2023	3.00pm	Evensong	Quire	sung by the Choir of Westminster Abbey	Bairstow Jesu, the very thought of thee
Sunday, 17th September 2023	3.00pm	Evensong	Quire	sung by the Choir of Westminster Abbey	Byrd Responses
Sunday, 17th September 2023	3.00pm	Evensong	Quire	sung by the Choir of Westminster Abbey	Purcell in G minor
Sunday, 17th September 2023	3.00pm	Evensong	Quire	sung by the Choir of Westminster Abbey	Purcell O Lord God of hosts
Sunday, 17th September 2023	3.00pm	Evensong	Quire	sung by the Choir of Westminster Abbey	Byrd Fantasia in A
Monday, 18th September 2023	5.00pm	Evensong	Quire	sung by the Lay Vicars; attended by the Acting High Commissioner for Papua New Guinea	Muhly Oculi omnium in te sperant Domine
Monday, 18th September 2023	5.00pm	Evensong	Quire	sung by the Lay Vicars; attended by the Acting High Commissioner for Papua New Guinea	Moore Responses
Monday, 18th September 2023	5.00pm	Evensong	Quire	sung by the Lay Vicars; attended by the Acting High Commissioner for Papua New Guinea	Moore First Service
Monday, 18th September 2023	5.00pm	Evensong	Quire	sung by the Lay Vicars; attended by the Acting High Commissioner for Papua New Guinea	Ives In pace in idipsum dormiam et requiescam
Tuesday, 19th September 2023	5.00pm	Evensong	Quire	sung by the Choir of Westminster Abbey	Panufnik O hearken thou
Tuesday, 19th September 2023	5.00pm	Evensong	Quire	sung by the Choir of Westminster Abbey	Radcliffe Responses
Tuesday, 19th September 2023	5.00pm	Evensong	Quire	sung by the Choir of Westminster Abbey	Purcell in E minor
Tuesday, 19th September 2023	5.00pm	Evensong	Quire	sung by the Choir of Westminster Abbey	Blow God is our hope and strength
Thursday, 21st September 2023	5.00pm	Evensong	Quire	sung by the Choir of Westminster Abbey; attended by HE The High Commissioner for Belize	Panufnik O hearken thou
Thursday, 21st September 2023	5.00pm	Evensong	Quire	sung by the Choir of Westminster Abbey; attended by HE The High Commissioner for Belize	Radcliffe Responses
Thursday, 21st September 2023	5.00pm	Evensong	Quire	sung by the Choir of Westminster Abbey; attended by HE The High Commissioner for Belize	Byrd Second Service
Thursday, 21st September 2023	5.00pm	Evensong	Quire	sung by the Choir of Westminster Abbey; attended by HE The High Commissioner for Belize	Tallis Loquebantur variis linguis
Friday, 22nd September 2023	5.00pm	Evensong	Quire	sung by the Choir of Westminster Abbey; attended by HE The High Commissioner for Malta	Panufnik O hearken thou
Friday, 22nd September 2023	5.00pm	Evensong	Quire	sung by the Choir of Westminster Abbey; attended by HE The High Commissioner for Malta	Radcliffe Responses
Friday, 22nd September 2023	5.00pm	Evensong	Quire	sung by the Choir of Westminster Abbey; attended by HE The High Commissioner for Malta	Farrant in A minor
Friday, 22nd September 2023	5.00pm	Evensong	Quire	sung by the Choir of Westminster Abbey; attended by HE The High Commissioner for Malta	Byrd Beati mundo corde
Saturday, 23rd September 2023	3.00pm	Evensong	Quire	sung by the Choir of Westminster Abbey	Panufnik O hearken thou
Saturday, 23rd September 2023	3.00pm	Evensong	Quire	sung by the Choir of Westminster Abbey	Radcliffe Responses
Saturday, 23rd September 2023	3.00pm	Evensong	Quire	sung by the Choir of Westminster Abbey	Tippett St John's Service
Saturday, 23rd September 2023	3.00pm	Evensong	Quire	sung by the Choir of Westminster Abbey	I Holst A Hymne to Christ
Saturday, 23rd September 2023	3.00pm	Evensong	Quire	sung by the Choir of Westminster Abbey	G Holst arr Sykes Venus, the Bringer of Peace
Sunday, 24th September 2023	10.00am	Matins	St Margaret's Church	sung by the Choir of Westminster Abbey	Panufnik O hearken thou
Sunday, 24th September 2023	10.00am	Matins	St Margaret's Church	sung by the Choir of Westminster Abbey	Radcliffe Responses
Sunday, 24th September 2023	10.00am	Matins	St Margaret's Church	sung by the Choir of Westminster Abbey	Stanford Jubilate Deo in B flat
Sunday, 24th September 2023	10.00am	Matins	St Margaret's Church	sung by the Choir of Westminster Abbey	Mendelssohn Allegro con brio (Sonata in B flat)
Sunday, 24th September 2023	11.15am	Sung Eucharist	Quire	sung by the Choir of Westminster Abbey	Dvorák Mass in D
Sunday, 24th September 2023	11.15am	Sung Eucharist	Quire	sung by the Choir of Westminster Abbey	Byrd Beati mundo corde
Sunday, 24th September 2023	11.15am	Sung Eucharist	Quire	sung by the Choir of Westminster Abbey	Dvorák arr Lemare Finale: Allegro con fuoco (Symphony IX)
Sunday, 24th September 2023	3.00pm	Evensong	Quire	sung by the Choir of Westminster Abbey	Panufnik O hearken thou
Sunday, 24th September 2023	3.00pm	Evensong	Quire	sung by the Choir of Westminster Abbey	Radcliffe Responses
Sunday, 24th September 2023	3.00pm	Evensong	Quire	sung by the Choir of Westminster Abbey	Stanford in G
Sunday, 24th September 2023	3.00pm	Evensong	Quire	sung by the Choir of Westminster Abbey	Stanford Beati quorum via integra est
Sunday, 24th September 2023	3.00pm	Evensong	Quire	sung by the Choir of Westminster Abbey	Bridge Adagio in E
Monday, 25th September 2023	5.00pm	Evensong	Quire	sung by the Choristers	plainsong Te lucis ante terminum
Monday, 25th September 2023	5.00pm	Evensong	Quire	sung by the Choristers	plainsong Responses
Monday, 25th September 2023	5.00pm	Evensong	Quire	sung by the Choristers	Frances-Hoad Magnificat (Merton Service for upper voices)
Monday, 25th September 2023	5.00pm	Evensong	Quire	sung by the Choristers	plainsong Nunc dimittis tone i
Monday, 25th September 2023	5.00pm	Evensong	Quire	sung by the Choristers	Purcell An Evening Hymn
Tuesday, 26th September 2023	5.00pm	Evensong	Quire	sung by the Choir of Westminster Abbey	Tye O come, ye servants of the Lord
Tuesday, 26th September 2023	5.00pm	Evensong	Quire	sung by the Choir of Westminster Abbey	Tomkins Responses
Tuesday, 26th September 2023	5.00pm	Evensong	Quire	sung by the Choir of Westminster Abbey	Ireland in F
Tuesday, 26th September 2023	5.00pm	Evensong	Quire	sung by the Choir of Westminster Abbey	Purcell O God, thou art my God
Thursday, 28th September 2023	5.00pm	First Evensong of St Michael and All Angels	Quire	sung by the Choir of Westminster Abbey	Tye O come, ye servants of the Lord
Thursday, 28th September 2023	5.00pm	First Evensong of St Michael and All Angels	Quire	sung by the Choir of Westminster Abbey	Tomkins Responses
Thursday, 28th September 2023	5.00pm	First Evensong of St Michael and All Angels	Quire	sung by the Choir of Westminster Abbey	Weelkes Service 'for trebles'
Thursday, 28th September 2023	5.00pm	First Evensong of St Michael and All Angels	Quire	sung by the Choir of Westminster Abbey	Mendelssohn For he shall give his angels charge over thee
Friday, 29th September 2023	5.00pm	Sung Eucharist	Quire	sung by the Choir of Westminster Abbey	Byrd Mass for five voices
Friday, 29th September 2023	5.00pm	Sung Eucharist	Quire	sung by the Choir of Westminster Abbey	Clemens non Papa Factum est silentium in caelo
Friday, 29th September 2023	5.00pm	Sung Eucharist	Quire	sung by the Choir of Westminster Abbey	Dupré Placare Christe servulis
Saturday, 30th September 2023	3.00pm	Evensong	Quire	sung by the Lay Vicars	plainsong O lux beata Trinitas
Saturday, 30th September 2023	3.00pm	Evensong	Quire	sung by the Lay Vicars	plainsong Responses
Saturday, 30th September 2023	3.00pm	Evensong	Quire	sung by the Lay Vicars	Sumsion in G
Saturday, 30th September 2023	3.00pm	Evensong	Quire	sung by the Lay Vicars	Moore Hear my prayer, O heavenly Father
Saturday, 30th September 2023	3.00pm	Evensong	Quire	sung by the Lay Vicars	Tournemire Tryptique (L'Orgue Mystique)
Sunday, 1st October 2023	10.00am	Matins	Quire	sung by the Westminster Abbey Special Service Choir	Pitoni Cantate Domino canticum novum
Sunday, 1st October 2023	10.00am	Matins	Quire	sung by the Westminster Abbey Special Service Choir	Ayleward Responses
Sunday, 1st October 2023	10.00am	Matins	Quire	sung by the Westminster Abbey Special Service Choir	Haydn Te Deum in C
Sunday, 1st October 2023	10.00am	Matins	Quire	sung by the Westminster Abbey Special Service Choir	Mozart Church Sonata in C
Sunday, 1st October 2023	11.15am	Sung Eucharist	Quire	sung by the Westminster Abbey Special Service Choir	Poulenc Mass in G
Sunday, 1st October 2023	11.15am	Sung Eucharist	Quire	sung by the Westminster Abbey Special Service Choir	Messiaen O sacrum convivium
Sunday, 1st October 2023	11.15am	Sung Eucharist	Quire	sung by the Westminster Abbey Special Service Choir	Janácek Postludium (Glagolitic Mass)
Sunday, 1st October 2023	3.00pm	Evensong	Quire	sung by the Westminster Abbey Special Service Choir	Pitoni Cantate Domino canticum novum
Sunday, 1st October 2023	3.00pm	Evensong	Quire	sung by the Westminster Abbey Special Service Choir	Ayleward Responses
Sunday, 1st October 2023	3.00pm	Evensong	Quire	sung by the Westminster Abbey Special Service Choir	Rachmaninoff Magnificat and Nunc dimittis
Sunday, 1st October 2023	3.00pm	Evensong	Quire	sung by the Westminster Abbey Special Service Choir	Rachmaninoff Bogoroditse Devo
Sunday, 1st October 2023	3.00pm	Evensong	Quire	sung by the Westminster Abbey Special Service Choir	Stravinsky Berceuse and Finale (The Firebird)
Sunday, 1st October 2023	6.00pm	Sung Eucharist	St Margaret's Church	with inauguration of St Margaret's girl choristers	Haydn Missa brevis Sancti Joannis de Deo
Sunday, 1st October 2023	6.00pm	Sung Eucharist	St Margaret's Church	with inauguration of St Margaret's girl choristers	Vaughan Williams O how amiable are thy dwellings
Sunday, 1st October 2023	6.00pm	Sung Eucharist	St Margaret's Church	with inauguration of St Margaret's girl choristers	Mulet Carillon-Sortie
Monday, 2nd October 2023	5.00pm	Evensong	Quire	sung by the Lay Vicars	Muhly Oculi omnium
Monday, 2nd October 2023	5.00pm	Evensong	Quire	sung by the Lay Vicars	plainsong Responses
Monday, 2nd October 2023	5.00pm	Evensong	Quire	sung by the Lay Vicars	Guerrero Magnificat secundi toni
Monday, 2nd October 2023	5.00pm	Evensong	Quire	sung by the Lay Vicars	plainsong Nunc dimittis tertii toni
Monday, 2nd October 2023	5.00pm	Evensong	Quire	sung by the Lay Vicars	Martin Notre Père
Tuesday, 3rd October 2023	5.00pm	Evensong	Quire	sung by the Choir of Westminster Abbey	Radcliffe God be in my head
Tuesday, 3rd October 2023	5.00pm	Evensong	Quire	sung by the Choir of Westminster Abbey	Clucas Responses
Tuesday, 3rd October 2023	5.00pm	Evensong	Quire	sung by the Choir of Westminster Abbey	Wood in E flat II
Tuesday, 3rd October 2023	5.00pm	Evensong	Quire	sung by the Choir of Westminster Abbey	Howells Like as the hart desireth the water-brooks
Thursday, 5th October 2023	5.00pm	Evensong	Quire	sung by the Choir of Westminster Abbey	Radcliffe God be in my head
Thursday, 5th October 2023	5.00pm	Evensong	Quire	sung by the Choir of Westminster Abbey	Clucas Responses
Thursday, 5th October 2023	5.00pm	Evensong	Quire	sung by the Choir of Westminster Abbey	Weelkes Sixth Service
Thursday, 5th October 2023	5.00pm	Evensong	Quire	sung by the Choir of Westminster Abbey	Philips Jubilate Deo
Friday, 6th October 2023	5.00pm	Evensong	Quire	sung by the Choir of Westminster Abbey; attended by HE The High Commissioner for Lesotho	Radcliffe God be in my head
Friday, 6th October 2023	5.00pm	Evensong	Quire	sung by the Choir of Westminster Abbey; attended by HE The High Commissioner for Lesotho	Clucas Responses
Friday, 6th October 2023	5.00pm	Evensong	Quire	sung by the Choir of Westminster Abbey; attended by HE The High Commissioner for Lesotho	Hooper Short Service
Friday, 6th October 2023	5.00pm	Evensong	Quire	sung by the Choir of Westminster Abbey; attended by HE The High Commissioner for Lesotho	Byrd Prevent us, O Lord
Saturday, 7th October 2023	3.00pm	Evensong	Quire	part of the Chorister Experience Day; sung by the Choir of Westminster Abbey	Vaughan Williams The Call
Saturday, 7th October 2023	3.00pm	Evensong	Quire	part of the Chorister Experience Day; sung by the Choir of Westminster Abbey	Clucas Responses
Saturday, 7th October 2023	3.00pm	Evensong	Quire	part of the Chorister Experience Day; sung by the Choir of Westminster Abbey	Howells St Paul's Service
Saturday, 7th October 2023	3.00pm	Evensong	Quire	part of the Chorister Experience Day; sung by the Choir of Westminster Abbey	Parry My soul, there is a country
Saturday, 7th October 2023	3.00pm	Evensong	Quire	part of the Chorister Experience Day; sung by the Choir of Westminster Abbey	Stanford Allegro molto e ritmico (Sonata Britannica)
Sunday, 8th October 2023	10.00am	Matins	St Margaret's Church	sung by the Choir of Westminster Abbey	Radcliffe God be in my head
Sunday, 8th October 2023	10.00am	Matins	St Margaret's Church	sung by the Choir of Westminster Abbey	Clucas Responses
Sunday, 8th October 2023	10.00am	Matins	St Margaret's Church	sung by the Choir of Westminster Abbey	Ireland Te Deum in F
Sunday, 8th October 2023	10.00am	Matins	St Margaret's Church	sung by the Choir of Westminster Abbey	Ireland Intrada (Miniature Suite)
Sunday, 8th October 2023	11.15am	Sung Eucharist	Quire	sung by the Choir of Westminster Abbey; attended by The King's Scholars of Westminster School	Mozart Missa brevis in C K220 'Spatzenmesse'
Sunday, 8th October 2023	11.15am	Sung Eucharist	Quire	sung by the Choir of Westminster Abbey; attended by The King's Scholars of Westminster School	Mozart Ave verum corpus
Sunday, 8th October 2023	11.15am	Sung Eucharist	Quire	sung by the Choir of Westminster Abbey; attended by The King's Scholars of Westminster School	Alain Litanies
Sunday, 8th October 2023	3.00pm	Evensong	Quire	sung by the Choir of Westminster Abbey	Radcliffe God be in my head
Sunday, 8th October 2023	3.00pm	Evensong	Quire	sung by the Choir of Westminster Abbey	Clucas Responses
Sunday, 8th October 2023	3.00pm	Evensong	Quire	sung by the Choir of Westminster Abbey	Marenzio Magnificat octavi toni
Sunday, 8th October 2023	3.00pm	Evensong	Quire	sung by the Choir of Westminster Abbey	plainsong Nunc dimittis septimi toni
Sunday, 8th October 2023	3.00pm	Evensong	Quire	sung by the Choir of Westminster Abbey	Byrd Sing joyfully unto God our strength
Sunday, 8th October 2023	3.00pm	Evensong	Quire	sung by the Choir of Westminster Abbey	Bach Allegro moderato (Sonata in G minor Wq 70/6)
Monday, 9th October 2023	5.00pm	Evensong	Quire	sung by the Choristers	plainsong Lucis Creator optime
Monday, 9th October 2023	5.00pm	Evensong	Quire	sung by the Choristers	plainsong Responses
Monday, 9th October 2023	5.00pm	Evensong	Quire	sung by the Choristers	Watson in F
Monday, 9th October 2023	5.00pm	Evensong	Quire	sung by the Choristers	Fauré Ave verum corpus
Tuesday, 10th October 2023	5.00pm	Evensong	Quire	sung by the Choir of Westminster Abbey	attr Farrant Lord, for thy tender mercy's sake
Tuesday, 10th October 2023	5.00pm	Evensong	Quire	sung by the Choir of Westminster Abbey	Rose Responses
Tuesday, 10th October 2023	5.00pm	Evensong	Quire	sung by the Choir of Westminster Abbey	Batten Fourth Service
Tuesday, 10th October 2023	5.00pm	Evensong	Quire	sung by the Choir of Westminster Abbey	Byrd Teach me, O Lord, the way of thy statutes
Thursday, 12th October 2023	5.00pm	First Evensong of the Translation of St Edward the Confessor	Quire	sung by the Choirs of Westminster Abbey and Westminster Cathedral	Buxtehude Passacaglia in D minor
Thursday, 12th October 2023	5.00pm	First Evensong of the Translation of St Edward the Confessor	Quire	sung by the Choirs of Westminster Abbey and Westminster Cathedral	plainsong Iste confessor Domini
Thursday, 12th October 2023	5.00pm	First Evensong of the Translation of St Edward the Confessor	Quire	sung by the Choirs of Westminster Abbey and Westminster Cathedral	Rose Responses
Thursday, 12th October 2023	5.00pm	First Evensong of the Translation of St Edward the Confessor	Quire	sung by the Choirs of Westminster Abbey and Westminster Cathedral	Marenzio Magnificat octavi toni
Thursday, 12th October 2023	5.00pm	First Evensong of the Translation of St Edward the Confessor	Quire	sung by the Choirs of Westminster Abbey and Westminster Cathedral	Holst Nunc dimittis
Thursday, 12th October 2023	5.00pm	First Evensong of the Translation of St Edward the Confessor	Quire	sung by the Choirs of Westminster Abbey and Westminster Cathedral	Harris Faire is the heaven
Thursday, 12th October 2023	5.00pm	First Evensong of the Translation of St Edward the Confessor	Quire	sung by the Choirs of Westminster Abbey and Westminster Cathedral	Preston Toccata
Friday, 13th October 2023	5.00pm	Sung Eucharist	Quire	sung by the Choir of Westminster Abbey	Tye Missa Euge bone
Friday, 13th October 2023	5.00pm	Sung Eucharist	Quire	sung by the Choir of Westminster Abbey	Bruckner Locus iste a Deo factus est
Friday, 13th October 2023	5.00pm	Sung Eucharist	Quire	sung by the Choir of Westminster Abbey	Bach Fugue in E flat BWV 552ii
Saturday, 14th October 2023	11.30am	Festival Eucharist	Quire	sung by the Westminster Abbey Special Service Choir	Padilla Missa Ego flos campi
Saturday, 14th October 2023	11.30am	Festival Eucharist	Quire	sung by the Westminster Abbey Special Service Choir	Monteverdi Nisi Dominus aedificaverit domum
Saturday, 14th October 2023	11.30am	Festival Eucharist	Quire	sung by the Westminster Abbey Special Service Choir	Bach Prelude and Fugue in G BWV 541
Saturday, 14th October 2023	3.00pm	First Evensong of the Dedication of Westminster Abbey	Quire	sung by the Choir of Westminster Abbey	Bruckner Locus iste a Deo factus est
Saturday, 14th October 2023	3.00pm	First Evensong of the Dedication of Westminster Abbey	Quire	sung by the Choir of Westminster Abbey	Rose Responses
Saturday, 14th October 2023	3.00pm	First Evensong of the Dedication of Westminster Abbey	Quire	sung by the Choir of Westminster Abbey	Stanford in B flat
Saturday, 14th October 2023	3.00pm	First Evensong of the Dedication of Westminster Abbey	Quire	sung by the Choir of Westminster Abbey	Moore Lo! God is here
Saturday, 14th October 2023	3.00pm	First Evensong of the Dedication of Westminster Abbey	Quire	sung by the Choir of Westminster Abbey	Messiaen Apparition de l'église éternelle
Sunday, 15th October 2023	10.30am	Sung Eucharist	Quire	sung by the Choir of Westminster Abbey	Langlais Messe solennelle
Sunday, 15th October 2023	10.30am	Sung Eucharist	Quire	sung by the Choir of Westminster Abbey	Parry I was glad
Sunday, 15th October 2023	10.30am	Sung Eucharist	Quire	sung by the Choir of Westminster Abbey	Vaughan Williams O taste and see how gracious the Lord is
Sunday, 15th October 2023	10.30am	Sung Eucharist	Quire	sung by the Choir of Westminster Abbey	Demessieux Te Deum
Sunday, 15th October 2023	3.00pm	Evensong	Quire	attended by The Lord Mayor of Westminster and the Mayors of the London Boroughs; sung by the Choir of Westminster Abbey	Bruckner Locus iste a Deo factus est
Sunday, 15th October 2023	3.00pm	Evensong	Quire	attended by The Lord Mayor of Westminster and the Mayors of the London Boroughs; sung by the Choir of Westminster Abbey	Rose Responses
Sunday, 15th October 2023	3.00pm	Evensong	Quire	attended by The Lord Mayor of Westminster and the Mayors of the London Boroughs; sung by the Choir of Westminster Abbey	Blair in B minor
Sunday, 15th October 2023	3.00pm	Evensong	Quire	attended by The Lord Mayor of Westminster and the Mayors of the London Boroughs; sung by the Choir of Westminster Abbey	Vaughan Williams Antiphon
Sunday, 15th October 2023	3.00pm	Evensong	Quire	attended by The Lord Mayor of Westminster and the Mayors of the London Boroughs; sung by the Choir of Westminster Abbey	Vierne Final (Symphonie III)
Monday, 16th October 2023	5.00pm	Evensong	Quire	sung by the Lay Vicars; attended by HE The High Commissioner for Fiji	plainsong Lucis Creator optime
Monday, 16th October 2023	5.00pm	Evensong	Quire	sung by the Lay Vicars; attended by HE The High Commissioner for Fiji	Byrd and Quinney Responses
Monday, 16th October 2023	5.00pm	Evensong	Quire	sung by the Lay Vicars; attended by HE The High Commissioner for Fiji	Ward First Service
Monday, 16th October 2023	5.00pm	Evensong	Quire	sung by the Lay Vicars; attended by HE The High Commissioner for Fiji	Tomkins Great and marvellous are thy works
Tuesday, 17th October 2023	5.00pm	Evensong	Quire	sung by the Lay Vicars; attended by HE The High Commissioner for Uganda	plainsong Lucis Creator optime
Tuesday, 17th October 2023	5.00pm	Evensong	Quire	sung by the Lay Vicars; attended by HE The High Commissioner for Uganda	Byrd and Quinney Responses
Tuesday, 17th October 2023	5.00pm	Evensong	Quire	sung by the Lay Vicars; attended by HE The High Commissioner for Uganda	Dunstaple Magnificat secundi toni
Tuesday, 17th October 2023	5.00pm	Evensong	Quire	sung by the Lay Vicars; attended by HE The High Commissioner for Uganda	plainsong Nunc dimittis septimi toni
Tuesday, 17th October 2023	5.00pm	Evensong	Quire	sung by the Lay Vicars; attended by HE The High Commissioner for Uganda	Tallis Mihi autem nimis honorati sunt amici tui
Thursday, 19th October 2023	5.00pm	Evensong	Quire	sung by the Lay Vicars	plainsong Lucis Creator optime
Thursday, 19th October 2023	5.00pm	Evensong	Quire	sung by the Lay Vicars	Byrd and Quinney Responses
Thursday, 19th October 2023	5.00pm	Evensong	Quire	sung by the Lay Vicars	Ortiz Magnificat primi toni
Thursday, 19th October 2023	5.00pm	Evensong	Quire	sung by the Lay Vicars	Morago Nunc dimittis
Thursday, 19th October 2023	5.00pm	Evensong	Quire	sung by the Lay Vicars	Guerrero Caro mea vere est cibus
Friday, 20th October 2023	5.00pm	Evensong	Quire	sung by the Lay Vicars	plainsong Lucis Creator optime
Friday, 20th October 2023	5.00pm	Evensong	Quire	sung by the Lay Vicars	Byrd and Quinney Responses
Friday, 20th October 2023	5.00pm	Evensong	Quire	sung by the Lay Vicars	Monte Magnificat septimi toni
Friday, 20th October 2023	5.00pm	Evensong	Quire	sung by the Lay Vicars	Vento Nunc dimittis quarti toni
Friday, 20th October 2023	5.00pm	Evensong	Quire	sung by the Lay Vicars	Monte O suavitas et dulcedo humani generis
Saturday, 21st October 2023	5.00pm	Evensong	Quire	sung by the Lay Vicars	Tallis Hear the voice and prayer of thy servants
Saturday, 21st October 2023	5.00pm	Evensong	Quire	sung by the Lay Vicars	Byrd and Quinney Responses
Saturday, 21st October 2023	5.00pm	Evensong	Quire	sung by the Lay Vicars	Ives Westminster Service
Saturday, 21st October 2023	5.00pm	Evensong	Quire	sung by the Lay Vicars	Fauré Cantique de Jean Racine
Saturday, 21st October 2023	5.00pm	Evensong	Quire	sung by the Lay Vicars	Vierne Carillon de Westminster
Sunday, 22nd October 2023	10.00am	Matins	St Margaret's Church	sung by the Lay Vicars	Tallis Hear the voice and prayer of thy servants
Sunday, 22nd October 2023	10.00am	Matins	St Margaret's Church	sung by the Lay Vicars	Byrd and Quinney Responses
Sunday, 22nd October 2023	10.00am	Matins	St Margaret's Church	sung by the Lay Vicars	Parsons Te Deum laudamus
Sunday, 22nd October 2023	10.00am	Matins	St Margaret's Church	sung by the Lay Vicars	Tomkins Voluntary in D
Sunday, 22nd October 2023	11.15am	Sung Eucharist	Quire	sung by the Lay Vicars	Langlais Missa in simplicitate
Sunday, 22nd October 2023	11.15am	Sung Eucharist	Quire	sung by the Lay Vicars	Poulenc Seigneur, je vous en prie
Sunday, 22nd October 2023	11.15am	Sung Eucharist	Quire	sung by the Lay Vicars	Vierne Final (Symphonie III)
Sunday, 22nd October 2023	3.00pm	Evensong	Quire	sung by the Lay Vicars	Tallis Hear the voice and prayer of thy servants
Sunday, 22nd October 2023	3.00pm	Evensong	Quire	sung by the Lay Vicars	Byrd and Quinney Responses
Sunday, 22nd October 2023	3.00pm	Evensong	Quire	sung by the Lay Vicars	Wood in E
Sunday, 22nd October 2023	3.00pm	Evensong	Quire	sung by the Lay Vicars	Tallis A new commandment give I unto you
Sunday, 22nd October 2023	3.00pm	Evensong	Quire	sung by the Lay Vicars	Bach Dies sind die heilgen zehn Gebot
Monday, 23rd October 2023	5.00pm	Evensong	Quire	sung by the Lay Vicars	Tallis Hear the voice and prayer of thy servants
Monday, 23rd October 2023	5.00pm	Evensong	Quire	sung by the Lay Vicars	plainsong Responses
Monday, 23rd October 2023	5.00pm	Evensong	Quire	sung by the Lay Vicars	Mundy Magnificat secundi toni
Monday, 23rd October 2023	5.00pm	Evensong	Quire	sung by the Lay Vicars	Quinney Nunc dimittis tertii toni
Monday, 23rd October 2023	5.00pm	Evensong	Quire	sung by the Lay Vicars	Taverner Quemadmodum desiderat cervus ad fontes aquarum
Tuesday, 24th October 2023	5.00pm	Evensong	Quire	sung by the Lay Vicars; attended by HE The High Commissioner for Zambia	Tallis Hear the voice and prayer of thy servants
Tuesday, 24th October 2023	5.00pm	Evensong	Quire	sung by the Lay Vicars; attended by HE The High Commissioner for Zambia	plainsong Responses
Tuesday, 24th October 2023	5.00pm	Evensong	Quire	sung by the Lay Vicars; attended by HE The High Commissioner for Zambia	Ives Magdalen College Service
Tuesday, 24th October 2023	5.00pm	Evensong	Quire	sung by the Lay Vicars; attended by HE The High Commissioner for Zambia	Kennedy O nata lux de lumine
Thursday, 26th October 2023	5.00pm	Evensong	Quire	sung by the Choir of Westminster Abbey	attr Farrant Lord, for thy tender mercy's sake
Thursday, 26th October 2023	5.00pm	Evensong	Quire	sung by the Choir of Westminster Abbey	Smith Responses
Thursday, 26th October 2023	5.00pm	Evensong	Quire	sung by the Choir of Westminster Abbey	Wise in E flat
Thursday, 26th October 2023	5.00pm	Evensong	Quire	sung by the Choir of Westminster Abbey	Purcell Thy word is a lantern unto my feet
Friday, 27th October 2023	5.00pm	Evensong	Quire	sung by the Choir of Westminster Abbey; attended by HE The High Commissioner for St Vincent and the Grenadines	attr Farrant Lord, for thy tender mercy's sake
Friday, 27th October 2023	5.00pm	Evensong	Quire	sung by the Choir of Westminster Abbey; attended by HE The High Commissioner for St Vincent and the Grenadines	Smith Responses
Friday, 27th October 2023	5.00pm	Evensong	Quire	sung by the Choir of Westminster Abbey; attended by HE The High Commissioner for St Vincent and the Grenadines	Tomkins First Service
Friday, 27th October 2023	5.00pm	Evensong	Quire	sung by the Choir of Westminster Abbey; attended by HE The High Commissioner for St Vincent and the Grenadines	Kedrov Otche Nash
Saturday, 28th October 2023	5.00pm	Evensong	Quire	sung by the Choir of Westminster Abbey	attr Farrant Lord, for thy tender mercy's sake
Saturday, 28th October 2023	5.00pm	Evensong	Quire	sung by the Choir of Westminster Abbey	Smith Responses
Saturday, 28th October 2023	5.00pm	Evensong	Quire	sung by the Choir of Westminster Abbey	Noble in B minor
Saturday, 28th October 2023	5.00pm	Evensong	Quire	sung by the Choir of Westminster Abbey	Bullock Give us the wings of faith to rise
Saturday, 28th October 2023	5.00pm	Evensong	Quire	sung by the Choir of Westminster Abbey	Whitlock Hymn-Prelude on 'Deo gracias'
Sunday, 29th October 2023	10.00am	Matins	Quire	sung by the Choir of Westminster Abbey	attr Farrant Lord, for thy tender mercy's sake
Sunday, 29th October 2023	10.00am	Matins	Quire	sung by the Choir of Westminster Abbey	Smith Responses
Sunday, 29th October 2023	10.00am	Matins	Quire	sung by the Choir of Westminster Abbey	Britten Te Deum and Jubilate in C
Sunday, 29th October 2023	10.00am	Matins	Quire	sung by the Choir of Westminster Abbey	Bach Prelude and Fugue in A BWV 536
Sunday, 29th October 2023	11.15am	Sung Eucharist	Quire	sung by the Choir of Westminster Abbey	Byrd Mass for four voices
Sunday, 29th October 2023	11.15am	Sung Eucharist	Quire	sung by the Choir of Westminster Abbey	Kedrov Otche Nash
Sunday, 29th October 2023	11.15am	Sung Eucharist	Quire	sung by the Choir of Westminster Abbey	Vivaldi tr Bach arr Bovet Allegro (Concerto in B minor)
Sunday, 29th October 2023	3.00pm	Evensong	Quire	sung by the Choir of Westminster Abbey	attr Farrant Lord, for thy tender mercy's sake
Sunday, 29th October 2023	3.00pm	Evensong	Quire	sung by the Choir of Westminster Abbey	Smith Responses
Sunday, 29th October 2023	3.00pm	Evensong	Quire	sung by the Choir of Westminster Abbey	Tomkins Fifth Service
Sunday, 29th October 2023	3.00pm	Evensong	Quire	sung by the Choir of Westminster Abbey	Clemens non Papa Ego flos campi
Sunday, 29th October 2023	3.00pm	Evensong	Quire	sung by the Choir of Westminster Abbey	Muffat Toccata settima
Monday, 30th October 2023	5.00pm	Evensong	Quire	sung by the Choristers	plainsong Te lucis ante terminum
Monday, 30th October 2023	5.00pm	Evensong	Quire	sung by the Choristers	plainsong Responses
Monday, 30th October 2023	5.00pm	Evensong	Quire	sung by the Choristers	plainsong Magnificat on the first tone
Monday, 30th October 2023	5.00pm	Evensong	Quire	sung by the Choristers	Burgon Nunc dimittis
Monday, 30th October 2023	5.00pm	Evensong	Quire	sung by the Choristers	Haydn Benedictus (Missa brevis Sancti Joannis de Deo)
Tuesday, 31st October 2023	5.00pm	First Evensong of All Saints' Day	Quire	sung by the Choir of Westminster Abbey; attended by HE The High Commissioner for Antigua and Barbuda	Victoria O quam gloriosum est regnum
Tuesday, 31st October 2023	5.00pm	First Evensong of All Saints' Day	Quire	sung by the Choir of Westminster Abbey; attended by HE The High Commissioner for Antigua and Barbuda	Morley Responses
Tuesday, 31st October 2023	5.00pm	First Evensong of All Saints' Day	Quire	sung by the Choir of Westminster Abbey; attended by HE The High Commissioner for Antigua and Barbuda	Hooper Short Service
Tuesday, 31st October 2023	5.00pm	First Evensong of All Saints' Day	Quire	sung by the Choir of Westminster Abbey; attended by HE The High Commissioner for Antigua and Barbuda	Harris Holy is the true light
Wednesday, 1st November 2023	5.00pm	Sung Eucharist	Quire	sung by the Choir of Westminster Abbey	Victoria Missa O quam gloriosum
Wednesday, 1st November 2023	5.00pm	Sung Eucharist	Quire	sung by the Choir of Westminster Abbey	Byrd Justorum animae in manu Dei sunt
Wednesday, 1st November 2023	5.00pm	Sung Eucharist	Quire	sung by the Choir of Westminster Abbey	Mulet Carillon-Sortie
Thursday, 2nd November 2023	5.00pm	Sung Eucharist	Quire	sung by the Choir of Westminster Abbey	Duruflé Requiem
Saturday, 4th November 2023	5.00pm	Evensong	Quire	sung by the Choir of Westminster Abbey	attr Mudd Let thy merciful ears, O Lord
Saturday, 4th November 2023	5.00pm	Evensong	Quire	sung by the Choir of Westminster Abbey	Morley Responses
Saturday, 4th November 2023	5.00pm	Evensong	Quire	sung by the Choir of Westminster Abbey	Wallen Westminster Service
Saturday, 4th November 2023	5.00pm	Evensong	Quire	sung by the Choir of Westminster Abbey	Wesley Thou wilt keep him in perfect peace
Saturday, 4th November 2023	5.00pm	Evensong	Quire	sung by the Choir of Westminster Abbey	Widor Andante sostenuto (Symphonie Gothique)
Sunday, 5th November 2023	10.00am	Matins	Quire	sung by the Choir of Westminster Abbey	Mudd Let thy merciful ears, O Lord
Sunday, 5th November 2023	10.00am	Matins	Quire	sung by the Choir of Westminster Abbey	Morley Responses
Sunday, 5th November 2023	10.00am	Matins	Quire	sung by the Choir of Westminster Abbey	Vaughan Williams Te Deum in G
Sunday, 5th November 2023	10.00am	Matins	Quire	sung by the Choir of Westminster Abbey	Bach Prelude in D
Sunday, 5th November 2023	11.15am	Sung Eucharist	Quire	sung by the Choir of Westminster Abbey	Haydn Missa brevis Sancti Joannis de Deo
Sunday, 5th November 2023	11.15am	Sung Eucharist	Quire	sung by the Choir of Westminster Abbey	Byrd Justorum animae in manu Dei sunt
Sunday, 5th November 2023	11.15am	Sung Eucharist	Quire	sung by the Choir of Westminster Abbey	Bach Fugue in D
Sunday, 5th November 2023	3.00pm	Evensong	Quire	sung by the Choir of Westminster Abbey	Mudd Let thy merciful ears, O Lord
Sunday, 5th November 2023	3.00pm	Evensong	Quire	sung by the Choir of Westminster Abbey	Morley Responses
Sunday, 5th November 2023	3.00pm	Evensong	Quire	sung by the Choir of Westminster Abbey	Tomkins First Service
Sunday, 5th November 2023	3.00pm	Evensong	Quire	sung by the Choir of Westminster Abbey	Byrd Praise our Lord, all ye gentiles
Sunday, 5th November 2023	3.00pm	Evensong	Quire	sung by the Choir of Westminster Abbey	Buxtehude Praeludium in D minor
Sunday, 5th November 2023	6.00pm	Sung Eucharist	St Margaret's Church	sung by the St Margaret's Choristers and Consort	Darke in F
Sunday, 5th November 2023	6.00pm	Sung Eucharist	St Margaret's Church	sung by the St Margaret's Choristers and Consort	Parry My soul, there is a country
Sunday, 5th November 2023	6.00pm	Sung Eucharist	St Margaret's Church	sung by the St Margaret's Choristers and Consort	Bach after Vivaldi Allegro (Concerto in A minor)
Monday, 6th November 2023	5.00pm	Evensong	Quire	sung by the Lay Vicars; attended by a representative of the High Commissioner for Dominica	plainsong O lux beata Trinitas
Monday, 6th November 2023	5.00pm	Evensong	Quire	sung by the Lay Vicars; attended by a representative of the High Commissioner for Dominica	plainsong Responses
Monday, 6th November 2023	5.00pm	Evensong	Quire	sung by the Lay Vicars; attended by a representative of the High Commissioner for Dominica	Clucas Westminster Service
Monday, 6th November 2023	5.00pm	Evensong	Quire	sung by the Lay Vicars; attended by a representative of the High Commissioner for Dominica	White The Lord bless us and keep us
Tuesday, 7th November 2023	5.00pm	Evensong	Quire	sung by the Choir of Westminster Abbey	Tallis O nata lux de lumine
Tuesday, 7th November 2023	5.00pm	Evensong	Quire	sung by the Choir of Westminster Abbey	Martin Responses
Tuesday, 7th November 2023	5.00pm	Evensong	Quire	sung by the Choir of Westminster Abbey	Farrant in A minor
Tuesday, 7th November 2023	5.00pm	Evensong	Quire	sung by the Choir of Westminster Abbey	Schütz Selig sind die Toten
Thursday, 9th November 2023	5.00pm	Evensong	Quire	sung by the Choir of Westminster Abbey	Tallis O nata lux de lumine
Thursday, 9th November 2023	5.00pm	Evensong	Quire	sung by the Choir of Westminster Abbey	Martin Responses
Thursday, 9th November 2023	5.00pm	Evensong	Quire	sung by the Choir of Westminster Abbey	Weelkes Short Service
Thursday, 9th November 2023	5.00pm	Evensong	Quire	sung by the Choir of Westminster Abbey	Tabakova Alma Redemptoris Mater
Friday, 10th November 2023	5.00pm	Evensong	Quire	sung by the Choir of Westminster Abbey	Tallis O nata lux de lumine
Friday, 10th November 2023	5.00pm	Evensong	Quire	sung by the Choir of Westminster Abbey	Martin Responses
Friday, 10th November 2023	5.00pm	Evensong	Quire	sung by the Choir of Westminster Abbey	Palestrina Magnificat primi toni
Friday, 10th November 2023	5.00pm	Evensong	Quire	sung by the Choir of Westminster Abbey	Victoria Nunc dimittis tertii toni
Friday, 10th November 2023	5.00pm	Evensong	Quire	sung by the Choir of Westminster Abbey	Palestrina Peccantem me quotidie
Saturday, 11th November 2023	5.00pm	Evensong	Quire	sung by the Choir of Westminster Abbey	Tallis O nata lux de lumine
Saturday, 11th November 2023	5.00pm	Evensong	Quire	sung by the Choir of Westminster Abbey	Martin Responses
Saturday, 11th November 2023	5.00pm	Evensong	Quire	sung by the Choir of Westminster Abbey	Howells Gloucester Service
Saturday, 11th November 2023	5.00pm	Evensong	Quire	sung by the Choir of Westminster Abbey	Stanford Justorum animae in manu Dei sunt
Saturday, 11th November 2023	5.00pm	Evensong	Quire	sung by the Choir of Westminster Abbey	Howells Psalm Prelude 'Lo, the poor crieth'
Sunday, 12th November 2023	3.00pm	Evensong	Quire	sung by the Choir of Westminster Abbey	Tallis O nata lux de lumine
Sunday, 12th November 2023	3.00pm	Evensong	Quire	sung by the Choir of Westminster Abbey	Martin Responses
Sunday, 12th November 2023	3.00pm	Evensong	Quire	sung by the Choir of Westminster Abbey	Dyson in F
Sunday, 12th November 2023	3.00pm	Evensong	Quire	sung by the Choir of Westminster Abbey	Howells Requiem aeternam dona eis Domine
Sunday, 12th November 2023	3.00pm	Evensong	Quire	sung by the Choir of Westminster Abbey	Dupré Cortège et Litanie
Monday, 13th November 2023	5.00pm	Evensong	Quire	sung by the Choristers	Handel How beautiful are the feet
Monday, 13th November 2023	5.00pm	Evensong	Quire	sung by the Choristers	plainsong Responses
Monday, 13th November 2023	5.00pm	Evensong	Quire	sung by the Choristers	Robinson in C
Monday, 13th November 2023	5.00pm	Evensong	Quire	sung by the Choristers	Vaughan Williams The Call
Tuesday, 14th November 2023	5.00pm	Evensong	Quire	sung by the Choir of Westminster Abbey	Loosemore O Lord, increase my faith
Tuesday, 14th November 2023	5.00pm	Evensong	Quire	sung by the Choir of Westminster Abbey	Tomkins Responses
Tuesday, 14th November 2023	5.00pm	Evensong	Quire	sung by the Choir of Westminster Abbey	Gibbons Short Service
Tuesday, 14th November 2023	5.00pm	Evensong	Quire	sung by the Choir of Westminster Abbey	Tomkins My shepherd is the living Lord
Thursday, 16th November 2023	5.00pm	Evensong	Quire	sung by the Choir of Westminster Abbey	Loosemore O Lord, increase my faith
Thursday, 16th November 2023	5.00pm	Evensong	Quire	sung by the Choir of Westminster Abbey	Tomkins Responses
Thursday, 16th November 2023	5.00pm	Evensong	Quire	sung by the Choir of Westminster Abbey	Weelkes Sixth Service
Thursday, 16th November 2023	5.00pm	Evensong	Quire	sung by the Choir of Westminster Abbey	Tallis O nata lux de lumine
Friday, 17th November 2023	5.00pm	Evensong	Quire	sung by the Choir of Westminster Abbey	Loosemore O Lord, increase my faith
Friday, 17th November 2023	5.00pm	Evensong	Quire	sung by the Choir of Westminster Abbey	Tomkins Responses
Friday, 17th November 2023	5.00pm	Evensong	Quire	sung by the Choir of Westminster Abbey	Gray in F minor
Friday, 17th November 2023	5.00pm	Evensong	Quire	sung by the Choir of Westminster Abbey	Chesnokov Let my prayer arise
Saturday, 18th November 2023	5.00pm	Evensong	Quire	sung by the Lay Vicars	Giles He that hath my commandments
Saturday, 18th November 2023	5.00pm	Evensong	Quire	sung by the Lay Vicars	Tallis Responses
Saturday, 18th November 2023	5.00pm	Evensong	Quire	sung by the Lay Vicars	Howells in E
Saturday, 18th November 2023	5.00pm	Evensong	Quire	sung by the Lay Vicars	Walker I will lift up mine eyes until the hills
Saturday, 18th November 2023	5.00pm	Evensong	Quire	sung by the Lay Vicars	Bach Nun danket alle Gott
Sunday, 19th November 2023	10.00am	Matins	St Margaret's Church	sung by the Lay Vicars	Giles He that hath my commandments
Sunday, 19th November 2023	10.00am	Matins	St Margaret's Church	sung by the Lay Vicars	Tallis Responses
Sunday, 19th November 2023	10.00am	Matins	St Margaret's Church	sung by the Lay Vicars	Clucas Te Deum (Westminster Service)
Sunday, 19th November 2023	10.00am	Matins	St Margaret's Church	sung by the Lay Vicars	Buxtehude Praeludium in F
Sunday, 19th November 2023	11.15am	Sung Eucharist	Quire	sung by the Lay Vicars	Sheppard Frences Mass
Sunday, 19th November 2023	11.15am	Sung Eucharist	Quire	sung by the Lay Vicars	Byrd O quam suavis est Dominus Spiritus tuus
Sunday, 19th November 2023	11.15am	Sung Eucharist	Quire	sung by the Lay Vicars	Buxtehude Toccata in F
Sunday, 19th November 2023	3.00pm	Evensong	Quire	sung by the Lay Vicars	Giles He that hath my commandments
Sunday, 19th November 2023	3.00pm	Evensong	Quire	sung by the Lay Vicars	Tallis Responses
Sunday, 19th November 2023	3.00pm	Evensong	Quire	sung by the Lay Vicars	Parsons First Service
Sunday, 19th November 2023	3.00pm	Evensong	Quire	sung by the Lay Vicars	Mouton Salva nos Domine vigilantes
Sunday, 19th November 2023	3.00pm	Evensong	Quire	sung by the Lay Vicars	Bruhns Praeludium in E minor
Monday, 20th November 2023	5.00pm	Evensong	Quire	sung by the Lay Vicars	Giles He that hath my commandments
Monday, 20th November 2023	5.00pm	Evensong	Quire	sung by the Lay Vicars	plainsong Responses
Monday, 20th November 2023	5.00pm	Evensong	Quire	sung by the Lay Vicars	Morley Second Service
Monday, 20th November 2023	5.00pm	Evensong	Quire	sung by the Lay Vicars	Tallis Honor virtus et potestas
Tuesday, 21st November 2023	5.00pm	Evensong	Quire	sung by the Choir of Westminster Abbey	Ledger I will lift up mine eyes unto the hills
Tuesday, 21st November 2023	5.00pm	Evensong	Quire	sung by the Choir of Westminster Abbey	Leighton Responses
Tuesday, 21st November 2023	5.00pm	Evensong	Quire	sung by the Choir of Westminster Abbey	Jackson Truro Service
Tuesday, 21st November 2023	5.00pm	Evensong	Quire	sung by the Choir of Westminster Abbey	Howells A Hymn for St Cecilia
Thursday, 23rd November 2023	5.00pm	Evensong	Quire	sung by the Choir of Westminster Abbey	Ledger I will lift up mine eyes unto the hills
Thursday, 23rd November 2023	5.00pm	Evensong	Quire	sung by the Choir of Westminster Abbey	Leighton Responses
Thursday, 23rd November 2023	5.00pm	Evensong	Quire	sung by the Choir of Westminster Abbey	Purcell in B flat
Thursday, 23rd November 2023	5.00pm	Evensong	Quire	sung by the Choir of Westminster Abbey	Grieg Ave Maris Stella
Friday, 24th November 2023	5.00pm	Evensong	Quire	marking the 90th anniversary of Holodomor; sung by the Choir of Westminster Abbey	Ledger I will lift up mine eyes unto the hills
Friday, 24th November 2023	5.00pm	Evensong	Quire	marking the 90th anniversary of Holodomor; sung by the Choir of Westminster Abbey	Leighton Responses
Friday, 24th November 2023	5.00pm	Evensong	Quire	marking the 90th anniversary of Holodomor; sung by the Choir of Westminster Abbey	Palestrina Magnificat quarti toni
Friday, 24th November 2023	5.00pm	Evensong	Quire	marking the 90th anniversary of Holodomor; sung by the Choir of Westminster Abbey	plainsong Nunc dimittis tertii toni
Friday, 24th November 2023	5.00pm	Evensong	Quire	marking the 90th anniversary of Holodomor; sung by the Choir of Westminster Abbey	Lysenko Prayer for Ukraine
Saturday, 25th November 2023	5.00pm	First Evensong of Christ the King	Quire	sung by the Choir of Westminster Abbey	Weelkes All people, clap your hands
Saturday, 25th November 2023	5.00pm	First Evensong of Christ the King	Quire	sung by the Choir of Westminster Abbey	Leighton Responses
Saturday, 25th November 2023	5.00pm	First Evensong of Christ the King	Quire	sung by the Choir of Westminster Abbey	Muhly Westminster Service
Saturday, 25th November 2023	5.00pm	First Evensong of Christ the King	Quire	sung by the Choir of Westminster Abbey	Vaughan Williams O clap your hands, all ye people
Saturday, 25th November 2023	5.00pm	First Evensong of Christ the King	Quire	sung by the Choir of Westminster Abbey	Guilmant March on a theme of Handel
Sunday, 26th November 2023	10.00am	Matins	St Margaret's Church	sung by the Choir of Westminster Abbey	Weelkes All people, clap your hands
Sunday, 26th November 2023	10.00am	Matins	St Margaret's Church	sung by the Choir of Westminster Abbey	Leighton Responses
Sunday, 26th November 2023	10.00am	Matins	St Margaret's Church	sung by the Choir of Westminster Abbey	Stanford Te Deum in C
Sunday, 26th November 2023	10.00am	Matins	St Margaret's Church	sung by the Choir of Westminster Abbey	Bach Prelude and Fugue in C
Sunday, 26th November 2023	11.15am	Sung Eucharist	Quire	sung by the Choir of Westminster Abbey	Dove Missa brevis
Sunday, 26th November 2023	11.15am	Sung Eucharist	Quire	sung by the Choir of Westminster Abbey	arr Baker Laudes Regiae
Sunday, 26th November 2023	11.15am	Sung Eucharist	Quire	sung by the Choir of Westminster Abbey	Dupré Toccata (Symphonie II)
Sunday, 26th November 2023	3.00pm	Evensong	Quire	sung by the Choir of Westminster Abbey	Weelkes All people, clap your hands
Sunday, 26th November 2023	3.00pm	Evensong	Quire	sung by the Choir of Westminster Abbey	Leighton Responses
Sunday, 26th November 2023	3.00pm	Evensong	Quire	sung by the Choir of Westminster Abbey	Byrd Second Service
Sunday, 26th November 2023	3.00pm	Evensong	Quire	sung by the Choir of Westminster Abbey	Gibbons O clap your hands together
Sunday, 26th November 2023	3.00pm	Evensong	Quire	sung by the Choir of Westminster Abbey	Bach Fugue in A minor
Monday, 27th November 2023	5.00pm	Evensong	Quire	sung by the Choristers	plainsong Lucis Creator optime
Monday, 27th November 2023	5.00pm	Evensong	Quire	sung by the Choristers	plainsong Responses
Monday, 27th November 2023	5.00pm	Evensong	Quire	sung by the Choristers	Malcolm Magnificat secundi toni
Monday, 27th November 2023	5.00pm	Evensong	Quire	sung by the Choristers	plainsong Nunc dimittis on the first tone
Monday, 27th November 2023	5.00pm	Evensong	Quire	sung by the Choristers	Boyle Thou wilt keep him in perfect peace
Tuesday, 28th November 2023	5.00pm	Evensong	Quire	sung by the Choir of Westminster Abbey	Weelkes All people, clap your hands
Tuesday, 28th November 2023	5.00pm	Evensong	Quire	sung by the Choir of Westminster Abbey	Radcliffe Responses
Tuesday, 28th November 2023	5.00pm	Evensong	Quire	sung by the Choir of Westminster Abbey	Wood in E flat II
Tuesday, 28th November 2023	5.00pm	Evensong	Quire	sung by the Choir of Westminster Abbey	Vaughan Williams Love bade me welcome
Thursday, 30th November 2023	5.00pm	Evensong	Quire	sung by the Choir of Westminster Abbey; attended by HE The High Commissioner for Barbados	Victoria O quam gloriosum est regnum
Thursday, 30th November 2023	5.00pm	Evensong	Quire	sung by the Choir of Westminster Abbey; attended by HE The High Commissioner for Barbados	Radcliffe Responses
Thursday, 30th November 2023	5.00pm	Evensong	Quire	sung by the Choir of Westminster Abbey; attended by HE The High Commissioner for Barbados	Byrd Third Service
Thursday, 30th November 2023	5.00pm	Evensong	Quire	sung by the Choir of Westminster Abbey; attended by HE The High Commissioner for Barbados	MacMillan A New Song
Friday, 1st December 2023	5.00pm	Evensong	Quire	sung by the Choir of Westminster Abbey	Weelkes All people, clap your hands
Friday, 1st December 2023	5.00pm	Evensong	Quire	sung by the Choir of Westminster Abbey	Radcliffe Responses
Friday, 1st December 2023	5.00pm	Evensong	Quire	sung by the Choir of Westminster Abbey	Victoria Magnificat primi toni
Friday, 1st December 2023	5.00pm	Evensong	Quire	sung by the Choir of Westminster Abbey	plainsong Nunc dimittis septimi toni
Friday, 1st December 2023	5.00pm	Evensong	Quire	sung by the Choir of Westminster Abbey	Palestrina Sicut cervus desiderat ad fontes aquarum
Saturday, 2nd December 2023	5.00pm	Evensong	Quire	sung by the Choir of Westminster Abbey	Weir Drop down, ye heavens, from above
Saturday, 2nd December 2023	5.00pm	Evensong	Quire	sung by the Choir of Westminster Abbey	Radcliffe Responses
Saturday, 2nd December 2023	5.00pm	Evensong	Quire	sung by the Choir of Westminster Abbey	Stanford in C
Saturday, 2nd December 2023	5.00pm	Evensong	Quire	sung by the Choir of Westminster Abbey	McDowall O Oriens
Saturday, 2nd December 2023	5.00pm	Evensong	Quire	sung by the Choir of Westminster Abbey	Dupré Prelude and Fugue in F minor
Sunday, 3rd December 2023	11.15am	Sung Eucharist	Quire	sung by the Choir of Westminster Abbey	Vierne Messe Solennelle
Sunday, 3rd December 2023	11.15am	Sung Eucharist	Quire	sung by the Choir of Westminster Abbey	arr Robinson The Truth From Above
Sunday, 3rd December 2023	11.15am	Sung Eucharist	Quire	sung by the Choir of Westminster Abbey	Dupré Le monde dans l'attente du Sauveur
Sunday, 3rd December 2023	6.00pm	Sung Eucharist	St Margaret's Church	sung by the St Margaret's Choristers and Consort	Palestrina Missa Aeterna Christi munera
Sunday, 3rd December 2023	6.00pm	Sung Eucharist	St Margaret's Church	sung by the St Margaret's Choristers and Consort	Willis I sing of a maiden
Sunday, 3rd December 2023	6.00pm	Sung Eucharist	St Margaret's Church	sung by the St Margaret's Choristers and Consort	Mendelssohn arr Best Overture (St Paul)
Monday, 4th December 2023	5.00pm	Evensong	Quire	sung by the Lay Vicars	Dufay Conditor alme siderum
Monday, 4th December 2023	5.00pm	Evensong	Quire	sung by the Lay Vicars	plainsong Responses
Monday, 4th December 2023	5.00pm	Evensong	Quire	sung by the Lay Vicars	Batten Short Service
Monday, 4th December 2023	5.00pm	Evensong	Quire	sung by the Lay Vicars	Gallus Ecce concipies
Saturday, 9th December 2023	5.00pm	Evensong	Quire	sung by the Choir of Westminster Abbey	Ord Adam lay ybounden
Saturday, 9th December 2023	5.00pm	Evensong	Quire	sung by the Choir of Westminster Abbey	Ayleward Responses
Saturday, 9th December 2023	5.00pm	Evensong	Quire	sung by the Choir of Westminster Abbey	Walton Chichester Service
Saturday, 9th December 2023	5.00pm	Evensong	Quire	sung by the Choir of Westminster Abbey	Bruckner Virga Jesse
Saturday, 9th December 2023	5.00pm	Evensong	Quire	sung by the Choir of Westminster Abbey	Bach Fantasia in G minor
Sunday, 10th December 2023	10.00am	Matins	Quire	sung by the Choir of Westminster Abbey	Ayleward Responses
Sunday, 10th December 2023	10.00am	Matins	Quire	sung by the Choir of Westminster Abbey	Jackson Benedicite in G
Sunday, 10th December 2023	10.00am	Matins	Quire	sung by the Choir of Westminster Abbey	Jackson Toccata (Toccata, Chorale, and Fugue)
Sunday, 10th December 2023	11.15am	Sung Eucharist	Quire	sung by the Choir of Westminster Abbey	Maelor Coronation Kyrie
Sunday, 10th December 2023	11.15am	Sung Eucharist	Quire	sung by the Choir of Westminster Abbey	Panufnik Coronation Sanctus
Sunday, 10th December 2023	11.15am	Sung Eucharist	Quire	sung by the Choir of Westminster Abbey	O'Regan Coronation Agnus Dei
Sunday, 10th December 2023	11.15am	Sung Eucharist	Quire	sung by the Choir of Westminster Abbey	Ord Adam lay ybounden
Sunday, 10th December 2023	11.15am	Sung Eucharist	Quire	sung by the Choir of Westminster Abbey	Eben Moto ostinato (Musica Dominicalis)
Sunday, 10th December 2023	3.00pm	Evensong	Quire	sung by the Choir of Westminster Abbey	Ord Adam lay ybounden
Sunday, 10th December 2023	3.00pm	Evensong	Quire	sung by the Choir of Westminster Abbey	Ayleward Responses
Sunday, 10th December 2023	3.00pm	Evensong	Quire	sung by the Choir of Westminster Abbey	Sumsion in G
Sunday, 10th December 2023	3.00pm	Evensong	Quire	sung by the Choir of Westminster Abbey	Byrd Rorate caeli desuper
Sunday, 10th December 2023	3.00pm	Evensong	Quire	sung by the Choir of Westminster Abbey	Buxtehude Praeludium in G minor
Monday, 11th December 2023	5.00pm	Evensong	Quire	sung by the Choristers	plainsong Conditor alme siderum
Monday, 11th December 2023	5.00pm	Evensong	Quire	sung by the Choristers	Moore Second Service
Monday, 11th December 2023	5.00pm	Evensong	Quire	sung by the Choristers	Britten There is no rose of such vertu
Tuesday, 12th December 2023	5.00pm	Evensong	Quire	sung by the Choir of Westminster Abbey; attended by HE The High Commissioner for Kenya	Clucas Prepare ye the way of the Lord
Tuesday, 12th December 2023	5.00pm	Evensong	Quire	sung by the Choir of Westminster Abbey; attended by HE The High Commissioner for Kenya	Byrd Responses
Tuesday, 12th December 2023	5.00pm	Evensong	Quire	sung by the Choir of Westminster Abbey; attended by HE The High Commissioner for Kenya	Noble in B minor
Tuesday, 12th December 2023	5.00pm	Evensong	Quire	sung by the Choir of Westminster Abbey; attended by HE The High Commissioner for Kenya	Victoria Ecce Dominus veniet 
Thursday, 14th December 2023	5.00pm	Evensong	Quire	sung by the Lay Vicars	plainsong Conditor alme siderum
Thursday, 14th December 2023	5.00pm	Evensong	Quire	sung by the Lay Vicars	plainsong Responses
Thursday, 14th December 2023	5.00pm	Evensong	Quire	sung by the Lay Vicars	Ortiz Magnificat primi toni
Thursday, 14th December 2023	5.00pm	Evensong	Quire	sung by the Lay Vicars	plainsong Nunc dimittis
Thursday, 14th December 2023	5.00pm	Evensong	Quire	sung by the Lay Vicars	Palestrina Canite tuba in Sion
Friday, 15th December 2023	5.00pm	Evensong	Quire	sung by the Choir of Westminster Abbey	Clucas Prepare ye the way of the Lord
Friday, 15th December 2023	5.00pm	Evensong	Quire	sung by the Choir of Westminster Abbey	Byrd Responses
Friday, 15th December 2023	5.00pm	Evensong	Quire	sung by the Choir of Westminster Abbey	Tallis Magnificat octavi toni
Friday, 15th December 2023	5.00pm	Evensong	Quire	sung by the Choir of Westminster Abbey	plainsong Nunc dimittis
Friday, 15th December 2023	5.00pm	Evensong	Quire	sung by the Choir of Westminster Abbey	Byrd Laetentur caeli
Saturday, 16th December 2023	5.00pm	Evensong	Quire	sung by the Lay Vicars	Du Fay Conditor alme siderum
Saturday, 16th December 2023	5.00pm	Evensong	Quire	sung by the Lay Vicars	Tallis Responses
Saturday, 16th December 2023	5.00pm	Evensong	Quire	sung by the Lay Vicars	Monte Magnificat octavi toni
Saturday, 16th December 2023	5.00pm	Evensong	Quire	sung by the Lay Vicars	Quinney Nunc dimittis tertii toni
Saturday, 16th December 2023	5.00pm	Evensong	Quire	sung by the Lay Vicars	Byrd Domine praestolamur adventum tuum
Saturday, 16th December 2023	5.00pm	Evensong	Quire	sung by the Lay Vicars	Leighton Fantasy on Veni Emmanuel
Sunday, 17th December 2023	10.00am	Matins	Quire	sung by the Lay Vicars	Tallis Responses
Sunday, 17th December 2023	10.00am	Matins	Quire	sung by the Lay Vicars	Batten Benedicite (Short Service)
Sunday, 17th December 2023	10.00am	Matins	Quire	sung by the Lay Vicars	Tomkins Benedictus (First Service) 
Sunday, 17th December 2023	10.00am	Matins	Quire	sung by the Lay Vicars	Bach Nun freut euch, liebe Christen, gemein
Sunday, 17th December 2023	11.15am	Sung Eucharist	Quire	sung by the Lay Vicars	Guerrero Missa Inter vestibulum
Sunday, 17th December 2023	11.15am	Sung Eucharist	Quire	sung by the Lay Vicars	plainsong Conditor alme siderum
Sunday, 17th December 2023	11.15am	Sung Eucharist	Quire	sung by the Lay Vicars	Bach Prelude and Fugue in F minor
Sunday, 17th December 2023	3.00pm	Evensong	Quire	sung by the Lay Vicars	Du Fay Conditor alme siderum
Sunday, 17th December 2023	3.00pm	Evensong	Quire	sung by the Lay Vicars	plainsong Responses
Sunday, 17th December 2023	3.00pm	Evensong	Quire	sung by the Lay Vicars	Kennedy Worcester Service
Sunday, 17th December 2023	3.00pm	Evensong	Quire	sung by the Lay Vicars	Tallis Audivi vocem de coelo venientem
Sunday, 17th December 2023	3.00pm	Evensong	Quire	sung by the Lay Vicars	Escaich Évocation II
Monday, 18th December 2023	5.00pm	Evensong	Quire	sung by the Lay Vicars	plainsong O Adonaï
Monday, 18th December 2023	5.00pm	Evensong	Quire	sung by the Lay Vicars	plainsong Responses
Monday, 18th December 2023	5.00pm	Evensong	Quire	sung by the Lay Vicars	Viadana Magnificat secundi toni
Monday, 18th December 2023	5.00pm	Evensong	Quire	sung by the Lay Vicars	Quinney Nunc dimittis tertii toni
Monday, 18th December 2023	5.00pm	Evensong	Quire	sung by the Lay Vicars	Pärt O Adonai
Tuesday, 19th December 2023	5.00pm	Evensong	Quire	sung by the Lay Vicars	plainsong O Root of Jesse
Tuesday, 19th December 2023	5.00pm	Evensong	Quire	sung by the Lay Vicars	plainsong Responses
Tuesday, 19th December 2023	5.00pm	Evensong	Quire	sung by the Lay Vicars	Tye Short service
Tuesday, 19th December 2023	5.00pm	Evensong	Quire	sung by the Lay Vicars	Morales Missus est Gabriel angelus ad Mariam virginem
Friday, 22nd December 2023	5.00pm	Evensong	Quire	sung by the Lay Vicars	plainsong O King of the nations
Friday, 22nd December 2023	5.00pm	Evensong	Quire	sung by the Lay Vicars	plainsong Responses
Friday, 22nd December 2023	5.00pm	Evensong	Quire	sung by the Lay Vicars	Guerrero Magnificat secundi toni
Friday, 22nd December 2023	5.00pm	Evensong	Quire	sung by the Lay Vicars	plainsong Nunc dimittis
Friday, 22nd December 2023	5.00pm	Evensong	Quire	sung by the Lay Vicars	Mundy Sive vigilem
Sunday, 24th December 2023	11.15am	Sung Eucharist	Quire	sung by the Choir of Westminster Abbey	Byrd Mass for three voices
Sunday, 24th December 2023	11.15am	Sung Eucharist	Quire	sung by the Choir of Westminster Abbey	Byrd Alma redemptoris mater
Sunday, 24th December 2023	11.15am	Sung Eucharist	Quire	sung by the Choir of Westminster Abbey	Peeters Toccata (Toccata, Fugue, et Hymne sur 'Ave Maris Stella')
Sunday, 24th December 2023	6.00pm	First Eucharist of Christmas with the Blessing of the Crib	St Margaret's Church	sung by the St Margaret's Choristers and Consort	Mozart Missa brevis in D K194
Sunday, 24th December 2023	6.00pm	First Eucharist of Christmas with the Blessing of the Crib	St Margaret's Church	sung by the St Margaret's Choristers and Consort	Gruber arr Darbourne Silent night
Sunday, 24th December 2023	6.00pm	First Eucharist of Christmas with the Blessing of the Crib	St Margaret's Church	sung by the St Margaret's Choristers and Consort	Rütti I wonder as I wander
Sunday, 24th December 2023	6.00pm	First Eucharist of Christmas with the Blessing of the Crib	St Margaret's Church	sung by the St Margaret's Choristers and Consort	Edmundson Toccata-prelude on 'Vom Himmel hoch da komm ich her'
Sunday, 24th December 2023	11.00pm	First Eucharist of Christmas with the Blessing of the Crib	Quire	booking required; sung by the Choir of Westminster Abbey	Vierne Messe solennelle
Sunday, 24th December 2023	11.00pm	First Eucharist of Christmas with the Blessing of the Crib	Quire	booking required; sung by the Choir of Westminster Abbey	Scheidt Puer natus in Bethlehem
Sunday, 24th December 2023	11.00pm	First Eucharist of Christmas with the Blessing of the Crib	Quire	booking required; sung by the Choir of Westminster Abbey	Victoria O magnum mysterium
Sunday, 24th December 2023	11.00pm	First Eucharist of Christmas with the Blessing of the Crib	Quire	booking required; sung by the Choir of Westminster Abbey	Messiaen Dieu parmi nous
Monday, 25th December 2023	10.30am	Sung Eucharist	Quire	booking required; sung by the Choir of Westminster Abbey	Palestrina Missa Hodie Christus natus est
Monday, 25th December 2023	10.30am	Sung Eucharist	Quire	booking required; sung by the Choir of Westminster Abbey	Poulenc Hodie Christus natus est
Monday, 25th December 2023	10.30am	Sung Eucharist	Quire	booking required; sung by the Choir of Westminster Abbey	Schütz Hodie Christus natus est
Monday, 25th December 2023	10.30am	Sung Eucharist	Quire	booking required; sung by the Choir of Westminster Abbey	Dubois Toccata
Monday, 25th December 2023	3.00pm	Evensong	Quire	sung by the Choir of Westminster Abbey	Joubert There is no rose of such vertu
Monday, 25th December 2023	3.00pm	Evensong	Quire	sung by the Choir of Westminster Abbey	Rose Responses
Monday, 25th December 2023	3.00pm	Evensong	Quire	sung by the Choir of Westminster Abbey	Stanford in A
Monday, 25th December 2023	3.00pm	Evensong	Quire	sung by the Choir of Westminster Abbey	Sheppard Verbum caro factum est
Monday, 25th December 2023	3.00pm	Evensong	Quire	sung by the Choir of Westminster Abbey	Dupré Prelude and Fugue in B
Thursday, 28th December 2023	5.00pm	Evensong	Quire	sung by the Choir of Christ Church St Laurence, Sydney, Australia	Ayleward Responses
Thursday, 28th December 2023	5.00pm	Evensong	Quire	sung by the Choir of Christ Church St Laurence, Sydney, Australia	Brewer in D
Thursday, 28th December 2023	5.00pm	Evensong	Quire	sung by the Choir of Christ Church St Laurence, Sydney, Australia	Rutter What sweeter music
Friday, 29th December 2023	5.00pm	Evensong	Quire	sung by the Choir of Christ Church St Laurence, Sydney, Australia	Ayleward Responses
Friday, 29th December 2023	5.00pm	Evensong	Quire	sung by the Choir of Christ Church St Laurence, Sydney, Australia	Gibbons Short Service
Friday, 29th December 2023	5.00pm	Evensong	Quire	sung by the Choir of Christ Church St Laurence, Sydney, Australia	Philips O beatum et sacrosanctum diem
Saturday, 30th December 2023	5.00pm	Evensong	Quire	sung by the Choir of Christ Church St Laurence, Sydney, Australia	Ayleward Responses
Saturday, 30th December 2023	5.00pm	Evensong	Quire	sung by the Choir of Christ Church St Laurence, Sydney, Australia	Sumsion in A
Saturday, 30th December 2023	5.00pm	Evensong	Quire	sung by the Choir of Christ Church St Laurence, Sydney, Australia	Loader Angelus ad virginem
Saturday, 30th December 2023	5.00pm	Evensong	Quire	sung by the Choir of Christ Church St Laurence, Sydney, Australia	Bach In dulci jubilo
Sunday, 31st December 2023	11.15am	Sung Eucharist	Quire	sung by the Choir of Christ Church St Laurence, Sydney, Australia	Rheinberger Cantus missae
Sunday, 31st December 2023	11.15am	Sung Eucharist	Quire	sung by the Choir of Christ Church St Laurence, Sydney, Australia	Jones Watts's Cradle Song
Sunday, 31st December 2023	11.15am	Sung Eucharist	Quire	sung by the Choir of Christ Church St Laurence, Sydney, Australia	Bach Fugue in F
Sunday, 31st December 2023	3.00pm	Evensong	Quire	sung by the Choir of Christ Church St Laurence, Sydney, Australia	Rose Responses
Sunday, 31st December 2023	3.00pm	Evensong	Quire	sung by the Choir of Christ Church St Laurence, Sydney, Australia	Howells Worcester Service
Sunday, 31st December 2023	3.00pm	Evensong	Quire	sung by the Choir of Christ Church St Laurence, Sydney, Australia	Poulenc Hodie Christus natus est
Sunday, 31st December 2023	3.00pm	Evensong	Quire	sung by the Choir of Christ Church St Laurence, Sydney, Australia	Lemmens Marche Triomphale
