Tuesday, 2nd January 2024	5.00pm	Evensong	Quire	sung by the Choir of Christ Church St Laurence, Sydney, Australia	Rose Responses
Tuesday, 2nd January 2024	5.00pm	Evensong	Quire	sung by the Choir of Christ Church St Laurence, Sydney, Australia	Howells Westminster Service
Tuesday, 2nd January 2024	5.00pm	Evensong	Quire	sung by the Choir of Christ Church St Laurence, Sydney, Australia	Mendelssohn There shall a star from Jacob come forth
Thursday, 4th January 2024	5.00pm	First Evensong of St Edward the Confessor	Quire	sung by Ardingly College Schola Cantorum	Clucas Responses
Thursday, 4th January 2024	5.00pm	First Evensong of St Edward the Confessor	Quire	sung by Ardingly College Schola Cantorum	Sumsion in G
Thursday, 4th January 2024	5.00pm	First Evensong of St Edward the Confessor	Quire	sung by Ardingly College Schola Cantorum	Mathias A babe is born all of a may
Friday, 5th January 2024	5.00pm	First Evensong of the Epiphany of Our Lord	Quire	sung by Inner Voices	Ayleward Responses
Friday, 5th January 2024	5.00pm	First Evensong of the Epiphany of Our Lord	Quire	sung by Inner Voices	Noble in B minor
Friday, 5th January 2024	5.00pm	First Evensong of the Epiphany of Our Lord	Quire	sung by Inner Voices	Berlioz L'adieu des bergers
Saturday, 6th January 2024	5.00pm	Sung Eucharist	Quire	sung by the Lay Vicars	plainsong Ecce advenit Dominator Dominus
Saturday, 6th January 2024	5.00pm	Sung Eucharist	Quire	sung by the Lay Vicars	Duruflé Messe cum jubilo
Saturday, 6th January 2024	5.00pm	Sung Eucharist	Quire	sung by the Lay Vicars	plainsong Hostis Herodes impie
Saturday, 6th January 2024	5.00pm	Sung Eucharist	Quire	sung by the Lay Vicars	Duruflé Toccata
Sunday, 7th January 2024	10.00am	Matins	Quire	sung by the Lay Vicars	Tallis Responses
Sunday, 7th January 2024	10.00am	Matins	Quire	sung by the Lay Vicars	Tomkins Te Deum (First Service)
Sunday, 7th January 2024	10.00am	Matins	Quire	sung by the Lay Vicars	plainsong Jubilate Deo
Sunday, 7th January 2024	10.00am	Matins	Quire	sung by the Lay Vicars	Bach Christ unser Herr zum Jordan kam
Sunday, 7th January 2024	11.15am	Sung Eucharist	Quire	sung by the Lay Vicars	Guerrero Missa Saeculorum Amen
Sunday, 7th January 2024	11.15am	Sung Eucharist	Quire	sung by the Lay Vicars	Palestrina Tribus miraculis
Sunday, 7th January 2024	11.15am	Sung Eucharist	Quire	sung by the Lay Vicars	Bach Prelude and Fugue in G
Sunday, 7th January 2024	3.00pm	Evensong	Quire	sung by the Lay Vicars	plainsong Hostis Herodes impie
Sunday, 7th January 2024	3.00pm	Evensong	Quire	sung by the Lay Vicars	Tallis Responses
Sunday, 7th January 2024	3.00pm	Evensong	Quire	sung by the Lay Vicars	Hassler Magnificat quinti toni
Sunday, 7th January 2024	3.00pm	Evensong	Quire	sung by the Lay Vicars	plainsong Nunc dimittis septimi toni
Sunday, 7th January 2024	3.00pm	Evensong	Quire	sung by the Lay Vicars	Byrd Reges Tharsis et insulae
Sunday, 7th January 2024	3.00pm	Evensong	Quire	sung by the Lay Vicars	Buxtehude Praeludium in D
Monday, 8th January 2024	5.00pm	Evensong	Quire	sung by the Lay Vicars	plainsong Hostis Herodes impie
Monday, 8th January 2024	5.00pm	Evensong	Quire	sung by the Lay Vicars	Tallis Responses
Monday, 8th January 2024	5.00pm	Evensong	Quire	sung by the Lay Vicars	Victoria Magnificat sexti toni
Monday, 8th January 2024	5.00pm	Evensong	Quire	sung by the Lay Vicars	plainsong Nunc dimittis tertii toni
Monday, 8th January 2024	5.00pm	Evensong	Quire	sung by the Lay Vicars	Guerrero Pastores loquebantur ad invicem
Tuesday, 9th January 2024	5.00pm	Evensong	Quire	sung by the Lay Vicars	Byrd Surge illuminare Jerusalem
Tuesday, 9th January 2024	5.00pm	Evensong	Quire	sung by the Lay Vicars	Tallis Responses
Tuesday, 9th January 2024	5.00pm	Evensong	Quire	sung by the Lay Vicars	Moore First Service
Tuesday, 9th January 2024	5.00pm	Evensong	Quire	sung by the Lay Vicars	Moore Lo! that is a marvellous change
Thursday, 11th January 2024	5.00pm	Evensong	Quire	sung by the Choir of Westminster Abbey	Poulenc Videntes stellam magi gavisi
Thursday, 11th January 2024	5.00pm	Evensong	Quire	sung by the Choir of Westminster Abbey	Rose Responses
Thursday, 11th January 2024	5.00pm	Evensong	Quire	sung by the Choir of Westminster Abbey	Dyson in F
Thursday, 11th January 2024	5.00pm	Evensong	Quire	sung by the Choir of Westminster Abbey	Cornelius/Nicolai arr Atkins The Three Kings
Friday, 12th January 2024	5.00pm	Evensong	Quire	sung by the Choir of Westminster Abbey	Poulenc Videntes stellam magi gavisi
Friday, 12th January 2024	5.00pm	Evensong	Quire	sung by the Choir of Westminster Abbey	Rose Responses
Friday, 12th January 2024	5.00pm	Evensong	Quire	sung by the Choir of Westminster Abbey	Tomkins First Service
Friday, 12th January 2024	5.00pm	Evensong	Quire	sung by the Choir of Westminster Abbey	Poulenc Quem vidistis pastores dicite
Saturday, 13th January 2024	5.00pm	Evensong	Quire	sung by the Choir of Westminster Abbey	Poulenc Vidente stellam magi gavisi
Saturday, 13th January 2024	5.00pm	Evensong	Quire	sung by the Choir of Westminster Abbey	Responses Rose
Saturday, 13th January 2024	5.00pm	Evensong	Quire	sung by the Choir of Westminster Abbey	Howells Collegium Regale
Saturday, 13th January 2024	5.00pm	Evensong	Quire	sung by the Choir of Westminster Abbey	Paish While Mary Slept
Saturday, 13th January 2024	5.00pm	Evensong	Quire	sung by the Choir of Westminster Abbey	Saint-Saëns Fantaisie I
Sunday, 14th January 2024	10.00am	Matins	Quire	sung by the Choir of Westminster Abbey	Rose Responses
Sunday, 14th January 2024	10.00am	Matins	Quire	sung by the Choir of Westminster Abbey	Gibbons Te Deum (Short Service)
Sunday, 14th January 2024	10.00am	Matins	Quire	sung by the Choir of Westminster Abbey	Bach Fugue in C
Sunday, 14th January 2024	11.15am	Sung Eucharist	Quire	sung by the Choir of Westminster Abbey	Victoria Missa O magnum mysterium
Sunday, 14th January 2024	11.15am	Sung Eucharist	Quire	sung by the Choir of Westminster Abbey	Paish While Mary Slept
Sunday, 14th January 2024	11.15am	Sung Eucharist	Quire	sung by the Choir of Westminster Abbey	Messiaen Dans le verbe était la vie, et la vie était la lumière
Sunday, 14th January 2024	3.00pm	Evensong	Quire	sung by the Choir of Westminster Abbey	Poulenc Videntes stellam magi gavisi
Sunday, 14th January 2024	3.00pm	Evensong	Quire	sung by the Choir of Westminster Abbey	Rose Responses
Sunday, 14th January 2024	3.00pm	Evensong	Quire	sung by the Choir of Westminster Abbey	Dyson in D
Sunday, 14th January 2024	3.00pm	Evensong	Quire	sung by the Choir of Westminster Abbey	Elgar Light of the world
Sunday, 14th January 2024	3.00pm	Evensong	Quire	sung by the Choir of Westminster Abbey	Mendelssohn Prelude and Fugue in C minor
Monday, 15th January 2024	5.00pm	Evensong	Quire	sung by the Choristers	plainsong Lucis Creator optime
Monday, 15th January 2024	5.00pm	Evensong	Quire	sung by the Choristers	plainsong Responses
Monday, 15th January 2024	5.00pm	Evensong	Quire	sung by the Choristers	Robinson in C
Monday, 15th January 2024	5.00pm	Evensong	Quire	sung by the Choristers	Poston The Lamb
Tuesday, 16th January 2024	5.00pm	Evensong	Quire	sung by the Choir of Westminster Abbey	Harris Holy is the true light
Tuesday, 16th January 2024	5.00pm	Evensong	Quire	sung by the Choir of Westminster Abbey	Smith Responses
Tuesday, 16th January 2024	5.00pm	Evensong	Quire	sung by the Choir of Westminster Abbey	Stanford in A
Tuesday, 16th January 2024	5.00pm	Evensong	Quire	sung by the Choir of Westminster Abbey	Weir Like as the hart desireth the water-brooks
Thursday, 18th January 2024	5.00pm	Evensong	Quire	sung by the Choir of Westminster Abbey	Harris Holy is the true light
Thursday, 18th January 2024	5.00pm	Evensong	Quire	sung by the Choir of Westminster Abbey	Smith Responses
Thursday, 18th January 2024	5.00pm	Evensong	Quire	sung by the Choir of Westminster Abbey	Tomkins Sixth Service
Thursday, 18th January 2024	5.00pm	Evensong	Quire	sung by the Choir of Westminster Abbey	Bull Almighty God, which by the leading of a star
Friday, 19th January 2024	5.00pm	Evensong	Quire	sung by the Choir of Westminster Abbey	Harris Holy is the true light
Friday, 19th January 2024	5.00pm	Evensong	Quire	sung by the Choir of Westminster Abbey	Smith Responses
Friday, 19th January 2024	5.00pm	Evensong	Quire	sung by the Choir of Westminster Abbey	Jackson Truro Service
Friday, 19th January 2024	5.00pm	Evensong	Quire	sung by the Choir of Westminster Abbey	Poulenc O magnum mysterium
Saturday, 20th January 2024	5.00pm	Evensong	Quire	sung by the Choir of Westminster Abbey	Harris Holy is the true light
Saturday, 20th January 2024	5.00pm	Evensong	Quire	sung by the Choir of Westminster Abbey	Smith Responses
Saturday, 20th January 2024	5.00pm	Evensong	Quire	sung by the Choir of Westminster Abbey	Muhly Westminster Service
Saturday, 20th January 2024	5.00pm	Evensong	Quire	sung by the Choir of Westminster Abbey	Wesley Ascribe unto the Lord
Saturday, 20th January 2024	5.00pm	Evensong	Quire	sung by the Choir of Westminster Abbey	Parry Fantasia in G
Sunday, 21st January 2024	10.00am	Matins	Quire	sung by the Choir of Westminster Abbey	Smith Responses
Sunday, 21st January 2024	10.00am	Matins	Quire	sung by the Choir of Westminster Abbey	Stanford in B flat
Sunday, 21st January 2024	10.00am	Matins	Quire	sung by the Choir of Westminster Abbey	Parker Allegretto (Sonata in E flat)
Sunday, 21st January 2024	11.15am	Sung Eucharist	Quire	sung by the Choir of Westminster Abbey	Tallis Missa Salve intemerata
Sunday, 21st January 2024	11.15am	Sung Eucharist	Quire	sung by the Choir of Westminster Abbey	Tallis O salutaris hostia
Sunday, 21st January 2024	11.15am	Sung Eucharist	Quire	sung by the Choir of Westminster Abbey	Sweelinck Toccata in C
Sunday, 21st January 2024	3.00pm	Evensong	Quire	sung by the Choir of Westminster Abbey	Harris Holy is the true light
Sunday, 21st January 2024	3.00pm	Evensong	Quire	sung by the Choir of Westminster Abbey	Smith Responses
Sunday, 21st January 2024	3.00pm	Evensong	Quire	sung by the Choir of Westminster Abbey	Purcell in G minor
Sunday, 21st January 2024	3.00pm	Evensong	Quire	sung by the Choir of Westminster Abbey	Dering Quem vidistis pastores
Sunday, 21st January 2024	3.00pm	Evensong	Quire	sung by the Choir of Westminster Abbey	Bach Wie schön leuchtet der Morgenstern
Sunday, 21st January 2024	6.00pm	Sung Eucharist	St Margaret's Church	sung by the St Margaret's Choristers and Consort	Haydn Missa brevis Sancti Joannis de Deo
Sunday, 21st January 2024	6.00pm	Sung Eucharist	St Margaret's Church	sung by the St Margaret's Choristers and Consort	Wheeler Alleluia! I heard a voice
Sunday, 21st January 2024	6.00pm	Sung Eucharist	St Margaret's Church	sung by the St Margaret's Choristers and Consort	Vierne Final (Symphonie I)
Monday, 22nd January 2024	5.00pm	Evensong	Quire	sung by the Lay Vicars	plainsong Hostis Herodes impie
Monday, 22nd January 2024	5.00pm	Evensong	Quire	sung by the Lay Vicars	plainsong Responses
Monday, 22nd January 2024	5.00pm	Evensong	Quire	sung by the Lay Vicars	Anerio Magnificat octavi toni
Monday, 22nd January 2024	5.00pm	Evensong	Quire	sung by the Lay Vicars	plainsong Nunc dimittis septimi toni
Monday, 22nd January 2024	5.00pm	Evensong	Quire	sung by the Lay Vicars	Morales Cum natus esset Jesus
Tuesday, 23rd January 2024	5.00pm	Evensong with the Installation of a Member of College	Quire	sung by the Choir of Westminster Abbey	Gibbons Almighty and everlasting God
Tuesday, 23rd January 2024	5.00pm	Evensong with the Installation of a Member of College	Quire	sung by the Choir of Westminster Abbey	Leighton Responses
Tuesday, 23rd January 2024	5.00pm	Evensong with the Installation of a Member of College	Quire	sung by the Choir of Westminster Abbey	Murrill in E
Tuesday, 23rd January 2024	5.00pm	Evensong with the Installation of a Member of College	Quire	sung by the Choir of Westminster Abbey	Bruckner Locus iste a Deo factus est
Thursday, 25th January 2024	5.00pm	Evensong	Quire	sung by the Choir of Westminster Abbey; attended by HE The High Commissioner for India	Victoria O quam gloriosum est regnum
Thursday, 25th January 2024	5.00pm	Evensong	Quire	sung by the Choir of Westminster Abbey; attended by HE The High Commissioner for India	Leighton Responses
Thursday, 25th January 2024	5.00pm	Evensong	Quire	sung by the Choir of Westminster Abbey; attended by HE The High Commissioner for India	Purcell in E minor
Thursday, 25th January 2024	5.00pm	Evensong	Quire	sung by the Choir of Westminster Abbey; attended by HE The High Commissioner for India	Palestrina Magnus Sanctus Paulus
Saturday, 27th January 2024	5.00pm	Evensong	Quire	sung by the Choir of Westminster Abbey; part of the Chorister Experience Day	Vaughan Williams The Call
Saturday, 27th January 2024	5.00pm	Evensong	Quire	sung by the Choir of Westminster Abbey; part of the Chorister Experience Day	Leighton Responses
Saturday, 27th January 2024	5.00pm	Evensong	Quire	sung by the Choir of Westminster Abbey; part of the Chorister Experience Day	Stanford in G
Saturday, 27th January 2024	5.00pm	Evensong	Quire	sung by the Choir of Westminster Abbey; part of the Chorister Experience Day	Elgar Great is the Lord
Saturday, 27th January 2024	5.00pm	Evensong	Quire	sung by the Choir of Westminster Abbey; part of the Chorister Experience Day	Dubois Fiat lux
Sunday, 28th January 2024	10.00am	Matins	Quire	sung by the Choir of Westminster Abbey	Leighton Responses
Sunday, 28th January 2024	10.00am	Matins	Quire	sung by the Choir of Westminster Abbey	Britten Te Deum in E
Sunday, 28th January 2024	10.00am	Matins	Quire	sung by the Choir of Westminster Abbey	Litaize Epiphanie
Sunday, 28th January 2024	11.15am	Sung Eucharist	Quire	sung by the Choir of Westminster Abbey	Stravinsky Mass
Sunday, 28th January 2024	11.15am	Sung Eucharist	Quire	sung by the Choir of Westminster Abbey	Tallis O nata lux de lumine
Sunday, 28th January 2024	11.15am	Sung Eucharist	Quire	sung by the Choir of Westminster Abbey	Hindemith Lebhaft (Sonata II)
Sunday, 28th January 2024	3.00pm	Evensong	Quire	sung by the Choir of Westminster Abbey	Gibbons Almighty and everlasting God
Sunday, 28th January 2024	3.00pm	Evensong	Quire	sung by the Choir of Westminster Abbey	Leighton Responses
Sunday, 28th January 2024	3.00pm	Evensong	Quire	sung by the Choir of Westminster Abbey	H Praetorius Magnificat quinti toni
Sunday, 28th January 2024	3.00pm	Evensong	Quire	sung by the Choir of Westminster Abbey	plainsong Nunc dimittis quinti toni
Sunday, 28th January 2024	3.00pm	Evensong	Quire	sung by the Choir of Westminster Abbey	Tallis Videte miraculum Matris Domini
Sunday, 28th January 2024	3.00pm	Evensong	Quire	sung by the Choir of Westminster Abbey	M Praetorius Nun lob, mein Seel, sen Herren
Monday, 29th January 2024	5.00pm	Evensong	Quire	sung by the Choristers; attended by HE The High Commissioner for Australia	plainsong Lucis Creator optime
Monday, 29th January 2024	5.00pm	Evensong	Quire	sung by the Choristers; attended by HE The High Commissioner for Australia	plainsong Responses
Monday, 29th January 2024	5.00pm	Evensong	Quire	sung by the Choristers; attended by HE The High Commissioner for Australia	Dyson in C minor
Monday, 29th January 2024	5.00pm	Evensong	Quire	sung by the Choristers; attended by HE The High Commissioner for Australia	Harris King of glory, King of peace
Tuesday, 30th January 2024	5.00pm	Evensong	Quire	sung by the Choir of Westminster Abbey	Batten O praise the Lord, all ye heathen
Tuesday, 30th January 2024	5.00pm	Evensong	Quire	sung by the Choir of Westminster Abbey	Ayleward Responses
Tuesday, 30th January 2024	5.00pm	Evensong	Quire	sung by the Choir of Westminster Abbey	Blow in F
Tuesday, 30th January 2024	5.00pm	Evensong	Quire	sung by the Choir of Westminster Abbey	Gibbons Great Lord of lords
Thursday, 1st February 2024	5.00pm	First Evensong of the Presentation of Christ in the Temple	Quire	sung by the Choir of Westminster Abbey	Batten O praise the Lord, all ye heathen
Thursday, 1st February 2024	5.00pm	First Evensong of the Presentation of Christ in the Temple	Quire	sung by the Choir of Westminster Abbey	Ayleward Responses
Thursday, 1st February 2024	5.00pm	First Evensong of the Presentation of Christ in the Temple	Quire	sung by the Choir of Westminster Abbey	Brewer in D
Thursday, 1st February 2024	5.00pm	First Evensong of the Presentation of Christ in the Temple	Quire	sung by the Choir of Westminster Abbey	Byrd Senex puerum portabat
Friday, 2nd February 2024	5.00pm	Sung Eucharist with the Blessing of Candles	Quire	sung by the Choir of Westminster Abbey	plainsong Nunc dimittis
Friday, 2nd February 2024	5.00pm	Sung Eucharist with the Blessing of Candles	Quire	sung by the Choir of Westminster Abbey	Vaughan Williams Mass in G minor
Friday, 2nd February 2024	5.00pm	Sung Eucharist with the Blessing of Candles	Quire	sung by the Choir of Westminster Abbey	Eccard When to the temple Mary went
Friday, 2nd February 2024	5.00pm	Sung Eucharist with the Blessing of Candles	Quire	sung by the Choir of Westminster Abbey	Tye Nunc dimittis
Friday, 2nd February 2024	5.00pm	Sung Eucharist with the Blessing of Candles	Quire	sung by the Choir of Westminster Abbey	Buxtehude Mit Fried und Freud ich fahr dahin
Saturday, 3rd February 2024	5.00pm	Evensong	Quire	sung by the Choir of Westminster Abbey, with harpist Anne Denholm	Batten O praise the Lord, all ye heathen
Saturday, 3rd February 2024	5.00pm	Evensong	Quire	sung by the Choir of Westminster Abbey, with harpist Anne Denholm	Ayleward Responses
Saturday, 3rd February 2024	5.00pm	Evensong	Quire	sung by the Choir of Westminster Abbey, with harpist Anne Denholm	Noble in B minor
Saturday, 3rd February 2024	5.00pm	Evensong	Quire	sung by the Choir of Westminster Abbey, with harpist Anne Denholm	Janácek Otce náš
Saturday, 3rd February 2024	5.00pm	Evensong	Quire	sung by the Choir of Westminster Abbey, with harpist Anne Denholm	Bach Vater unser im Himmelreich
Sunday, 4th February 2024	10.00am	Matins	Quire	sung by the Choir of Westminster Abbey	Ayleward Responses
Sunday, 4th February 2024	10.00am	Matins	Quire	sung by the Choir of Westminster Abbey	Ireland Te Deum in F
Sunday, 4th February 2024	10.00am	Matins	Quire	sung by the Choir of Westminster Abbey	Brahms Fugue in G minor
Sunday, 4th February 2024	11.15am	Sung Eucharist	Quire	sung by the Choir of Westminster Abbey	Victoria Missa Vidi speciosam
Sunday, 4th February 2024	11.15am	Sung Eucharist	Quire	sung by the Choir of Westminster Abbey	Byrd Ave verum corpus
Sunday, 4th February 2024	11.15am	Sung Eucharist	Quire	sung by the Choir of Westminster Abbey	Bach Alla breve
Sunday, 4th February 2024	3.00pm	Evensong	Quire	sung by the Choir of Westminster Abbey	Batten O praise the Lord, all ye heathen
Sunday, 4th February 2024	3.00pm	Evensong	Quire	sung by the Choir of Westminster Abbey	Ayleward Responses
Sunday, 4th February 2024	3.00pm	Evensong	Quire	sung by the Choir of Westminster Abbey	Weelkes Sixth Service
Sunday, 4th February 2024	3.00pm	Evensong	Quire	sung by the Choir of Westminster Abbey	Weelkes Alleluia! I heard a voice
Sunday, 4th February 2024	6.00pm	Sung Eucharist	St Margaret's Church	sung by the St Margaret's Choristers and Consort	Ireland Communion Service in C
Sunday, 4th February 2024	6.00pm	Sung Eucharist	St Margaret's Church	sung by the St Margaret's Choristers and Consort	Elgar Ave verum corpus
Sunday, 4th February 2024	6.00pm	Sung Eucharist	St Margaret's Church	sung by the St Margaret's Choristers and Consort	Bach Prelude in C
Monday, 5th February 2024	5.00pm	Evensong	Quire	sung by the Lay Vicars	plainsong Lucis Creator optime
Monday, 5th February 2024	5.00pm	Evensong	Quire	sung by the Lay Vicars	plainsong Responses
Monday, 5th February 2024	5.00pm	Evensong	Quire	sung by the Lay Vicars	Soriano Magnificat primi toni
Monday, 5th February 2024	5.00pm	Evensong	Quire	sung by the Lay Vicars	Palestrina Nunc dimittis tertii toni a 8
Monday, 5th February 2024	5.00pm	Evensong	Quire	sung by the Lay Vicars	Tallis In pace in idipsum dormiam et requiescam
Tuesday, 6th February 2024	5.00pm	Evensong	Quire	sung by the Choir of Westminster Abbey; attended by HE The High Commissioner for New Zealand	plainsong Ave Maris Stella
Tuesday, 6th February 2024	5.00pm	Evensong	Quire	sung by the Choir of Westminster Abbey; attended by HE The High Commissioner for New Zealand	Clucas Responses
Tuesday, 6th February 2024	5.00pm	Evensong	Quire	sung by the Choir of Westminster Abbey; attended by HE The High Commissioner for New Zealand	Wood in E flat II
Tuesday, 6th February 2024	5.00pm	Evensong	Quire	sung by the Choir of Westminster Abbey; attended by HE The High Commissioner for New Zealand	Poulenc Salve Regina
Thursday, 8th February 2024	5.00pm	Evensong	Quire	sung by the Choir of Westminster Abbey; attended by a representative of the High Commissioner for Grenada	Farrant Hide not thou thy face from us
Thursday, 8th February 2024	5.00pm	Evensong	Quire	sung by the Choir of Westminster Abbey; attended by a representative of the High Commissioner for Grenada	Clucas Responses
Thursday, 8th February 2024	5.00pm	Evensong	Quire	sung by the Choir of Westminster Abbey; attended by a representative of the High Commissioner for Grenada	Morley First Service
Thursday, 8th February 2024	5.00pm	Evensong	Quire	sung by the Choir of Westminster Abbey; attended by a representative of the High Commissioner for Grenada	Palestrina Dextera Domini fecit virtutem
Friday, 9th February 2024	5.00pm	Evensong	Quire	sung by the Choir of Westminster Abbey; attended by HE The High Commissioner for Sri Lanka	Farrant Hide not thou thy face from us
Friday, 9th February 2024	5.00pm	Evensong	Quire	sung by the Choir of Westminster Abbey; attended by HE The High Commissioner for Sri Lanka	Clucas Responses
Friday, 9th February 2024	5.00pm	Evensong	Quire	sung by the Choir of Westminster Abbey; attended by HE The High Commissioner for Sri Lanka	Victoria Magnificat primi toni
Friday, 9th February 2024	5.00pm	Evensong	Quire	sung by the Choir of Westminster Abbey; attended by HE The High Commissioner for Sri Lanka	plainsong Nunc dimittis primi toni
Friday, 9th February 2024	5.00pm	Evensong	Quire	sung by the Choir of Westminster Abbey; attended by HE The High Commissioner for Sri Lanka	Bruckner Os justi meditabitur sapientiam
Saturday, 10th February 2024	5.00pm	Evensong	Quire	sung by the Choir of Westminster Abbey and members of the Westminster Abbey Old Choristers’ Association	Farrant Hide not thou thy face from us
Saturday, 10th February 2024	5.00pm	Evensong	Quire	sung by the Choir of Westminster Abbey and members of the Westminster Abbey Old Choristers’ Association	Clucas Responses
Saturday, 10th February 2024	5.00pm	Evensong	Quire	sung by the Choir of Westminster Abbey and members of the Westminster Abbey Old Choristers’ Association	Stanford in B flat
Saturday, 10th February 2024	5.00pm	Evensong	Quire	sung by the Choir of Westminster Abbey and members of the Westminster Abbey Old Choristers’ Association	Parry I was glad
Saturday, 10th February 2024	5.00pm	Evensong	Quire	sung by the Choir of Westminster Abbey and members of the Westminster Abbey Old Choristers’ Association	Widor Toccata (Symphonie V)
Sunday, 11th February 2024	10.00am	Matins	Quire	sung by the Choir of Westminster Abbey	Clucas Responses
Sunday, 11th February 2024	10.00am	Matins	Quire	sung by the Choir of Westminster Abbey	Britten in C
Sunday, 11th February 2024	10.00am	Matins	Quire	sung by the Choir of Westminster Abbey	Britten Sunday Morning (Four Sea Interludes)
Sunday, 11th February 2024	11.15am	Sung Eucharist	Quire	marking Racial Justice Sunday; sung by the Choir of Westminster Abbey	Victoria Missa O quam gloriosum
Sunday, 11th February 2024	11.15am	Sung Eucharist	Quire	marking Racial Justice Sunday; sung by the Choir of Westminster Abbey	Guerrero O Domine Jesu Christe
Sunday, 11th February 2024	11.15am	Sung Eucharist	Quire	marking Racial Justice Sunday; sung by the Choir of Westminster Abbey	Bach Fugue in E flat
Sunday, 11th February 2024	3.00pm	Evensong	Quire	sung by the Choir of Westminster Abbey	Farrant Hide not thou thy face from us
Sunday, 11th February 2024	3.00pm	Evensong	Quire	sung by the Choir of Westminster Abbey	Clucas Responses
Sunday, 11th February 2024	3.00pm	Evensong	Quire	sung by the Choir of Westminster Abbey	Byrd Second Service
Sunday, 11th February 2024	3.00pm	Evensong	Quire	sung by the Choir of Westminster Abbey	Boyce O, where shall wisdom be found
Sunday, 11th February 2024	3.00pm	Evensong	Quire	sung by the Choir of Westminster Abbey	Bull Fantasia on ut re mi fa sol la
Monday, 12th February 2024	5.00pm	Evensong	Quire	sung by the Lay Vicars	Mouton Salva nos Domine vigilantes
Monday, 12th February 2024	5.00pm	Evensong	Quire	sung by the Lay Vicars	plainsong Responses
Monday, 12th February 2024	5.00pm	Evensong	Quire	sung by the Lay Vicars	Marson Evening Service
Monday, 12th February 2024	5.00pm	Evensong	Quire	sung by the Lay Vicars	Byrd Teach me, O Lord, the way of thy statutes
Wednesday, 14th February 2024	5.00pm	Sung Eucharist with the Imposition of Ashes	Quire	sung by the Lay Vicars	Byrd Mass for three voices
Wednesday, 14th February 2024	5.00pm	Sung Eucharist with the Imposition of Ashes	Quire	sung by the Lay Vicars	Tallis Suscipe quaeso Domine
Wednesday, 14th February 2024	5.00pm	Sung Eucharist with the Imposition of Ashes	Quire	sung by the Lay Vicars	Morales Emendemus in melius
Thursday, 15th February 2024	5.00pm	Evensong	Quire	sung by the Lay Vicars	Mouton Salva nos Domine vigilantes
Thursday, 15th February 2024	5.00pm	Evensong	Quire	sung by the Lay Vicars	plainsong Responses
Thursday, 15th February 2024	5.00pm	Evensong	Quire	sung by the Lay Vicars	Mundy Magnificat secundi toni
Thursday, 15th February 2024	5.00pm	Evensong	Quire	sung by the Lay Vicars	Tye Nunc dimittis
Thursday, 15th February 2024	5.00pm	Evensong	Quire	sung by the Lay Vicars	White Christe qui lux es et dies
Friday, 16th February 2024	5.00pm	Evensong	Quire	sung by the Lay Vicars	Mouton Salva nos Domine vigilantes
Friday, 16th February 2024	5.00pm	Evensong	Quire	sung by the Lay Vicars	plainsong Responses
Friday, 16th February 2024	5.00pm	Evensong	Quire	sung by the Lay Vicars	Morales Magnificat quinti toni
Friday, 16th February 2024	5.00pm	Evensong	Quire	sung by the Lay Vicars	plainsong Nunc dimittis quinti toni
Friday, 16th February 2024	5.00pm	Evensong	Quire	sung by the Lay Vicars	Tallis In jejunio et fletu
Saturday, 17th February 2024	5.00pm	Evensong	Quire	sung by the Lay Vicars	Mouton Salva nos Domine vigilantes
Saturday, 17th February 2024	5.00pm	Evensong	Quire	sung by the Lay Vicars	plainsong Responses
Saturday, 17th February 2024	5.00pm	Evensong	Quire	sung by the Lay Vicars	Morales Magnificat primi toni
Saturday, 17th February 2024	5.00pm	Evensong	Quire	sung by the Lay Vicars	Ortiz Nunc dimittis tertii toni
Saturday, 17th February 2024	5.00pm	Evensong	Quire	sung by the Lay Vicars	Monte Super flumina Babylonis
Saturday, 17th February 2024	5.00pm	Evensong	Quire	sung by the Lay Vicars	Buxtehude Passacaglia in D minor
Sunday, 18th February 2024	10.00am	Matins	Quire	sung by the Lay Vicars	plainsong Responses
Sunday, 18th February 2024	10.00am	Matins	Quire	sung by the Lay Vicars	Quinney Benedicite
Sunday, 18th February 2024	10.00am	Matins	Quire	sung by the Lay Vicars	plainsong Benedictus
Sunday, 18th February 2024	10.00am	Matins	Quire	sung by the Lay Vicars	Price Finale (Organ Sonata I)
Sunday, 18th February 2024	11.15am	Sung Eucharist	Quire	sung by the Lay Vicars	Morales Missa Mille regretz
Sunday, 18th February 2024	11.15am	Sung Eucharist	Quire	sung by the Lay Vicars	Morales Inter vestibulum et altare
Sunday, 18th February 2024	11.15am	Sung Eucharist	Quire	sung by the Lay Vicars	Buxtehude Chaconne in C minor
Sunday, 18th February 2024	3.00pm	Evensong	Quire	sung by the Lay Vicars	Mouton Salva nos Domine vigilantes
Sunday, 18th February 2024	3.00pm	Evensong	Quire	sung by the Lay Vicars	plainsong Responses
Sunday, 18th February 2024	3.00pm	Evensong	Quire	sung by the Lay Vicars	Palestrina Magnificat quarti toni
Sunday, 18th February 2024	3.00pm	Evensong	Quire	sung by the Lay Vicars	plainsong Nunc dimittis
Sunday, 18th February 2024	3.00pm	Evensong	Quire	sung by the Lay Vicars	Vecchi Peccantem me quotidie
Sunday, 18th February 2024	3.00pm	Evensong	Quire	sung by the Lay Vicars	Bach Prelude in B minor
Sunday, 18th February 2024	6.00pm	Sung Eucharist	St Margaret's Church	sung by the St Margaret's Choristers and Consort	Palestrina Missa Aeterna Christi munera
Sunday, 18th February 2024	6.00pm	Sung Eucharist	St Margaret's Church	sung by the St Margaret's Choristers and Consort	Byrd Ave verum corpus
Sunday, 18th February 2024	6.00pm	Sung Eucharist	St Margaret's Church	sung by the St Margaret's Choristers and Consort	Gade Moderato (Three Pieces for Organ)
Monday, 19th February 2024	5.00pm	Evensong	Quire	sung by the Choristers; attended by HE The High Commissioner for The Gambia	plainsong Audi benigne Conditor
Monday, 19th February 2024	5.00pm	Evensong	Quire	sung by the Choristers; attended by HE The High Commissioner for The Gambia	plainsong Responses
Monday, 19th February 2024	5.00pm	Evensong	Quire	sung by the Choristers; attended by HE The High Commissioner for The Gambia	plainsong Magnificat primi toni
Monday, 19th February 2024	5.00pm	Evensong	Quire	sung by the Choristers; attended by HE The High Commissioner for The Gambia	Burgon Nunc dimittis
Monday, 19th February 2024	5.00pm	Evensong	Quire	sung by the Choristers; attended by HE The High Commissioner for The Gambia	Mendelssohn If with all your hearts ye truly seek me
Tuesday, 20th February 2024	5.00pm	Evensong	Quire	sung by the Choir of Westminster Abbey; attended by HE The High Commissioner for St Lucia	Farrant Call to remembrance, O Lord
Tuesday, 20th February 2024	5.00pm	Evensong	Quire	sung by the Choir of Westminster Abbey; attended by HE The High Commissioner for St Lucia	Byrd Responses
Tuesday, 20th February 2024	5.00pm	Evensong	Quire	sung by the Choir of Westminster Abbey; attended by HE The High Commissioner for St Lucia	Walmisley in D minor
Tuesday, 20th February 2024	5.00pm	Evensong	Quire	sung by the Choir of Westminster Abbey; attended by HE The High Commissioner for St Lucia	Wesley Wash me throughly from my wickedness
Thursday, 22nd February 2024	5.00pm	Evensong	Quire	sung by the Lay Vicars; attended by a representative of the High Commissioner for Brunei Darussalam	plainsong Audi benigne Conditor
Thursday, 22nd February 2024	5.00pm	Evensong	Quire	sung by the Lay Vicars; attended by a representative of the High Commissioner for Brunei Darussalam	plainsong Responses
Thursday, 22nd February 2024	5.00pm	Evensong	Quire	sung by the Lay Vicars; attended by a representative of the High Commissioner for Brunei Darussalam	Monte Magnificat octavi toni
Thursday, 22nd February 2024	5.00pm	Evensong	Quire	sung by the Lay Vicars; attended by a representative of the High Commissioner for Brunei Darussalam	Quinney Nunc dimittis tertii toni
Thursday, 22nd February 2024	5.00pm	Evensong	Quire	sung by the Lay Vicars; attended by a representative of the High Commissioner for Brunei Darussalam	Tallis Hear the voice and prayer of thy servants
Friday, 23rd February 2024	5.00pm	Evensong	Quire	sung by the Lay Vicars; attended by HE The High Commissioner for Guyana	plainsong Audi benigne Conditor
Friday, 23rd February 2024	5.00pm	Evensong	Quire	sung by the Lay Vicars; attended by HE The High Commissioner for Guyana	plainsong Responses
Friday, 23rd February 2024	5.00pm	Evensong	Quire	sung by the Lay Vicars; attended by HE The High Commissioner for Guyana	Soriano Magnificat septimi toni
Friday, 23rd February 2024	5.00pm	Evensong	Quire	sung by the Lay Vicars; attended by HE The High Commissioner for Guyana	Reid Nunc dimittis tertii toni
Friday, 23rd February 2024	5.00pm	Evensong	Quire	sung by the Lay Vicars; attended by HE The High Commissioner for Guyana	Sheppard In manus tuas Domine
Saturday, 24th February 2024	5.00pm	Evensong	Quire	sung by the Choir of Westminster Abbey	Farrant Call to remembrance, O Lord
Saturday, 24th February 2024	5.00pm	Evensong	Quire	sung by the Choir of Westminster Abbey	Byrd Responses
Saturday, 24th February 2024	5.00pm	Evensong	Quire	sung by the Choir of Westminster Abbey	Victoria Magnificat octavi toni
Saturday, 24th February 2024	5.00pm	Evensong	Quire	sung by the Choir of Westminster Abbey	plainsong Nunc dimittis octavi toni
Saturday, 24th February 2024	5.00pm	Evensong	Quire	sung by the Choir of Westminster Abbey	Allegri Miserere mei Deus
Saturday, 24th February 2024	5.00pm	Evensong	Quire	sung by the Choir of Westminster Abbey	Price Introduction—Allegro (Organ Sonata I)
Sunday, 25th February 2024	10.00am	Matins	Quire	sung by the Choir of Westminster Abbey	Byrd Responses
Sunday, 25th February 2024	10.00am	Matins	Quire	sung by the Choir of Westminster Abbey	Dyson Benedicite in F
Sunday, 25th February 2024	10.00am	Matins	Quire	sung by the Choir of Westminster Abbey	Stanford Benedictus (Sonata Britannica)
Sunday, 25th February 2024	11.15am	Sung Eucharist	Quire	sung by the Choir of Westminster Abbey	Palestrina Missa Papae Marcelli
Sunday, 25th February 2024	11.15am	Sung Eucharist	Quire	sung by the Choir of Westminster Abbey	Byrd Miserere mei Deus
Sunday, 25th February 2024	11.15am	Sung Eucharist	Quire	sung by the Choir of Westminster Abbey	Bach Fantasia and Fugue in C minor
Sunday, 25th February 2024	3.00pm	Evensong	Quire	sung by the Choir of Westminster Abbey	Farrant Call to remembrance, O Lord
Sunday, 25th February 2024	3.00pm	Evensong	Quire	sung by the Choir of Westminster Abbey	Byrd Responses
Sunday, 25th February 2024	3.00pm	Evensong	Quire	sung by the Choir of Westminster Abbey	Byrd Third Service
Sunday, 25th February 2024	3.00pm	Evensong	Quire	sung by the Choir of Westminster Abbey	Byrd Memento homo quod cinis es
Sunday, 25th February 2024	3.00pm	Evensong	Quire	sung by the Choir of Westminster Abbey	Alain Variations sur un thème de Clément Jannequin
Monday, 26th February 2024	5.00pm	Evensong	Quire	sung by the Lay Vicars	plainsong Audi benigne Conditor
Monday, 26th February 2024	5.00pm	Evensong	Quire	sung by the Lay Vicars	plainsong Responses
Monday, 26th February 2024	5.00pm	Evensong	Quire	sung by the Lay Vicars	Ward First Service
Monday, 26th February 2024	5.00pm	Evensong	Quire	sung by the Lay Vicars	Morley Let my complaint come before thee, O Lord
Tuesday, 27th February 2024	5.00pm	Evensong with Installation of a Lay Vicar	Quire	sung by the Choir of Westminster Abbey	Ferguson It was in that train
Tuesday, 27th February 2024	5.00pm	Evensong with Installation of a Lay Vicar	Quire	sung by the Choir of Westminster Abbey	Radcliffe Responses
Tuesday, 27th February 2024	5.00pm	Evensong with Installation of a Lay Vicar	Quire	sung by the Choir of Westminster Abbey	Noble in B minor
Tuesday, 27th February 2024	5.00pm	Evensong with Installation of a Lay Vicar	Quire	sung by the Choir of Westminster Abbey	Vaughan Williams Love bade me welcome
Thursday, 29th February 2024	5.00pm	Evensong	Quire	sung by the Lay Vicars	plainsong Audi benigne Conditor
Thursday, 29th February 2024	5.00pm	Evensong	Quire	sung by the Lay Vicars	plainsong Responses
Thursday, 29th February 2024	5.00pm	Evensong	Quire	sung by the Lay Vicars	Viadana Magnificat secundi toni
Thursday, 29th February 2024	5.00pm	Evensong	Quire	sung by the Lay Vicars	Viadana Nunc dimittis tertii toni
Thursday, 29th February 2024	5.00pm	Evensong	Quire	sung by the Lay Vicars	Blitheman In pace in idipsum dormiam et reqiescam
Friday, 1st March 2024	5.00pm	Evensong	Quire	sung by the Lay Vicars	plainsong Audi benigne Conditor
Friday, 1st March 2024	5.00pm	Evensong	Quire	sung by the Lay Vicars	plainsong Responses
Friday, 1st March 2024	5.00pm	Evensong	Quire	sung by the Lay Vicars	Monte Magnificat septimi toni
Friday, 1st March 2024	5.00pm	Evensong	Quire	sung by the Lay Vicars	Vento Nunc dimittis quarti toni
Friday, 1st March 2024	5.00pm	Evensong	Quire	sung by the Lay Vicars	Palestrina Veritas mea et misericordia mea cum ipso
Saturday, 2nd March 2024	5.00pm	Evensong	Quire	sung by the Choir of Westminster Abbey	Ferguson It was in that train
Saturday, 2nd March 2024	5.00pm	Evensong	Quire	sung by the Choir of Westminster Abbey	Radcliffe Responses
Saturday, 2nd March 2024	5.00pm	Evensong	Quire	sung by the Choir of Westminster Abbey	Sumsion in G
Saturday, 2nd March 2024	5.00pm	Evensong	Quire	sung by the Choir of Westminster Abbey	Chilcott Be thou my vision
Saturday, 2nd March 2024	5.00pm	Evensong	Quire	sung by the Choir of Westminster Abbey	Howells Psalm Prelude Set 1 no 1
Sunday, 3rd March 2024	10.00am	Matins	Quire	sung by the Choir of Westminster Abbey	Radcliffe Responses
Sunday, 3rd March 2024	10.00am	Matins	Quire	sung by the Choir of Westminster Abbey	Jackson Benedicite in G
Sunday, 3rd March 2024	10.00am	Matins	Quire	sung by the Choir of Westminster Abbey	Howells Psalm Prelude Set 2 no 2
Sunday, 3rd March 2024	11.15am	Sung Eucharist	Quire	sung by the Choir of Westminster Abbey	Langlais Messe solennelle
Sunday, 3rd March 2024	11.15am	Sung Eucharist	Quire	sung by the Choir of Westminster Abbey	Poulenc Timor et tremor
Sunday, 3rd March 2024	11.15am	Sung Eucharist	Quire	sung by the Choir of Westminster Abbey	Bach Aus tiefer Not schrei ich zu dir
Sunday, 3rd March 2024	3.00pm	Evensong	Quire	sung by the Choir of Westminster Abbey	Ferguson It was in that train
Sunday, 3rd March 2024	3.00pm	Evensong	Quire	sung by the Choir of Westminster Abbey	Radcliffe Responses
Sunday, 3rd March 2024	3.00pm	Evensong	Quire	sung by the Choir of Westminster Abbey	Tallis Magnificat octavi toni
Sunday, 3rd March 2024	3.00pm	Evensong	Quire	sung by the Choir of Westminster Abbey	plainsong Nunc dimittis septimi toni
Sunday, 3rd March 2024	3.00pm	Evensong	Quire	sung by the Choir of Westminster Abbey	Tallis Salvator mundi
Sunday, 3rd March 2024	3.00pm	Evensong	Quire	sung by the Choir of Westminster Abbey	Gibbons Fancy in gamut flatt
Sunday, 3rd March 2024	6.00pm	Sung Eucharist	St Margaret's Church	sung by the St Margaret's Choristers	Chaminade Messe pour deux voix égales
Sunday, 3rd March 2024	6.00pm	Sung Eucharist	St Margaret's Church	sung by the St Margaret's Choristers	Owen He prayeth best who loveth best
Sunday, 3rd March 2024	6.00pm	Sung Eucharist	St Margaret's Church	sung by the St Margaret's Choristers	Mendelssohn Prelude in C minor
Monday, 4th March 2024	5.00pm	Evensong	Quire	sung by the Choristers	plainsong Audi benigne Conditor
Monday, 4th March 2024	5.00pm	Evensong	Quire	sung by the Choristers	plainsong Responses
Monday, 4th March 2024	5.00pm	Evensong	Quire	sung by the Choristers	Watson in F
Monday, 4th March 2024	5.00pm	Evensong	Quire	sung by the Choristers	Parry Long since in Egypt's plenteous land
Tuesday, 5th March 2024	5.00pm	Evensong	Quire	sung by the Choir of Westminster Abbey; attended by HE The High Commissioner for Ghana	H Purcell Hear my prayer, O Lord
Tuesday, 5th March 2024	5.00pm	Evensong	Quire	sung by the Choir of Westminster Abbey; attended by HE The High Commissioner for Ghana	Tomkins Responses
Tuesday, 5th March 2024	5.00pm	Evensong	Quire	sung by the Choir of Westminster Abbey; attended by HE The High Commissioner for Ghana	D Purcell in E minor
Tuesday, 5th March 2024	5.00pm	Evensong	Quire	sung by the Choir of Westminster Abbey; attended by HE The High Commissioner for Ghana	H Purcell Remember not, Lord, our offences
Thursday, 7th March 2024	5.00pm	Evensong, with Installation of a Member of College	Quire	sung by the Choir of Westminster Abbey	Purcell Hear my prayer, O Lord
Thursday, 7th March 2024	5.00pm	Evensong, with Installation of a Member of College	Quire	sung by the Choir of Westminster Abbey	Tomkins Responses
Thursday, 7th March 2024	5.00pm	Evensong, with Installation of a Member of College	Quire	sung by the Choir of Westminster Abbey	Batten Fourth Service
Thursday, 7th March 2024	5.00pm	Evensong, with Installation of a Member of College	Quire	sung by the Choir of Westminster Abbey	Byrd Emendemus in melius
Friday, 8th March 2024	5.00pm	Evensong	Quire	sung by the Lay Vicars	plainsong Audi benigne Conditor
Friday, 8th March 2024	5.00pm	Evensong	Quire	sung by the Lay Vicars	plainsong Responses
Friday, 8th March 2024	5.00pm	Evensong	Quire	sung by the Lay Vicars	Lassus Magnificat tertii toni
Friday, 8th March 2024	5.00pm	Evensong	Quire	sung by the Lay Vicars	plainsong Nunc dimittis
Friday, 8th March 2024	5.00pm	Evensong	Quire	sung by the Lay Vicars	Ferrabosco Tribulationem et dolorem inveni
Saturday, 9th March 2024	5.00pm	Evensong	Quire	sung by the Choir of Westminster Abbey	Purcell Hear my prayer, O Lord
Saturday, 9th March 2024	5.00pm	Evensong	Quire	sung by the Choir of Westminster Abbey	Tomkins Responses
Saturday, 9th March 2024	5.00pm	Evensong	Quire	sung by the Choir of Westminster Abbey	Watson in E
Saturday, 9th March 2024	5.00pm	Evensong	Quire	sung by the Choir of Westminster Abbey	Stanford The Lord is my shepherd
Saturday, 9th March 2024	5.00pm	Evensong	Quire	sung by the Choir of Westminster Abbey	Sowande Obangiji
Sunday, 10th March 2024	10.00am	Matins	Quire	sung by the Lay Vicars	plainsong Responses
Sunday, 10th March 2024	10.00am	Matins	Quire	sung by the Lay Vicars	Batten Benedicite (Short Service)
Sunday, 10th March 2024	10.00am	Matins	Quire	sung by the Lay Vicars	Tomkins Clarifica me Pater
Sunday, 10th March 2024	11.15am	Sung Eucharist	Quire	sung by the Choir of Westminster Abbey	Dvorák Mass in D
Sunday, 10th March 2024	11.15am	Sung Eucharist	Quire	sung by the Choir of Westminster Abbey	Purcell Hear my prayer, O Lord
Sunday, 10th March 2024	11.15am	Sung Eucharist	Quire	sung by the Choir of Westminster Abbey	Duruflé Prélude (Suite)
Sunday, 10th March 2024	3.00pm	Evensong	Quire	sung by the Choir of Westminster Abbey	Purcell Hear my prayer, O Lord
Sunday, 10th March 2024	3.00pm	Evensong	Quire	sung by the Choir of Westminster Abbey	Tomkins Responses
Sunday, 10th March 2024	3.00pm	Evensong	Quire	sung by the Choir of Westminster Abbey	Tomkins First Service
Sunday, 10th March 2024	3.00pm	Evensong	Quire	sung by the Choir of Westminster Abbey	Byrd Ne irascaris Domine satis
Sunday, 10th March 2024	3.00pm	Evensong	Quire	sung by the Choir of Westminster Abbey	Pachelbel Ciacona in F minor
Tuesday, 12th March 2024	5.00pm	Evensong	Quire	sung by the Lay Vicars; attended by HE The High Commissioner for Mauritius	Tallis Purge me, O Lord
Tuesday, 12th March 2024	5.00pm	Evensong	Quire	sung by the Lay Vicars; attended by HE The High Commissioner for Mauritius	plainsong Responses
Tuesday, 12th March 2024	5.00pm	Evensong	Quire	sung by the Lay Vicars; attended by HE The High Commissioner for Mauritius	Ives Magdalen College Service
Tuesday, 12th March 2024	5.00pm	Evensong	Quire	sung by the Lay Vicars; attended by HE The High Commissioner for Mauritius	Tallis Absterge Domine delicta mea
Thursday, 14th March 2024	5.00pm	Evensong	Quire	sung by the Choir of Westminster Abbey	Byrd Prevent us, O Lord
Thursday, 14th March 2024	5.00pm	Evensong	Quire	sung by the Choir of Westminster Abbey	Martin Responses
Thursday, 14th March 2024	5.00pm	Evensong	Quire	sung by the Choir of Westminster Abbey	plainsong Magnificat tertii toni
Thursday, 14th March 2024	5.00pm	Evensong	Quire	sung by the Choir of Westminster Abbey	plainsong Nunc dimittis tertii toni
Thursday, 14th March 2024	5.00pm	Evensong	Quire	sung by the Choir of Westminster Abbey	Byrd Tribulationes civitatum audivimus
Friday, 15th March 2024	5.00pm	Evensong	Quire	sung by the Choir of Westminster Abbey	Byrd Prevent us, O Lord
Friday, 15th March 2024	5.00pm	Evensong	Quire	sung by the Choir of Westminster Abbey	Martin Responses
Friday, 15th March 2024	5.00pm	Evensong	Quire	sung by the Choir of Westminster Abbey	Gibbons Fauxbourdon Service
Friday, 15th March 2024	5.00pm	Evensong	Quire	sung by the Choir of Westminster Abbey	Gibbons O Lord, in thy wrath rebuke me not
Saturday, 16th March 2024	5.00pm	Evensong	Quire	sung by the Lay Vicars	plainsong Vexilla regis prodeunt
Saturday, 16th March 2024	5.00pm	Evensong	Quire	sung by the Lay Vicars	plainsong Responses
Saturday, 16th March 2024	5.00pm	Evensong	Quire	sung by the Lay Vicars	Ives Westminster Service
Saturday, 16th March 2024	5.00pm	Evensong	Quire	sung by the Lay Vicars	Martin Sitivit anima mea ad Deum
Saturday, 16th March 2024	5.00pm	Evensong	Quire	sung by the Lay Vicars	Bach Fugue in D minor
Sunday, 17th March 2024	10.00am	Matins	Quire	sung by the Lay Vicars	plainsong Responses
Sunday, 17th March 2024	10.00am	Matins	Quire	sung by the Lay Vicars	plainsong Benedicite
Sunday, 17th March 2024	10.00am	Matins	Quire	sung by the Lay Vicars	Byrd Benedictus (Short Service)
Sunday, 17th March 2024	10.00am	Matins	Quire	sung by the Lay Vicars	Byrd Miserere
Sunday, 17th March 2024	11.15am	Sung Eucharist	Quire	sung by the Lay Vicars; attended by The King's Scholars of Westminster School	Palestrina Missa Eripe me
Sunday, 17th March 2024	11.15am	Sung Eucharist	Quire	sung by the Lay Vicars; attended by The King's Scholars of Westminster School	Victoria Vere languores nostros
Sunday, 17th March 2024	11.15am	Sung Eucharist	Quire	sung by the Lay Vicars; attended by The King's Scholars of Westminster School	Purcell Voluntary for double organ
Sunday, 17th March 2024	3.00pm	Evensong	Quire	sung by the Lay Vicars	plainsong Vexilla regis prodeunt
Sunday, 17th March 2024	3.00pm	Evensong	Quire	sung by the Lay Vicars	plainsong Responses
Sunday, 17th March 2024	3.00pm	Evensong	Quire	sung by the Lay Vicars	Victoria Magnificat septimi
Sunday, 17th March 2024	3.00pm	Evensong	Quire	sung by the Lay Vicars	Victoria Nunc dimittis tertii toni
Sunday, 17th March 2024	3.00pm	Evensong	Quire	sung by the Lay Vicars	Byrd Circumdederunt me funes mortis
Sunday, 17th March 2024	3.00pm	Evensong	Quire	sung by the Lay Vicars	Duruflé Sicilienne (Suite)
Sunday, 17th March 2024	6.00pm	Sung Eucharist	St Margaret's Church	sung by the St Margaret's Choristers and Consort	Darke in F
Sunday, 17th March 2024	6.00pm	Sung Eucharist	St Margaret's Church	sung by the St Margaret's Choristers and Consort	MacDonald Crux fidelis
Sunday, 17th March 2024	6.00pm	Sung Eucharist	St Margaret's Church	sung by the St Margaret's Choristers and Consort	Widor Final (Symphonie VIII)
Monday, 18th March 2024	5.00pm	Evensong	Quire	sung by the Choristers	Hurford Litany to the Holy Spirit
Monday, 18th March 2024	5.00pm	Evensong	Quire	sung by the Choristers	plainsong Responses
Monday, 18th March 2024	5.00pm	Evensong	Quire	sung by the Choristers	Martin Westminster Service
Monday, 18th March 2024	5.00pm	Evensong	Quire	sung by the Choristers	Vaughan Williams The Call
Tuesday, 19th March 2024	5.00pm	Evensong	Quire	sung by the Choir of Westminster Abbey	Byrd Prevent us, O Lord
Tuesday, 19th March 2024	5.00pm	Evensong	Quire	sung by the Choir of Westminster Abbey	Morley Responses
Tuesday, 19th March 2024	5.00pm	Evensong	Quire	sung by the Choir of Westminster Abbey	Tomkins First Service
Tuesday, 19th March 2024	5.00pm	Evensong	Quire	sung by the Choir of Westminster Abbey	Tallis In jejunio et fletu orabant sacerdotes
Thursday, 21st March 2024	5.00pm	Evensong	Quire	sung by the Choir of Westminster Abbey	Byrd Prevent us, O Lord
Thursday, 21st March 2024	5.00pm	Evensong	Quire	sung by the Choir of Westminster Abbey	Morley Responses
Thursday, 21st March 2024	5.00pm	Evensong	Quire	sung by the Choir of Westminster Abbey	Wise in E flat
Thursday, 21st March 2024	5.00pm	Evensong	Quire	sung by the Choir of Westminster Abbey	Holst A Hymne to Christ
Friday, 22nd March 2024	5.00pm	Evensong	Quire	sung by the Lay Vicars; attended by a representative of High Commissioner for Pakistan	plainsong Vexilla regis prodeunt
Friday, 22nd March 2024	5.00pm	Evensong	Quire	sung by the Lay Vicars; attended by a representative of High Commissioner for Pakistan	plainsong Responses
Friday, 22nd March 2024	5.00pm	Evensong	Quire	sung by the Lay Vicars; attended by a representative of High Commissioner for Pakistan	plainsong Magnificat quarti toni
Friday, 22nd March 2024	5.00pm	Evensong	Quire	sung by the Lay Vicars; attended by a representative of High Commissioner for Pakistan	plainsong Nunc dimittis tertii toni
Friday, 22nd March 2024	5.00pm	Evensong	Quire	sung by the Lay Vicars; attended by a representative of High Commissioner for Pakistan	Byrd Tristitia et anxietas occupaverunt interiora mea
Saturday, 23rd March 2024	5.00pm	Evensong	Quire	sung by the Choir of Westminster Abbey	Howells Salvator Mundi
Saturday, 23rd March 2024	5.00pm	Evensong	Quire	sung by the Choir of Westminster Abbey	Morley Responses
Saturday, 23rd March 2024	5.00pm	Evensong	Quire	sung by the Choir of Westminster Abbey	Watson in E
Saturday, 23rd March 2024	5.00pm	Evensong	Quire	sung by the Choir of Westminster Abbey	Poulenc Vinea mea electa
Saturday, 23rd March 2024	5.00pm	Evensong	Quire	sung by the Choir of Westminster Abbey	Howells Psalm Prelude Set 2 no 1
Sunday, 24th March 2024	10.30am	Sung Eucharist with the Blessing of Palms	Quire	sung by the Choir of Westminster Abbey	Malcolm Ingrediente Domino in sanctam civitatem
Sunday, 24th March 2024	10.30am	Sung Eucharist with the Blessing of Palms	Quire	sung by the Choir of Westminster Abbey	Byrd Mass for four voices
Sunday, 24th March 2024	10.30am	Sung Eucharist with the Blessing of Palms	Quire	sung by the Choir of Westminster Abbey	Lassus Passion according to Mark
Sunday, 24th March 2024	10.30am	Sung Eucharist with the Blessing of Palms	Quire	sung by the Choir of Westminster Abbey	Guerrero O Domine Jesu Christe
Sunday, 24th March 2024	10.30am	Sung Eucharist with the Blessing of Palms	Quire	sung by the Choir of Westminster Abbey	Bach Valet will ich dir geben
Sunday, 24th March 2024	3.00pm	Evensong	Quire	sung by the Choir of Westminster Abbey	Howells Salvator Mundi
Sunday, 24th March 2024	3.00pm	Evensong	Quire	sung by the Choir of Westminster Abbey	Morley Responses
Sunday, 24th March 2024	3.00pm	Evensong	Quire	sung by the Choir of Westminster Abbey	Victoria Magnificat primi toni
Sunday, 24th March 2024	3.00pm	Evensong	Quire	sung by the Choir of Westminster Abbey	Victoria Nunc dimittis tertii toni
Sunday, 24th March 2024	3.00pm	Evensong	Quire	sung by the Choir of Westminster Abbey	Byrd Tribulationes civitatum audivimus
Sunday, 24th March 2024	3.00pm	Evensong	Quire	sung by the Choir of Westminster Abbey	Bach Fantasia in C minor
Thursday, 28th March 2024	5.00pm	Sung Eucharist with the Washing of the Feet	Nave	sung by the Choir of Westminster Abbey	Byrd Mass for five voices
Thursday, 28th March 2024	5.00pm	Sung Eucharist with the Washing of the Feet	Nave	sung by the Choir of Westminster Abbey	Gibbons Drop, drop slow tears
Thursday, 28th March 2024	5.00pm	Sung Eucharist with the Washing of the Feet	Nave	sung by the Choir of Westminster Abbey	Duruflé Ubi caritas et amor
Thursday, 28th March 2024	5.00pm	Sung Eucharist with the Washing of the Feet	Nave	sung by the Choir of Westminster Abbey	Poulenc Vinea mea electa
Thursday, 28th March 2024	5.00pm	Sung Eucharist with the Washing of the Feet	Nave	sung by the Choir of Westminster Abbey	Séverac Tantum ergo sacramentum
Friday, 29th March 2024	3.00pm	Solemn Liturgy of the Passion and Death of Our Lord	Quire	sung by the Choir of Westminster Abbey	Victoria The Passion according to John
Friday, 29th March 2024	3.00pm	Solemn Liturgy of the Passion and Death of Our Lord	Quire	sung by the Choir of Westminster Abbey	Victoria The Reproaches
Friday, 29th March 2024	3.00pm	Solemn Liturgy of the Passion and Death of Our Lord	Quire	sung by the Choir of Westminster Abbey	Bruckner Christus factus est pro nobis
Saturday, 30th March 2024	8.00pm	Vigil and First Eucharist of Easter	Quire	sung by the Choir of Westminster Abbey	Dvorák Mass in D
Saturday, 30th March 2024	8.00pm	Vigil and First Eucharist of Easter	Quire	sung by the Choir of Westminster Abbey	Palestrina Sicut cervus desiderat ad fontes
Saturday, 30th March 2024	8.00pm	Vigil and First Eucharist of Easter	Quire	sung by the Choir of Westminster Abbey	Byrd Haec dies quam fecit Dominus
Saturday, 30th March 2024	8.00pm	Vigil and First Eucharist of Easter	Quire	sung by the Choir of Westminster Abbey	Dupré Allegro deciso (Evocation)
Sunday, 31st March 2024	10.30am	Sung Eucharist	Quire	sung by the Choir of Westminster Abbey with Kensington Brass	Vierne Messe solennelle
Sunday, 31st March 2024	10.30am	Sung Eucharist	Quire	sung by the Choir of Westminster Abbey with Kensington Brass	Scheidt Surrexit Christus hodie
Sunday, 31st March 2024	10.30am	Sung Eucharist	Quire	sung by the Choir of Westminster Abbey with Kensington Brass	Widor Surrexit ad mortuis
Sunday, 31st March 2024	10.30am	Sung Eucharist	Quire	sung by the Choir of Westminster Abbey with Kensington Brass	Rutter Variations on an Easter theme
Sunday, 31st March 2024	3.00pm	Evensong	Quire	sung by the Choir of Westminster Abbey	Handel Since by man came death
Sunday, 31st March 2024	3.00pm	Evensong	Quire	sung by the Choir of Westminster Abbey	Rose Responses
Sunday, 31st March 2024	3.00pm	Evensong	Quire	sung by the Choir of Westminster Abbey	Dyson in D
Sunday, 31st March 2024	3.00pm	Evensong	Quire	sung by the Choir of Westminster Abbey	Taverner Dum transisset sabbatum
Sunday, 31st March 2024	3.00pm	Evensong	Quire	sung by the Choir of Westminster Abbey	Tournemire Victimae paschali
Sunday, 31st March 2024	6.00pm	Sung Eucharist	St Margaret's Church	sung by the St Margaret's Choristers and Consort	Schubert Mass II in G
Sunday, 31st March 2024	6.00pm	Sung Eucharist	St Margaret's Church	sung by the St Margaret's Choristers and Consort	Vaughan Williams Rise heart
Monday, 1st April 2024	5.00pm	Evensong	Quire	sung by the Choir of Hatfield College Chapel, Durham	Rose Responses
Monday, 1st April 2024	5.00pm	Evensong	Quire	sung by the Choir of Hatfield College Chapel, Durham	Stanford in G
Monday, 1st April 2024	5.00pm	Evensong	Quire	sung by the Choir of Hatfield College Chapel, Durham	Hadley My beloved spake
Tuesday, 2nd April 2024	5.00pm	Evensong	Quire	sung by Stamford Endowed Schools Chapel Choir; attended by HE The High Commissioner for Bangladesh	Ayleward Responses
Tuesday, 2nd April 2024	5.00pm	Evensong	Quire	sung by Stamford Endowed Schools Chapel Choir; attended by HE The High Commissioner for Bangladesh	Noble in B minor
Tuesday, 2nd April 2024	5.00pm	Evensong	Quire	sung by Stamford Endowed Schools Chapel Choir; attended by HE The High Commissioner for Bangladesh	Wood O thou the central orb
Thursday, 4th April 2024	5.00pm	Evensong	Quire	sung by The Rodolfus Choir	Rose Responses
Thursday, 4th April 2024	5.00pm	Evensong	Quire	sung by The Rodolfus Choir	Howells Gloucester Service
Thursday, 4th April 2024	5.00pm	Evensong	Quire	sung by The Rodolfus Choir	Gardiner Evening Hymn
Friday, 5th April 2024	5.00pm	Evensong	Quire	sung by Ensemble Musikus, Germany	Byrd Responses
Friday, 5th April 2024	5.00pm	Evensong	Quire	sung by Ensemble Musikus, Germany	Howells Collegium Regale
Friday, 5th April 2024	5.00pm	Evensong	Quire	sung by Ensemble Musikus, Germany	Noyon arr Hancock Christ has conquered
Saturday, 6th April 2024	5.00pm	Evensong	Quire	sung by the Choir of Sidney Sussex College, Cambridge	Radcliffe Responses
Saturday, 6th April 2024	5.00pm	Evensong	Quire	sung by the Choir of Sidney Sussex College, Cambridge	Sumsion in A
Saturday, 6th April 2024	5.00pm	Evensong	Quire	sung by the Choir of Sidney Sussex College, Cambridge	Taverner Dum transisset sabbatum
Saturday, 6th April 2024	5.00pm	Evensong	Quire	sung by the Choir of Sidney Sussex College, Cambridge	Bach Prelude and Fugue in C
Sunday, 7th April 2024	11.15am	Sung Eucharist	Quire	sung by the Exultate Singers	Rheinberger Cantus Missae
Sunday, 7th April 2024	11.15am	Sung Eucharist	Quire	sung by the Exultate Singers	Lassus Surgens Jesus Dominus noster
Sunday, 7th April 2024	3.00pm	First Evensong of the Annunciation of Our Lord to the Blessed Virgin Mary	Quire	sung by the Exultate Singers	Leighton Responses
Sunday, 7th April 2024	3.00pm	First Evensong of the Annunciation of Our Lord to the Blessed Virgin Mary	Quire	sung by the Exultate Singers	Howells St Paul's Service
Sunday, 7th April 2024	3.00pm	First Evensong of the Annunciation of Our Lord to the Blessed Virgin Mary	Quire	sung by the Exultate Singers	Lassus Aurora lucis rutilat
Sunday, 7th April 2024	3.00pm	First Evensong of the Annunciation of Our Lord to the Blessed Virgin Mary	Quire	sung by the Exultate Singers	Buxtehude Praeludium in D
Monday, 8th April 2024	5.00pm	Sung Eucharist	Quire	sung by the Bristol University Madrigal Society	Tye Missa Euge bone
Monday, 8th April 2024	5.00pm	Sung Eucharist	Quire	sung by the Bristol University Madrigal Society	Biebl Ave Maria
Monday, 8th April 2024	5.00pm	Sung Eucharist	Quire	sung by the Bristol University Madrigal Society	Peeters Toccata on Ave Maris Stella
Tuesday, 9th April 2024	5.00pm	Evensong	Quire	sung by Hesperos	Leighton Responses
Tuesday, 9th April 2024	5.00pm	Evensong	Quire	sung by Hesperos	Watson in E
Tuesday, 9th April 2024	5.00pm	Evensong	Quire	sung by Hesperos	Stanford Ye choirs of new Jerusalem
Thursday, 11th April 2024	5.00pm	Evensong	Quire	sung by Brighton College Chamber Choir	Forbes L'Estrange Responses
Thursday, 11th April 2024	5.00pm	Evensong	Quire	sung by Brighton College Chamber Choir	Stanford in G
Thursday, 11th April 2024	5.00pm	Evensong	Quire	sung by Brighton College Chamber Choir	Britten Jubilate Deo
Friday, 12th April 2024	5.00pm	Evensong	Quire	sung by Brighton College Chamber Choir	Forbes L'Estrange Responses
Friday, 12th April 2024	5.00pm	Evensong	Quire	sung by Brighton College Chamber Choir	Forbes L'Estrange King's College Service
Friday, 12th April 2024	5.00pm	Evensong	Quire	sung by Brighton College Chamber Choir	Hadley My beloved spake
Saturday, 13th April 2024	5.00pm	Evensong	Quire	sung by Winchester College Chapel Choir	Clucas Responses
Saturday, 13th April 2024	5.00pm	Evensong	Quire	sung by Winchester College Chapel Choir	Sumsion in G
Saturday, 13th April 2024	5.00pm	Evensong	Quire	sung by Winchester College Chapel Choir	Gardiner Evening Hymn
Saturday, 13th April 2024	5.00pm	Evensong	Quire	sung by Winchester College Chapel Choir	Bach Prelude and Fugue in C
Sunday, 14th April 2024	11.15am	Sung Eucharist	Quire	sung by Winchester College Chapel Choir	Howells Collegium Regale
Sunday, 14th April 2024	11.15am	Sung Eucharist	Quire	sung by Winchester College Chapel Choir	Palestrina Sicut cervus desiderat ad fontes aquarum
Sunday, 14th April 2024	11.15am	Sung Eucharist	Quire	sung by Winchester College Chapel Choir	Langlais Incantation pour un jour saint
Sunday, 14th April 2024	3.00pm	Evensong	Quire	sung by Winchester College Chapel Choir	Clucas Responses
Sunday, 14th April 2024	3.00pm	Evensong	Quire	sung by Winchester College Chapel Choir	Howells Gloucester Service
Sunday, 14th April 2024	3.00pm	Evensong	Quire	sung by Winchester College Chapel Choir	Wesley Blessed be the God and Father
Sunday, 14th April 2024	3.00pm	Evensong	Quire	sung by Winchester College Chapel Choir	Howells Paean
Monday, 15th April 2024	5.00pm	Evensong	Quire	sung by the Lay Vicars	Praetorius Surrexit Christus Dominus
Monday, 15th April 2024	5.00pm	Evensong	Quire	sung by the Lay Vicars	Tallis Responses
Monday, 15th April 2024	5.00pm	Evensong	Quire	sung by the Lay Vicars	Anerio Magnificat octavi toni
Monday, 15th April 2024	5.00pm	Evensong	Quire	sung by the Lay Vicars	plainsong Nunc dimittis octavi toni
Monday, 15th April 2024	5.00pm	Evensong	Quire	sung by the Lay Vicars	Tallis Sermone blando angelus
Tuesday, 16th April 2024	5.00pm	Evensong	Quire	sung by the Lay Vicars	Praetorius Surrexit Christus Dominus
Tuesday, 16th April 2024	5.00pm	Evensong	Quire	sung by the Lay Vicars	Tallis Responses
Tuesday, 16th April 2024	5.00pm	Evensong	Quire	sung by the Lay Vicars	Soriano Magnificat primi toni
Tuesday, 16th April 2024	5.00pm	Evensong	Quire	sung by the Lay Vicars	plainsong Nunc dimittis primi toni
Tuesday, 16th April 2024	5.00pm	Evensong	Quire	sung by the Lay Vicars	Byrd Victimae paschali laudes
Thursday, 18th April 2024	5.00pm	Evensong	Quire	sung by the Lay Vicars	Praetorius Surrexit Christus Dominus
Thursday, 18th April 2024	5.00pm	Evensong	Quire	sung by the Lay Vicars	Tallis Responses
Thursday, 18th April 2024	5.00pm	Evensong	Quire	sung by the Lay Vicars	Kennedy Worcester Service
Thursday, 18th April 2024	5.00pm	Evensong	Quire	sung by the Lay Vicars	Locke Let God arise
Friday, 19th April 2024	5.00pm	Evensong	Quire	sung by the Lay Vicars	Praetorius Surrexit Christus Dominus
Friday, 19th April 2024	5.00pm	Evensong	Quire	sung by the Lay Vicars	Tallis Responses
Friday, 19th April 2024	5.00pm	Evensong	Quire	sung by the Lay Vicars	Sheppard First Service
Friday, 19th April 2024	5.00pm	Evensong	Quire	sung by the Lay Vicars	Byrd Pascha nostrum immolatus est Christus
Saturday, 20th April 2024	5.00pm	Evensong	Quire	sung by the Lay Vicars	Praetorius Surrexit Christus Dominus
Saturday, 20th April 2024	5.00pm	Evensong	Quire	sung by the Lay Vicars	Rose Responses
Saturday, 20th April 2024	5.00pm	Evensong	Quire	sung by the Lay Vicars	Palestrina Magnificat sexti toni
Saturday, 20th April 2024	5.00pm	Evensong	Quire	sung by the Lay Vicars	Reid Nunc dimittis tertii toni
Saturday, 20th April 2024	5.00pm	Evensong	Quire	sung by the Lay Vicars	Palestrina Surrexit Pastor bonus
Saturday, 20th April 2024	5.00pm	Evensong	Quire	sung by the Lay Vicars	Mendelssohn Allegro con brio (Sonata IV)
Sunday, 21st April 2024	10.00am	Matins	Quire	sung by the Lay Vicars	Rose Responses
Sunday, 21st April 2024	10.00am	Matins	Quire	sung by the Lay Vicars	Byrd Short Service
Sunday, 21st April 2024	10.00am	Matins	Quire	sung by the Lay Vicars	Buxtehude Praeludium in C
Sunday, 21st April 2024	11.15am	Sung Eucharist	Quire	sung by the Lay Vicars	Guerrero Missa Surge propera
Sunday, 21st April 2024	11.15am	Sung Eucharist	Quire	sung by the Lay Vicars	Victoria Surrexit Pastor bonus
Sunday, 21st April 2024	11.15am	Sung Eucharist	Quire	sung by the Lay Vicars	Bach Prelude and Fugue in G
Sunday, 21st April 2024	3.00pm	Evensong	Quire	sung by the Lay Vicars	Praetorius Surrexit Christus Dominus
Sunday, 21st April 2024	3.00pm	Evensong	Quire	sung by the Lay Vicars	Rose Responses
Sunday, 21st April 2024	3.00pm	Evensong	Quire	sung by the Lay Vicars	Victoria Magnificat sexti toni
Sunday, 21st April 2024	3.00pm	Evensong	Quire	sung by the Lay Vicars	plainsong Nunc dimittis tertii toni
Sunday, 21st April 2024	3.00pm	Evensong	Quire	sung by the Lay Vicars	Gabrieli Maria stabat ad monumentum foris
Sunday, 21st April 2024	3.00pm	Evensong	Quire	sung by the Lay Vicars	Buxtehude Toccata in F
Sunday, 21st April 2024	6.00pm	Sung Eucharist	St Margaret's Church	sung by the St Margaret's Choristers and Consort	Mozart Missa brevis in D
Sunday, 21st April 2024	6.00pm	Sung Eucharist	St Margaret's Church	sung by the St Margaret's Choristers and Consort	Hadley My beloved spake
Sunday, 21st April 2024	6.00pm	Sung Eucharist	St Margaret's Church	sung by the St Margaret's Choristers and Consort	Langlais Hymne d'action de grâces 'Te Deum'
Monday, 22nd April 2024	5.00pm	Evensong	Quire	sung by the Choristers	plainsong Ad coenam Agni providi
Monday, 22nd April 2024	5.00pm	Evensong	Quire	sung by the Choristers	plainsong Responses
Monday, 22nd April 2024	5.00pm	Evensong	Quire	sung by the Choristers	Malcolm Magnificat secundi toni
Monday, 22nd April 2024	5.00pm	Evensong	Quire	sung by the Choristers	plainsong Nunc dimittis secundi toni
Monday, 22nd April 2024	5.00pm	Evensong	Quire	sung by the Choristers	Boyle Thou wilt keep him in perfect peace
Tuesday, 23rd April 2024	5.00pm	Evensong with Installation of The Reverend Helena Bickley-Percival as Chaplain	Quire	sung by the Choir of Westminster Abbey	Byrd Terra tremuit et quievit
Tuesday, 23rd April 2024	5.00pm	Evensong with Installation of The Reverend Helena Bickley-Percival as Chaplain	Quire	sung by the Choir of Westminster Abbey	Rose Responses
Tuesday, 23rd April 2024	5.00pm	Evensong with Installation of The Reverend Helena Bickley-Percival as Chaplain	Quire	sung by the Choir of Westminster Abbey	Wood in E flat No 2
Tuesday, 23rd April 2024	5.00pm	Evensong with Installation of The Reverend Helena Bickley-Percival as Chaplain	Quire	sung by the Choir of Westminster Abbey	Vaughan Williams Rise heart; thy Lord is risen
Thursday, 25th April 2024	5.00pm	Evensong	Quire	sung by the Choir of Westminster Abbey	Victoria O quam gloriosum est regnum
Thursday, 25th April 2024	5.00pm	Evensong	Quire	sung by the Choir of Westminster Abbey	Rose Responses
Thursday, 25th April 2024	5.00pm	Evensong	Quire	sung by the Choir of Westminster Abbey	Tomkins Sixth Service
Thursday, 25th April 2024	5.00pm	Evensong	Quire	sung by the Choir of Westminster Abbey	Tomkins Almighty God, which hast instructed thy holy Church
Friday, 26th April 2024	5.00pm	Evensong	Quire	attended by HE The High Commissioner for Tanzania, sung by the Choir of Westminster Abbey	Byrd Terra tremuit et quievit
Friday, 26th April 2024	5.00pm	Evensong	Quire	attended by HE The High Commissioner for Tanzania, sung by the Choir of Westminster Abbey	Rose Responses
Friday, 26th April 2024	5.00pm	Evensong	Quire	attended by HE The High Commissioner for Tanzania, sung by the Choir of Westminster Abbey	Gibbons Short Service
Friday, 26th April 2024	5.00pm	Evensong	Quire	attended by HE The High Commissioner for Tanzania, sung by the Choir of Westminster Abbey	Byrd Haec dies quam fecit Dominus
Saturday, 27th April 2024	5.00pm	Evensong	Quire	marking the centenary of the burial of Charles Villiers Stanford (1852–1924), composer; sung by the Choir of Westminster Abbey	Rose Responses
Saturday, 27th April 2024	5.00pm	Evensong	Quire	marking the centenary of the burial of Charles Villiers Stanford (1852–1924), composer; sung by the Choir of Westminster Abbey	Stanford in C
Saturday, 27th April 2024	5.00pm	Evensong	Quire	marking the centenary of the burial of Charles Villiers Stanford (1852–1924), composer; sung by the Choir of Westminster Abbey	Stanford The Lord is my shepherd
Saturday, 27th April 2024	5.00pm	Evensong	Quire	marking the centenary of the burial of Charles Villiers Stanford (1852–1924), composer; sung by the Choir of Westminster Abbey	Stanford Ye choirs of new Jerusalem
Saturday, 27th April 2024	5.00pm	Evensong	Quire	marking the centenary of the burial of Charles Villiers Stanford (1852–1924), composer; sung by the Choir of Westminster Abbey	Stanford Hanover—Allegro molto e ritmico (Sonata Britannica)
Sunday, 28th April 2024	10.00am	Matins	Quire	sung by the Choir of Westminster Abbey	Rose Responses
Sunday, 28th April 2024	10.00am	Matins	Quire	sung by the Choir of Westminster Abbey	Ireland Te Deum in F
Sunday, 28th April 2024	10.00am	Matins	Quire	sung by the Choir of Westminster Abbey	Howells Saraband for the Morning of Easter
Sunday, 28th April 2024	11.15am	Sung Eucharist	Quire	sung by the Choir of Westminster Abbey	Rheinberger Mass in E flat
Sunday, 28th April 2024	11.15am	Sung Eucharist	Quire	sung by the Choir of Westminster Abbey	Byrd O sacrum convivium
Sunday, 28th April 2024	11.15am	Sung Eucharist	Quire	sung by the Choir of Westminster Abbey	Schmidt Prelude and Fugue in D
Sunday, 28th April 2024	3.00pm	Evensong	Quire	sung by the Choir of Westminster Abbey; attended by HE The High Commissioner for Zambia	Byrd Terra tremuit et quievit
Sunday, 28th April 2024	3.00pm	Evensong	Quire	sung by the Choir of Westminster Abbey; attended by HE The High Commissioner for Zambia	Rose Responses
Sunday, 28th April 2024	3.00pm	Evensong	Quire	sung by the Choir of Westminster Abbey; attended by HE The High Commissioner for Zambia	Marenzio Magnificat octavi toni
Sunday, 28th April 2024	3.00pm	Evensong	Quire	sung by the Choir of Westminster Abbey; attended by HE The High Commissioner for Zambia	Victoria Nunc dimittis tertii toni
Sunday, 28th April 2024	3.00pm	Evensong	Quire	sung by the Choir of Westminster Abbey; attended by HE The High Commissioner for Zambia	Byrd Christ rising again from the dead
Sunday, 28th April 2024	3.00pm	Evensong	Quire	sung by the Choir of Westminster Abbey; attended by HE The High Commissioner for Zambia	Byrd Fantasia in G
Sunday, 28th April 2024	6.00pm	Sung Eucharist	St Margaret's Church	sung by the St Margaret's Choristers	Rheinberger Missa puerorum
Sunday, 28th April 2024	6.00pm	Sung Eucharist	St Margaret's Church	sung by the St Margaret's Choristers	Lesemann-Elliot Regina caeli laetare
Sunday, 28th April 2024	6.00pm	Sung Eucharist	St Margaret's Church	sung by the St Margaret's Choristers	Bach Alla breve in D
Monday, 29th April 2024	5.00pm	Evensong	Quire	sung by the Lay Vicars	plainsong Ad coenam Agni providi
Monday, 29th April 2024	5.00pm	Evensong	Quire	sung by the Lay Vicars	plainsong Responses
Monday, 29th April 2024	5.00pm	Evensong	Quire	sung by the Lay Vicars	Batten Short Service
Monday, 29th April 2024	5.00pm	Evensong	Quire	sung by the Lay Vicars	Parsons Credo quod redemptor meus vivit
Tuesday, 30th April 2024	5.00pm	Evensong	Quire	sung by the Choir of Westminster Abbey; attended by HE The High Commissioner for Sierra Leone	Wood Haec dies quam fecit Dominus
Tuesday, 30th April 2024	5.00pm	Evensong	Quire	sung by the Choir of Westminster Abbey; attended by HE The High Commissioner for Sierra Leone	Radcliffe Responses
Tuesday, 30th April 2024	5.00pm	Evensong	Quire	sung by the Choir of Westminster Abbey; attended by HE The High Commissioner for Sierra Leone	Dyson in F
Tuesday, 30th April 2024	5.00pm	Evensong	Quire	sung by the Choir of Westminster Abbey; attended by HE The High Commissioner for Sierra Leone	Hadley My beloved spake
Thursday, 2nd May 2024	5.00pm	Evensong	Quire	sung by the Choir of Westminster Abbey; attended by a representative of the High Commissioner for South Africa	Wood Haec dies quam fecit Dominus
Thursday, 2nd May 2024	5.00pm	Evensong	Quire	sung by the Choir of Westminster Abbey; attended by a representative of the High Commissioner for South Africa	Radcliffe Responses
Thursday, 2nd May 2024	5.00pm	Evensong	Quire	sung by the Choir of Westminster Abbey; attended by a representative of the High Commissioner for South Africa	Weelkes Sixth Service
Thursday, 2nd May 2024	5.00pm	Evensong	Quire	sung by the Choir of Westminster Abbey; attended by a representative of the High Commissioner for South Africa	Gibbons If ye be risen again with Christ
Friday, 3rd May 2024	5.00pm	Evensong	Quire	sung by the Choir of Westminster Abbey; attended by the Acting High Commissioner for Togo	Wood Haec dies quam fecit Dominus
Friday, 3rd May 2024	5.00pm	Evensong	Quire	sung by the Choir of Westminster Abbey; attended by the Acting High Commissioner for Togo	Radcliffe Responses
Friday, 3rd May 2024	5.00pm	Evensong	Quire	sung by the Choir of Westminster Abbey; attended by the Acting High Commissioner for Togo	Palestrina Magnificat quarti toni
Friday, 3rd May 2024	5.00pm	Evensong	Quire	sung by the Choir of Westminster Abbey; attended by the Acting High Commissioner for Togo	plainsong Nunc dimittis tertii toni
Friday, 3rd May 2024	5.00pm	Evensong	Quire	sung by the Choir of Westminster Abbey; attended by the Acting High Commissioner for Togo	Philips Christus resurgens ex mortuis
Saturday, 4th May 2024	5.00pm	Evensong	Quire	sung by the Choir of Westminster Abbey	Wood Haec dies quam fecit Dominus
Saturday, 4th May 2024	5.00pm	Evensong	Quire	sung by the Choir of Westminster Abbey	Radcliffe Responses
Saturday, 4th May 2024	5.00pm	Evensong	Quire	sung by the Choir of Westminster Abbey	Wesley in E
Saturday, 4th May 2024	5.00pm	Evensong	Quire	sung by the Choir of Westminster Abbey	Wesley Blessed be the God and Father
Saturday, 4th May 2024	5.00pm	Evensong	Quire	sung by the Choir of Westminster Abbey	Wesley Choral Song and Fugue
Sunday, 5th May 2024	10.00am	Matins	Quire	sung by the Choir of Westminster Abbey	Radcliffe Responses
Sunday, 5th May 2024	10.00am	Matins	Quire	sung by the Choir of Westminster Abbey	Stanford in B flat
Sunday, 5th May 2024	10.00am	Matins	Quire	sung by the Choir of Westminster Abbey	Whitlock Fanfare
Sunday, 5th May 2024	11.15am	Sung Eucharist	Quire	sung by the Choir of Westminster Abbey	Kodály Missa brevis
Sunday, 5th May 2024	11.15am	Sung Eucharist	Quire	sung by the Choir of Westminster Abbey	Messiaen O sacrum convivium
Sunday, 5th May 2024	11.15am	Sung Eucharist	Quire	sung by the Choir of Westminster Abbey	Vierne Allegro maestoso (Symphonie III)
Sunday, 5th May 2024	3.00pm	Evensong	Quire	sung by the Choir of Westminster Abbey	Wood Haec dies quam fecit Dominus
Sunday, 5th May 2024	3.00pm	Evensong	Quire	sung by the Choir of Westminster Abbey	Radcliffe Responses
Sunday, 5th May 2024	3.00pm	Evensong	Quire	sung by the Choir of Westminster Abbey	Howells in G
Sunday, 5th May 2024	3.00pm	Evensong	Quire	sung by the Choir of Westminster Abbey	Purcell My beloved spake
Sunday, 5th May 2024	3.00pm	Evensong	Quire	sung by the Choir of Westminster Abbey	Howells Rhapsody III
Monday, 6th May 2024	5.00pm	Evensong	Quire	sung by the Choristers	plainsong Ad coenam Agni providi
Monday, 6th May 2024	5.00pm	Evensong	Quire	sung by the Choristers	plainsong Responses
Monday, 6th May 2024	5.00pm	Evensong	Quire	sung by the Choristers	Moore Second Service
Monday, 6th May 2024	5.00pm	Evensong	Quire	sung by the Choristers	Couperin Christo resurgenti
Tuesday, 7th May 2024	5.00pm	Evensong	Quire	sung by the Choir of Westminster Abbey	Wood Haec dies quam fecit Dominus
Tuesday, 7th May 2024	5.00pm	Evensong	Quire	sung by the Choir of Westminster Abbey	Smith Responses
Tuesday, 7th May 2024	5.00pm	Evensong	Quire	sung by the Choir of Westminster Abbey	Blow in F
Tuesday, 7th May 2024	5.00pm	Evensong	Quire	sung by the Choir of Westminster Abbey	Bassano Dic nobis Maria
Wednesday, 8th May 2024	5.00pm	First Evensong of Ascension Day	Quire	sung by the St Margaret's Choristers and Consort	Marenzio O Rex gloriae
Wednesday, 8th May 2024	5.00pm	First Evensong of Ascension Day	Quire	sung by the St Margaret's Choristers and Consort	Smith Responses
Wednesday, 8th May 2024	5.00pm	First Evensong of Ascension Day	Quire	sung by the St Margaret's Choristers and Consort	Stanford in C
Wednesday, 8th May 2024	5.00pm	First Evensong of Ascension Day	Quire	sung by the St Margaret's Choristers and Consort	Haydn Achieved is the glorious work
Thursday, 9th May 2024	5.00pm	Sung Eucharist	Quire	sung by the Choir of Westminster Abbey	Mozart Missa brevis in F
Thursday, 9th May 2024	5.00pm	Sung Eucharist	Quire	sung by the Choir of Westminster Abbey	Stanford Coelos ascendit hodie
Thursday, 9th May 2024	5.00pm	Sung Eucharist	Quire	sung by the Choir of Westminster Abbey	Messiaen Transports de joie d'une âme devant la gloire du Christ qui est la sienne
Friday, 10th May 2024	5.00pm	Evensong	Quire	sung by the Choir of Westminster Abbey	Mendelssohn Am Himmelsfahrtstage
Friday, 10th May 2024	5.00pm	Evensong	Quire	sung by the Choir of Westminster Abbey	Smith Responses
Friday, 10th May 2024	5.00pm	Evensong	Quire	sung by the Choir of Westminster Abbey	Victoria Magnificat octavi toni
Friday, 10th May 2024	5.00pm	Evensong	Quire	sung by the Choir of Westminster Abbey	Chesnokov Nunc dimittis
Friday, 10th May 2024	5.00pm	Evensong	Quire	sung by the Choir of Westminster Abbey	Marenzio O Rex gloriae
Saturday, 11th May 2024	5.00pm	Evensong	Quire	part of the Chorister Experience Day; sung by the Choir of Westminster Abbey	Vaughan Williams The Call
Saturday, 11th May 2024	5.00pm	Evensong	Quire	part of the Chorister Experience Day; sung by the Choir of Westminster Abbey	Smith Responses
Saturday, 11th May 2024	5.00pm	Evensong	Quire	part of the Chorister Experience Day; sung by the Choir of Westminster Abbey	Blair in B minor
Saturday, 11th May 2024	5.00pm	Evensong	Quire	part of the Chorister Experience Day; sung by the Choir of Westminster Abbey	Gowers Viri Galilaei
Saturday, 11th May 2024	5.00pm	Evensong	Quire	part of the Chorister Experience Day; sung by the Choir of Westminster Abbey	Harris Flourish for an Occasion
Sunday, 12th May 2024	10.00am	Matins	Quire	sung by the Choir of Westminster Abbey	Smith Responses
Sunday, 12th May 2024	10.00am	Matins	Quire	sung by the Choir of Westminster Abbey	Gibbons Te Deum (Short Service)
Sunday, 12th May 2024	10.00am	Matins	Quire	sung by the Choir of Westminster Abbey	Gibbons Fantasia in A minor for double organ
Sunday, 12th May 2024	11.15am	Sung Eucharist	Quire	sung by the Choir of Westminster Abbey	Taverner Western Wind Mass
Sunday, 12th May 2024	11.15am	Sung Eucharist	Quire	sung by the Choir of Westminster Abbey	Marenzio O Rex gloriae
Sunday, 12th May 2024	11.15am	Sung Eucharist	Quire	sung by the Choir of Westminster Abbey	Marchand Grand jeu (3ème livre d'orgue)
Sunday, 12th May 2024	3.00pm	Evensong	Quire	sung by the Choir of Westminster Abbey	Mendelssohn Am Himmelfahrtstage
Sunday, 12th May 2024	3.00pm	Evensong	Quire	sung by the Choir of Westminster Abbey	Smith Responses
Sunday, 12th May 2024	3.00pm	Evensong	Quire	sung by the Choir of Westminster Abbey	Murrill in A
Sunday, 12th May 2024	3.00pm	Evensong	Quire	sung by the Choir of Westminster Abbey	Finzi God is gone up
Sunday, 12th May 2024	3.00pm	Evensong	Quire	sung by the Choir of Westminster Abbey	Langlais Fête
Sunday, 12th May 2024	6.00pm	Sung Eucharist	St Margaret's Church	sung by the St Margaret's Choristers and Consort	Haydn Missa brevis Sancti Joannes de Deo
Sunday, 12th May 2024	6.00pm	Sung Eucharist	St Margaret's Church	sung by the St Margaret's Choristers and Consort	Haydn Achieved is the glorious work
Sunday, 12th May 2024	6.00pm	Sung Eucharist	St Margaret's Church	sung by the St Margaret's Choristers and Consort	Langlais Hymne d'action de grâces 'Te Deum'
Monday, 13th May 2024	5.00pm	Evensong	Quire	sung by the Lay Vicars	Byrd Viri Galilaei
Monday, 13th May 2024	5.00pm	Evensong	Quire	sung by the Lay Vicars	plainsong Responses
Monday, 13th May 2024	5.00pm	Evensong	Quire	sung by the Lay Vicars	Tallis Short Service
Monday, 13th May 2024	5.00pm	Evensong	Quire	sung by the Lay Vicars	Tomkins Thou art my king, O God
Tuesday, 14th May 2024	5.00pm	Evensong	Quire	sung by the Choir of Westminster Abbey	Byrd Psallite Domino
Tuesday, 14th May 2024	5.00pm	Evensong	Quire	sung by the Choir of Westminster Abbey	Leighton Responses
Tuesday, 14th May 2024	5.00pm	Evensong	Quire	sung by the Choir of Westminster Abbey	Byrd Second Service
Tuesday, 14th May 2024	5.00pm	Evensong	Quire	sung by the Choir of Westminster Abbey	Gibbons O God, the King of glory
Thursday, 16th May 2024	5.00pm	Evensong	Quire	sung by the Choir of Westminster Abbey	Byrd Psallite Domino
Thursday, 16th May 2024	5.00pm	Evensong	Quire	sung by the Choir of Westminster Abbey	Leighton Responses
Thursday, 16th May 2024	5.00pm	Evensong	Quire	sung by the Choir of Westminster Abbey	Purcell in B flat
Thursday, 16th May 2024	5.00pm	Evensong	Quire	sung by the Choir of Westminster Abbey	Haydn Achieved is the glorious work
Friday, 17th May 2024	5.00pm	Evensong	Quire	sung by the Choir of Westminster Abbey	Byrd Psallite Domino
Friday, 17th May 2024	5.00pm	Evensong	Quire	sung by the Choir of Westminster Abbey	Leighton Responses
Friday, 17th May 2024	5.00pm	Evensong	Quire	sung by the Choir of Westminster Abbey	Hooper Short Service
Friday, 17th May 2024	5.00pm	Evensong	Quire	sung by the Choir of Westminster Abbey	Philips Ascendit Deus in jubilatione
Saturday, 18th May 2024	5.00pm	First Evensong of the Day of Pentecost	Quire	sung by the Choir of Westminster Abbey	Tallis O Lord, give thy Holy Spirit
Saturday, 18th May 2024	5.00pm	First Evensong of the Day of Pentecost	Quire	sung by the Choir of Westminster Abbey	Leighton Responses
Saturday, 18th May 2024	5.00pm	First Evensong of the Day of Pentecost	Quire	sung by the Choir of Westminster Abbey	Leighton Collegium Magdalenae Oxoniense
Saturday, 18th May 2024	5.00pm	First Evensong of the Day of Pentecost	Quire	sung by the Choir of Westminster Abbey	Palestrina Dum complerentur dies Pentecostes
Saturday, 18th May 2024	5.00pm	First Evensong of the Day of Pentecost	Quire	sung by the Choir of Westminster Abbey	Howells Rhapsody II
Sunday, 19th May 2024	10.30am	Sung Eucharist	Quire	sung by the Choir of Westminster Abbey; attended by The King's Scholars of Westminster School	Palestrina Missa Dum complerentur
Sunday, 19th May 2024	10.30am	Sung Eucharist	Quire	sung by the Choir of Westminster Abbey; attended by The King's Scholars of Westminster School	Palestrina Dum complerentur
Sunday, 19th May 2024	10.30am	Sung Eucharist	Quire	sung by the Choir of Westminster Abbey; attended by The King's Scholars of Westminster School	Bach Komm, heiliger Geist
Sunday, 19th May 2024	3.00pm	Evensong	Quire	sung by the Choir of Westminster Abbey	Tallis O Lord, give thy Holy Spirit
Sunday, 19th May 2024	3.00pm	Evensong	Quire	sung by the Choir of Westminster Abbey	Leighton Responses
Sunday, 19th May 2024	3.00pm	Evensong	Quire	sung by the Choir of Westminster Abbey	Howells Dallas Service
Sunday, 19th May 2024	3.00pm	Evensong	Quire	sung by the Choir of Westminster Abbey	Tallis Loquebantur variis linguis
Sunday, 19th May 2024	3.00pm	Evensong	Quire	sung by the Choir of Westminster Abbey	Litaize Toccata sur le Veni Creator
Sunday, 19th May 2024	6.00pm	Sung Eucharist	St Margaret's Church	sung by the St Margaret's Choristers and Consort	Darke in F
Sunday, 19th May 2024	6.00pm	Sung Eucharist	St Margaret's Church	sung by the St Margaret's Choristers and Consort	Elgar The Spirit of the Lord
Sunday, 19th May 2024	6.00pm	Sung Eucharist	St Margaret's Church	sung by the St Margaret's Choristers and Consort	Duruflé Choral varié sur le Veni Creator
Monday, 20th May 2024	5.00pm	Evensong	Quire	sung by the Choristers	Hurford Litany to the Holy Spirit
Monday, 20th May 2024	5.00pm	Evensong	Quire	sung by the Choristers	plainsong Responses
Monday, 20th May 2024	5.00pm	Evensong	Quire	sung by the Choristers	Frances-Hoad Magnificat (Merton Service)
Monday, 20th May 2024	5.00pm	Evensong	Quire	sung by the Choristers	plainsong Nunc dimittis tone ii
Monday, 20th May 2024	5.00pm	Evensong	Quire	sung by the Choristers	Duruflé Choral varié sur le Veni Creator
Tuesday, 21st May 2024	5.00pm	Evensong	Quire	sung by the Choir of Westminster Abbey	Tallis O Lord, give thy Holy Spirit
Tuesday, 21st May 2024	5.00pm	Evensong	Quire	sung by the Choir of Westminster Abbey	Clucas Responses
Tuesday, 21st May 2024	5.00pm	Evensong	Quire	sung by the Choir of Westminster Abbey	Noble in B minor
Tuesday, 21st May 2024	5.00pm	Evensong	Quire	sung by the Choir of Westminster Abbey	Elgar The spirit of the Lord
Thursday, 23rd May 2024	5.00pm	Evensong	Quire	sung by the Choir of Westminster Abbey	Tallis O Lord, give thy Holy Spirit
Thursday, 23rd May 2024	5.00pm	Evensong	Quire	sung by the Choir of Westminster Abbey	Clucas Responses
Thursday, 23rd May 2024	5.00pm	Evensong	Quire	sung by the Choir of Westminster Abbey	Farrant in A minor
Thursday, 23rd May 2024	5.00pm	Evensong	Quire	sung by the Choir of Westminster Abbey	Tomkins God, who as at this time
Saturday, 25th May 2024	5.00pm	First Evensong of Trinity Sunday	Quire	sung by the Lay Vicars	Lassus Tibi laus
Saturday, 25th May 2024	5.00pm	First Evensong of Trinity Sunday	Quire	sung by the Lay Vicars	Tallis Responses
Saturday, 25th May 2024	5.00pm	First Evensong of Trinity Sunday	Quire	sung by the Lay Vicars	Howells in E
Saturday, 25th May 2024	5.00pm	First Evensong of Trinity Sunday	Quire	sung by the Lay Vicars	Tallis Honor virtus et potestas et imperium
Saturday, 25th May 2024	5.00pm	First Evensong of Trinity Sunday	Quire	sung by the Lay Vicars	Tomkins Gloria tibi Trinitas
Sunday, 26th May 2024	10.00am	Matins	Quire	sung by the Lay Vicars	Tallis Responses
Sunday, 26th May 2024	10.00am	Matins	Quire	sung by the Lay Vicars	Tallis Te Deum 'for meanes'
Sunday, 26th May 2024	10.00am	Matins	Quire	sung by the Lay Vicars	Moore Jubilate
Sunday, 26th May 2024	10.00am	Matins	Quire	sung by the Lay Vicars	Gibbons Fantasia in A minor for double organ
Sunday, 26th May 2024	11.15am	Sung Eucharist	Quire	sung by the Lay Vicars	Taverner Mean Mass
Sunday, 26th May 2024	11.15am	Sung Eucharist	Quire	sung by the Lay Vicars	Sheppard Libera nos
Sunday, 26th May 2024	11.15am	Sung Eucharist	Quire	sung by the Lay Vicars	Bach Fugue in E flat
Sunday, 26th May 2024	3.00pm	Evensong	Quire	sung by the Lay Vicars	Lassus Tibi laus
Sunday, 26th May 2024	3.00pm	Evensong	Quire	sung by the Lay Vicars	Tallis Responses
Sunday, 26th May 2024	3.00pm	Evensong	Quire	sung by the Lay Vicars	Palestrina Magnificat quarti toni
Sunday, 26th May 2024	3.00pm	Evensong	Quire	sung by the Lay Vicars	Quinney Nunc dimittis tertii toni
Sunday, 26th May 2024	3.00pm	Evensong	Quire	sung by the Lay Vicars	Byrd O lux beata Trinitas
Sunday, 26th May 2024	3.00pm	Evensong	Quire	sung by the Lay Vicars	Pott Laudes
Monday, 27th May 2024	5.00pm	Evensong	Quire	sung by the Lay Vicars	Muhly Oculi omnium in te sperant
Monday, 27th May 2024	5.00pm	Evensong	Quire	sung by the Lay Vicars	plainsong Responses
Monday, 27th May 2024	5.00pm	Evensong	Quire	sung by the Lay Vicars	Sumsion in G
Monday, 27th May 2024	5.00pm	Evensong	Quire	sung by the Lay Vicars	Elgar Seek him that maketh the seven stars
Tuesday, 28th May 2024	5.00pm	Evensong	Quire	sung by the Lay Vicars	Muhly Oculi omnium in te sperant
Tuesday, 28th May 2024	5.00pm	Evensong	Quire	sung by the Lay Vicars	plainsong Responses
Tuesday, 28th May 2024	5.00pm	Evensong	Quire	sung by the Lay Vicars	Mundy in three parts
Tuesday, 28th May 2024	5.00pm	Evensong	Quire	sung by the Lay Vicars	Taverner In pace in idipsum dormiam et requiescam
Thursday, 30th May 2024	5.00pm	Sung Eucharist	Quire	sung by the Lay Vicars	Palestrina Missa Lauda Sion
Thursday, 30th May 2024	5.00pm	Sung Eucharist	Quire	sung by the Lay Vicars	Guerrero Caro mea vere est cibus
Thursday, 30th May 2024	5.00pm	Sung Eucharist	Quire	sung by the Lay Vicars	Bairstow Toccata-Prelude on 'Pange lingua gloriosi'
Friday, 31st May 2024	5.00pm	Evensong	Quire	sung by the Lay Vicars	Muhly Oculi omnium in te sperant
Friday, 31st May 2024	5.00pm	Evensong	Quire	sung by the Lay Vicars	plainsong Responses
Friday, 31st May 2024	5.00pm	Evensong	Quire	sung by the Lay Vicars	Moore First Service
Friday, 31st May 2024	5.00pm	Evensong	Quire	sung by the Lay Vicars	Verdelot Beata es virgo Maria
Saturday, 1st June 2024	5.00pm	Evensong	Quire	sung by the Lay Vicars	Muhly Oculi omnium in te sperant
Saturday, 1st June 2024	5.00pm	Evensong	Quire	sung by the Lay Vicars	Moore Responses
Saturday, 1st June 2024	5.00pm	Evensong	Quire	sung by the Lay Vicars	Ives Magdalen College Service
Saturday, 1st June 2024	5.00pm	Evensong	Quire	sung by the Lay Vicars	Walker Lord, thou hast been our refuge
Saturday, 1st June 2024	5.00pm	Evensong	Quire	sung by the Lay Vicars	Duruflé Scherzo
Sunday, 2nd June 2024	10.00am	Matins	Quire	sung by the Choir of Westminster Abbey	Clucas Responses
Sunday, 2nd June 2024	10.00am	Matins	Quire	sung by the Choir of Westminster Abbey	Britten in C
Sunday, 2nd June 2024	10.00am	Matins	Quire	sung by the Choir of Westminster Abbey	Whitlock Paean
Sunday, 2nd June 2024	11.15am	Sung Eucharist	Quire	sung by the Choir of Westminster Abbey	Schubert Mass II in G
Sunday, 2nd June 2024	11.15am	Sung Eucharist	Quire	sung by the Choir of Westminster Abbey	Grieg Ave Maris Stella
Sunday, 2nd June 2024	11.15am	Sung Eucharist	Quire	sung by the Choir of Westminster Abbey	Elgar Allegro maestoso (Organ Sonata in G)
Sunday, 2nd June 2024	3.00pm	Evensong	Quire	sung by the Choir of Westminster Abbey	Tye O come, ye servants of the Lord
Sunday, 2nd June 2024	3.00pm	Evensong	Quire	sung by the Choir of Westminster Abbey	Clucas Responses
Sunday, 2nd June 2024	3.00pm	Evensong	Quire	sung by the Choir of Westminster Abbey	Dyson in D
Sunday, 2nd June 2024	3.00pm	Evensong	Quire	sung by the Choir of Westminster Abbey	Bairstow Blessed city, heavenly Salem
Sunday, 2nd June 2024	3.00pm	Evensong	Quire	sung by the Choir of Westminster Abbey	Elgar Presto (Organ Sonata in G)
Monday, 3rd June 2024	5.00pm	Evensong	Quire	sung by the Lay Vicars; attended by representatives of the United Kingdom Overseas Territories Association	plainsong O lux beata Trinitas
Monday, 3rd June 2024	5.00pm	Evensong	Quire	sung by the Lay Vicars; attended by representatives of the United Kingdom Overseas Territories Association	Tallis Responses
Monday, 3rd June 2024	5.00pm	Evensong	Quire	sung by the Lay Vicars; attended by representatives of the United Kingdom Overseas Territories Association	Guerrero Magnificat primi toni
Monday, 3rd June 2024	5.00pm	Evensong	Quire	sung by the Lay Vicars; attended by representatives of the United Kingdom Overseas Territories Association	Quinney Nunc dimittis tertii toni
Monday, 3rd June 2024	5.00pm	Evensong	Quire	sung by the Lay Vicars; attended by representatives of the United Kingdom Overseas Territories Association	Tallis Laudate Dominum omnes gentes
Tuesday, 4th June 2024	5.00pm	Evensong	Quire	sung by the Choir of Westminster Abbey	Clucas Keep me as the apple of the eye
Tuesday, 4th June 2024	5.00pm	Evensong	Quire	sung by the Choir of Westminster Abbey	Ayleward Responses
Tuesday, 4th June 2024	5.00pm	Evensong	Quire	sung by the Choir of Westminster Abbey	Ireland in F
Tuesday, 4th June 2024	5.00pm	Evensong	Quire	sung by the Choir of Westminster Abbey	Howells Like as the hart desireth the water-brooks
Wednesday, 5th June 2024	5.00pm	Evensong	Quire	sung by the St Margaret's Choristers and Consort; attended by His Holiness Baselios Marthoma Mathews III, Catholicos of the East and Malankara Metropolitan	Thalben-Ball I would find thee
Wednesday, 5th June 2024	5.00pm	Evensong	Quire	sung by the St Margaret's Choristers and Consort; attended by His Holiness Baselios Marthoma Mathews III, Catholicos of the East and Malankara Metropolitan	Smith Responses
Wednesday, 5th June 2024	5.00pm	Evensong	Quire	sung by the St Margaret's Choristers and Consort; attended by His Holiness Baselios Marthoma Mathews III, Catholicos of the East and Malankara Metropolitan	Brewer in D
Wednesday, 5th June 2024	5.00pm	Evensong	Quire	sung by the St Margaret's Choristers and Consort; attended by His Holiness Baselios Marthoma Mathews III, Catholicos of the East and Malankara Metropolitan	Rheinberger Abendlied
Thursday, 6th June 2024	5.00pm	Evensong	Quire	sung by the Choir of Westminster Abbey	Clucas Keep me as the apple of an eye
Thursday, 6th June 2024	5.00pm	Evensong	Quire	sung by the Choir of Westminster Abbey	Ayleward Responses
Thursday, 6th June 2024	5.00pm	Evensong	Quire	sung by the Choir of Westminster Abbey	Batten Fourth Service
Thursday, 6th June 2024	5.00pm	Evensong	Quire	sung by the Choir of Westminster Abbey	Sheppard Libera nos
Friday, 7th June 2024	5.00pm	Evensong	Quire	sung by the Choir of Westminster Abbey	Clucas Keep me as the apple of an eye
Friday, 7th June 2024	5.00pm	Evensong	Quire	sung by the Choir of Westminster Abbey	Ayleward Responses
Friday, 7th June 2024	5.00pm	Evensong	Quire	sung by the Choir of Westminster Abbey	Jackson Truro Service
Friday, 7th June 2024	5.00pm	Evensong	Quire	sung by the Choir of Westminster Abbey	Parsons Ave Maria
Saturday, 8th June 2024	5.00pm	Evensong	Quire	sung by the Choir of Westminster Abbey	Clucas Keep me as the apple of an eye
Saturday, 8th June 2024	5.00pm	Evensong	Quire	sung by the Choir of Westminster Abbey	Ayleward Responses
Saturday, 8th June 2024	5.00pm	Evensong	Quire	sung by the Choir of Westminster Abbey	Leighton Second Service
Saturday, 8th June 2024	5.00pm	Evensong	Quire	sung by the Choir of Westminster Abbey	Haydn The heavens are telling the glory of God
Saturday, 8th June 2024	5.00pm	Evensong	Quire	sung by the Choir of Westminster Abbey	Cox Creation Dance
Sunday, 9th June 2024	10.00am	Matins	Quire	sung by the Choir of Westminster Abbey	Ayleward Responses
Sunday, 9th June 2024	10.00am	Matins	Quire	sung by the Choir of Westminster Abbey	Ireland Te Deum in F
Sunday, 9th June 2024	10.00am	Matins	Quire	sung by the Choir of Westminster Abbey	Whitlock Hymn-Prelude on 'Deo gracias'
Sunday, 9th June 2024	11.15am	Sung Eucharist	Quire	sung by the Choir of Westminster Abbey	Tallis Missa Salve intemerata
Sunday, 9th June 2024	11.15am	Sung Eucharist	Quire	sung by the Choir of Westminster Abbey	Parsons Ave Maria
Sunday, 9th June 2024	11.15am	Sung Eucharist	Quire	sung by the Choir of Westminster Abbey	Buxtehude Praeludium in E
Sunday, 9th June 2024	3.00pm	Evensong	Quire	sung by the Choir of Westminster Abbey	Clucas Keep me as the apple of an eye
Sunday, 9th June 2024	3.00pm	Evensong	Quire	sung by the Choir of Westminster Abbey	Ayleward Responses
Sunday, 9th June 2024	3.00pm	Evensong	Quire	sung by the Choir of Westminster Abbey	Watson in E
Sunday, 9th June 2024	3.00pm	Evensong	Quire	sung by the Choir of Westminster Abbey	Bruckner Os justi meditabitur sapientiam
Sunday, 9th June 2024	3.00pm	Evensong	Quire	sung by the Choir of Westminster Abbey	Howells Rhapsody I
Sunday, 9th June 2024	6.00pm	Sung Eucharist	St Margaret's Church	sung by the St Margaret's Choristers and Consort	Ireland in C
Sunday, 9th June 2024	6.00pm	Sung Eucharist	St Margaret's Church	sung by the St Margaret's Choristers and Consort	Parry My soul, there is a country
Sunday, 9th June 2024	6.00pm	Sung Eucharist	St Margaret's Church	sung by the St Margaret's Choristers and Consort	Parry Fantasia in G
Tuesday, 11th June 2024	5.00pm	Evensong	Quire	sung by the Choir of Westminster Abbey	Howells I will lift up mine eyes
Tuesday, 11th June 2024	5.00pm	Evensong	Quire	sung by the Choir of Westminster Abbey	Martin Responses
Tuesday, 11th June 2024	5.00pm	Evensong	Quire	sung by the Choir of Westminster Abbey	D Purcell in E minor
Tuesday, 11th June 2024	5.00pm	Evensong	Quire	sung by the Choir of Westminster Abbey	H Purcell Thy word is a lantern
Thursday, 13th June 2024	5.00pm	Evensong	Quire	sung by the Choir of Westminster Abbey	Howells I will lift up mine eyes
Thursday, 13th June 2024	5.00pm	Evensong	Quire	sung by the Choir of Westminster Abbey	Martin Responses
Thursday, 13th June 2024	5.00pm	Evensong	Quire	sung by the Choir of Westminster Abbey	Gibbons Short Service
Thursday, 13th June 2024	5.00pm	Evensong	Quire	sung by the Choir of Westminster Abbey	Haydn Awake the harp
Friday, 14th June 2024	5.00pm	Evensong	Quire	sung by the Choir of Westminster Abbey	Howells I will lift up mine eyes
Friday, 14th June 2024	5.00pm	Evensong	Quire	sung by the Choir of Westminster Abbey	Martin Responses
Friday, 14th June 2024	5.00pm	Evensong	Quire	sung by the Choir of Westminster Abbey	Victoria Magnificat primi toni
Friday, 14th June 2024	5.00pm	Evensong	Quire	sung by the Choir of Westminster Abbey	Victoria Nunc dimittis tertii toni
Friday, 14th June 2024	5.00pm	Evensong	Quire	sung by the Choir of Westminster Abbey	Byrd Prevent us, O Lord
Saturday, 15th June 2024	5.00pm	Evensong	Quire	sung by the Choir of Westminster Abbey	Howells I will lift up mine eyes
Saturday, 15th June 2024	5.00pm	Evensong	Quire	sung by the Choir of Westminster Abbey	Martin Responses
Saturday, 15th June 2024	5.00pm	Evensong	Quire	sung by the Choir of Westminster Abbey	Howells Gloucester Service
Saturday, 15th June 2024	5.00pm	Evensong	Quire	sung by the Choir of Westminster Abbey	Vaughan Williams Antiphon
Saturday, 15th June 2024	5.00pm	Evensong	Quire	sung by the Choir of Westminster Abbey	Elgar arr Lemare Sursum Corda
Sunday, 16th June 2024	10.00am	Matins	Quire	sung by the Choir of Westminster Abbey	Martin Responses
Sunday, 16th June 2024	10.00am	Matins	Quire	sung by the Choir of Westminster Abbey	Vaughan Williams Te Deum in G
Sunday, 16th June 2024	10.00am	Matins	Quire	sung by the Choir of Westminster Abbey	Vaughan Williams Prelude and Fugue in C minor
Sunday, 16th June 2024	11.15am	Sung Eucharist	Quire	sung by the Choir of Westminster Abbey	Josquin Missa Pange lingua
Sunday, 16th June 2024	11.15am	Sung Eucharist	Quire	sung by the Choir of Westminster Abbey	Tallis O salutaris hostia
Sunday, 16th June 2024	11.15am	Sung Eucharist	Quire	sung by the Choir of Westminster Abbey	Bach Prelude and Fugue in G
Sunday, 16th June 2024	3.00pm	Evensong	Quire	sung by the Choir of Westminster Abbey	Howells I will lift up mine eyes
Sunday, 16th June 2024	3.00pm	Evensong	Quire	sung by the Choir of Westminster Abbey	Martin Responses
Sunday, 16th June 2024	3.00pm	Evensong	Quire	sung by the Choir of Westminster Abbey	Gibbons Second Service
Sunday, 16th June 2024	3.00pm	Evensong	Quire	sung by the Choir of Westminster Abbey	Purcell Rejoice in the Lord alway
Sunday, 16th June 2024	3.00pm	Evensong	Quire	sung by the Choir of Westminster Abbey	Bach Ricercar a 6
Sunday, 16th June 2024	6.00pm	Sung Eucharist	St Margaret's Church	sung by the St Margaret's Choristers	Chaminade Messe pour deux voix égales
Sunday, 16th June 2024	6.00pm	Sung Eucharist	St Margaret's Church	sung by the St Margaret's Choristers	Hurford Litany to the Holy Spirit
Sunday, 16th June 2024	6.00pm	Sung Eucharist	St Margaret's Church	sung by the St Margaret's Choristers	Bach Fugue in G minor
Monday, 17th June 2024	5.00pm	Evensong	Quire	sung by the Lay Vicars	plainsong O lux beata Trinitas
Monday, 17th June 2024	5.00pm	Evensong	Quire	sung by the Lay Vicars	plainsong Responses
Monday, 17th June 2024	5.00pm	Evensong	Quire	sung by the Lay Vicars	Marson Verse Service
Monday, 17th June 2024	5.00pm	Evensong	Quire	sung by the Lay Vicars	Sheppard I give you a new commandment
Tuesday, 18th June 2024	5.00pm	Evensong, with Installation of a Member of College	Quire	sung by the Lay Vicars	plainsong O lux beata Trinitas
Tuesday, 18th June 2024	5.00pm	Evensong, with Installation of a Member of College	Quire	sung by the Lay Vicars	plainsong Responses
Tuesday, 18th June 2024	5.00pm	Evensong, with Installation of a Member of College	Quire	sung by the Lay Vicars	Clucas Westminster Service
Tuesday, 18th June 2024	5.00pm	Evensong, with Installation of a Member of College	Quire	sung by the Lay Vicars	Howells My eyes for beauty pine
Thursday, 20th June 2024	5.00pm	Evensong	Quire	sung by the Lay Vicars	plainsong O lux beata Trinitas
Thursday, 20th June 2024	5.00pm	Evensong	Quire	sung by the Lay Vicars	plainsong Responses
Thursday, 20th June 2024	5.00pm	Evensong	Quire	sung by the Lay Vicars	Palestrina Magnificat primi toni a 8
Thursday, 20th June 2024	5.00pm	Evensong	Quire	sung by the Lay Vicars	Victoria Nunc dimittis tertii toni
Thursday, 20th June 2024	5.00pm	Evensong	Quire	sung by the Lay Vicars	Tallis A new commandment give I unto you
Friday, 21st June 2024	5.00pm	Evensong	Quire	sung by the Choir of Westminster Abbey	Tallis If ye love me
Friday, 21st June 2024	5.00pm	Evensong	Quire	sung by the Choir of Westminster Abbey	Martin Responses
Friday, 21st June 2024	5.00pm	Evensong	Quire	sung by the Choir of Westminster Abbey	Hooper Short Service
Friday, 21st June 2024	5.00pm	Evensong	Quire	sung by the Choir of Westminster Abbey	Parry My soul, there is a ocountry
Saturday, 22nd June 2024	5.00pm	Evensong	Quire	sung by the Choir of Westminster Abbey	Lloyd View me, Lord, a work of thine
Saturday, 22nd June 2024	5.00pm	Evensong	Quire	sung by the Choir of Westminster Abbey	Tomkins Responses
Saturday, 22nd June 2024	5.00pm	Evensong	Quire	sung by the Choir of Westminster Abbey	Sumsion in G
Saturday, 22nd June 2024	5.00pm	Evensong	Quire	sung by the Choir of Westminster Abbey	Howells Take him, earth, for cherishing
Saturday, 22nd June 2024	5.00pm	Evensong	Quire	sung by the Choir of Westminster Abbey	Parry Fantasia and Fugue in G
Sunday, 23rd June 2024	11.15am	Sung Eucharist with Confirmation	Quire	sung by the Choir of Westminster Abbey, St Margaret's Choristers, and members of St Margaret's Consort	Vaughan Williams Mass in G minor
Sunday, 23rd June 2024	11.15am	Sung Eucharist with Confirmation	Quire	sung by the Choir of Westminster Abbey, St Margaret's Choristers, and members of St Margaret's Consort	Elgar The Spirit of the Lord
Sunday, 23rd June 2024	11.15am	Sung Eucharist with Confirmation	Quire	sung by the Choir of Westminster Abbey, St Margaret's Choristers, and members of St Margaret's Consort	Elgar arr Holder Variation XIV (Enigma Variations)
Sunday, 23rd June 2024	3.00pm	Evensong	Quire	sung by the Choir of Westminster Abbey	Lloyd View me, Lord, a work of thine
Sunday, 23rd June 2024	3.00pm	Evensong	Quire	sung by the Choir of Westminster Abbey	Tomkins Responses
Sunday, 23rd June 2024	3.00pm	Evensong	Quire	sung by the Choir of Westminster Abbey	Purcell in G minor
Sunday, 23rd June 2024	3.00pm	Evensong	Quire	sung by the Choir of Westminster Abbey	Gibbons See, see the Word is incarnate
Sunday, 23rd June 2024	3.00pm	Evensong	Quire	sung by the Choir of Westminster Abbey	Blow Cornet Voluntary in A minor
Monday, 24th June 2024	5.00pm	Evensong	Quire	sung by the Choristers	plainsong O lux beata Trinitas
Monday, 24th June 2024	5.00pm	Evensong	Quire	sung by the Choristers	plainsong Responses
Monday, 24th June 2024	5.00pm	Evensong	Quire	sung by the Choristers	Dyson in C minor
Monday, 24th June 2024	5.00pm	Evensong	Quire	sung by the Choristers	Dering Gaudent in caelis
Tuesday, 25th June 2024	5.00pm	Evensong	Quire, entry via the North Door	sung by the Choir of Westminster Abbey; attended by HE The High Commissioner for Mozambique	Palestrina Exaltabo te Domine
Tuesday, 25th June 2024	5.00pm	Evensong	Quire, entry via the North Door	sung by the Choir of Westminster Abbey; attended by HE The High Commissioner for Mozambique	Byrd Responses
Tuesday, 25th June 2024	5.00pm	Evensong	Quire, entry via the North Door	sung by the Choir of Westminster Abbey; attended by HE The High Commissioner for Mozambique	Byrd Third Service
Tuesday, 25th June 2024	5.00pm	Evensong	Quire, entry via the North Door	sung by the Choir of Westminster Abbey; attended by HE The High Commissioner for Mozambique	Clemens non Papa Ego flos campi
Thursday, 27th June 2024	5.00pm	Evensong	Quire	sung by the Choir of Westminster Abbey; attended by the Acting High Commissioner for the Seychelles	Palestrina Exaltabo te Domine
Thursday, 27th June 2024	5.00pm	Evensong	Quire	sung by the Choir of Westminster Abbey; attended by the Acting High Commissioner for the Seychelles	Byrd Responses
Thursday, 27th June 2024	5.00pm	Evensong	Quire	sung by the Choir of Westminster Abbey; attended by the Acting High Commissioner for the Seychelles	Rubbra in A flat
Thursday, 27th June 2024	5.00pm	Evensong	Quire	sung by the Choir of Westminster Abbey; attended by the Acting High Commissioner for the Seychelles	Bairstow Let all mortal flesh keep silence
Friday, 28th June 2024	5.00pm	Sung Eucharist of St Peter	Quire	sung by the Choir of Westminster Abbey	MacMillan Mass of St Edward the Confessor
Friday, 28th June 2024	5.00pm	Sung Eucharist of St Peter	Quire	sung by the Choir of Westminster Abbey	Palestrina Tu es Petrus
Friday, 28th June 2024	5.00pm	Sung Eucharist of St Peter	Quire	sung by the Choir of Westminster Abbey	Mulet Tu es petra
Saturday, 29th June 2024	5.00pm	Evensong	Quire	sung by the Lay Vicars	plainsong O lux beata Trinitas
Saturday, 29th June 2024	5.00pm	Evensong	Quire	sung by the Lay Vicars	Byrd and Quinney Responses
Saturday, 29th June 2024	5.00pm	Evensong	Quire	sung by the Lay Vicars	Clucas Westminster Service
Saturday, 29th June 2024	5.00pm	Evensong	Quire	sung by the Lay Vicars	Byrd Laudibus in sanctis
Saturday, 29th June 2024	5.00pm	Evensong	Quire	sung by the Lay Vicars	Schumann Fuga über den Namen Bach No 1
Sunday, 30th June 2024	10.00am	Matins	Quire	sung by the Westminster Abbey Special Service Choir	Clucas Responses
Sunday, 30th June 2024	10.00am	Matins	Quire	sung by the Westminster Abbey Special Service Choir	Purcell Te Deum in D
Sunday, 30th June 2024	10.00am	Matins	Quire	sung by the Westminster Abbey Special Service Choir	Stanley Trumpet Voluntary in D
Sunday, 30th June 2024	11.15am	Sung Eucharist	Quire	sung by the Westminster Abbey Special Service Choir	Lassus Missa Bell' Amfitrit' altera
Sunday, 30th June 2024	11.15am	Sung Eucharist	Quire	sung by the Westminster Abbey Special Service Choir	Philips Ave verum corpus
Sunday, 30th June 2024	11.15am	Sung Eucharist	Quire	sung by the Westminster Abbey Special Service Choir	Bach Prelude and Fugue in G
Sunday, 30th June 2024	3.00pm	Evensong	Quire	sung by the Westminster Abbey Special Service Choir	attr Farrant Lord, for thy tender mercy's sake
Sunday, 30th June 2024	3.00pm	Evensong	Quire	sung by the Westminster Abbey Special Service Choir	Clucas Responses
Sunday, 30th June 2024	3.00pm	Evensong	Quire	sung by the Westminster Abbey Special Service Choir	Dyson in F
Sunday, 30th June 2024	3.00pm	Evensong	Quire	sung by the Westminster Abbey Special Service Choir	Parry Lord, let me know mine end
Sunday, 30th June 2024	3.00pm	Evensong	Quire	sung by the Westminster Abbey Special Service Choir	Parry Chorale Fantasia on 'O God, our help in ages past'
Monday, 1st July 2024	5.00pm	Evensong	Quire	sung by the Lay Vicars; attended by HE The High Commissioner for Canada	plainsong Lucis Creator optime
Monday, 1st July 2024	5.00pm	Evensong	Quire	sung by the Lay Vicars; attended by HE The High Commissioner for Canada	Tallis Responses
Monday, 1st July 2024	5.00pm	Evensong	Quire	sung by the Lay Vicars; attended by HE The High Commissioner for Canada	Guerrero Magnificat quinti toni
Monday, 1st July 2024	5.00pm	Evensong	Quire	sung by the Lay Vicars; attended by HE The High Commissioner for Canada	plainsong Nunc dimittis quinti toni
Monday, 1st July 2024	5.00pm	Evensong	Quire	sung by the Lay Vicars; attended by HE The High Commissioner for Canada	Kennedy O nata lux de lumine
Tuesday, 2nd July 2024	5.00pm	Evensong	Quire	sung by the Choir of Westminster Abbey; attended by HE The High Commissioner for Rwanda	Bairstow Jesu, the very thought of thee
Tuesday, 2nd July 2024	5.00pm	Evensong	Quire	sung by the Choir of Westminster Abbey; attended by HE The High Commissioner for Rwanda	Morley Responses
Tuesday, 2nd July 2024	5.00pm	Evensong	Quire	sung by the Choir of Westminster Abbey; attended by HE The High Commissioner for Rwanda	Stanford in B flat
Tuesday, 2nd July 2024	5.00pm	Evensong	Quire	sung by the Choir of Westminster Abbey; attended by HE The High Commissioner for Rwanda	Weir Leaf from leaf Christ knows
Thursday, 4th July 2024	5.00pm	Evensong	Quire	sung by the Choir of Westminster Abbey	Bairstow Jesu, the very thought of thee
Thursday, 4th July 2024	5.00pm	Evensong	Quire	sung by the Choir of Westminster Abbey	Morley Responses
Thursday, 4th July 2024	5.00pm	Evensong	Quire	sung by the Choir of Westminster Abbey	Noble in B minor
Thursday, 4th July 2024	5.00pm	Evensong	Quire	sung by the Choir of Westminster Abbey	Parry There is an old belief
Friday, 5th July 2024	5.00pm	Evensong	Quire	sung by the Choir of Westminster Abbey; attended by HE The High Commissioner for Malawi	Bairstow Jesu, the very thought of thee
Friday, 5th July 2024	5.00pm	Evensong	Quire	sung by the Choir of Westminster Abbey; attended by HE The High Commissioner for Malawi	Morley Responses
Friday, 5th July 2024	5.00pm	Evensong	Quire	sung by the Choir of Westminster Abbey; attended by HE The High Commissioner for Malawi	Gibbons Fauxbourdon Service
Friday, 5th July 2024	5.00pm	Evensong	Quire	sung by the Choir of Westminster Abbey; attended by HE The High Commissioner for Malawi	Poulenc Salve Regina
Saturday, 6th July 2024	5.00pm	Evensong	Quire	sung by the Choir of Westminster Abbey	Morley Responses
Saturday, 6th July 2024	5.00pm	Evensong	Quire	sung by the Choir of Westminster Abbey	Murrill in E
Saturday, 6th July 2024	5.00pm	Evensong	Quire	sung by the Choir of Westminster Abbey	Bernstein Chichester Psalms
Saturday, 6th July 2024	5.00pm	Evensong	Quire	sung by the Choir of Westminster Abbey	Alain Luttes
Sunday, 7th July 2024	11.00am	Matins	Quire	attended by The Lord Mayor of Westminster in Civic State; sung by the Choir of Westminster Abbey	Bruckner Locus iste a Deo factus est
Sunday, 7th July 2024	11.00am	Matins	Quire	attended by The Lord Mayor of Westminster in Civic State; sung by the Choir of Westminster Abbey	Morley Responses
Sunday, 7th July 2024	11.00am	Matins	Quire	attended by The Lord Mayor of Westminster in Civic State; sung by the Choir of Westminster Abbey	Howells Collegium Regale
Sunday, 7th July 2024	11.00am	Matins	Quire	attended by The Lord Mayor of Westminster in Civic State; sung by the Choir of Westminster Abbey	Parry I was glad
Sunday, 7th July 2024	11.00am	Matins	Quire	attended by The Lord Mayor of Westminster in Civic State; sung by the Choir of Westminster Abbey	Widor Toccata (Symphonie V)
Sunday, 7th July 2024	3.00pm	Evensong	Quire	sung by the Choir of Westminster Abbey	Bairstow Jesu, the very thought of thee
Sunday, 7th July 2024	3.00pm	Evensong	Quire	sung by the Choir of Westminster Abbey	Morley Responses
Sunday, 7th July 2024	3.00pm	Evensong	Quire	sung by the Choir of Westminster Abbey	Jackson in G
Sunday, 7th July 2024	3.00pm	Evensong	Quire	sung by the Choir of Westminster Abbey	Stanford Beati quorum via
Sunday, 7th July 2024	3.00pm	Evensong	Quire	sung by the Choir of Westminster Abbey	Stanford Postlude in D minor
Sunday, 7th July 2024	6.00pm	Sung Eucharist with Valediction of a Chorister	St Margaret's Church	sung by the St Margaret's Choristers and Consort	Byrd Mass for four voices
Sunday, 7th July 2024	6.00pm	Sung Eucharist with Valediction of a Chorister	St Margaret's Church	sung by the St Margaret's Choristers and Consort	Hassler O sacrum convivium
Sunday, 7th July 2024	6.00pm	Sung Eucharist with Valediction of a Chorister	St Margaret's Church	sung by the St Margaret's Choristers and Consort	Byrd Fantasia in A minor
Monday, 8th July 2024	5.00pm	Evensong	Quire	sung by the Choristers	Handel How beautiful are the feet
Monday, 8th July 2024	5.00pm	Evensong	Quire	sung by the Choristers	plainsong Responses
Monday, 8th July 2024	5.00pm	Evensong	Quire	sung by the Choristers	Robinson in C
Monday, 8th July 2024	5.00pm	Evensong	Quire	sung by the Choristers	Handel Let the bright seraphim
Tuesday, 9th July 2024	5.00pm	Evensong	Quire	sung by the Choir of Westminster Abbey; attended by HE The High Commissioner for The Bahamas	attr Farrant Lord, for thy tender mercy's sake
Tuesday, 9th July 2024	5.00pm	Evensong	Quire	sung by the Choir of Westminster Abbey; attended by HE The High Commissioner for The Bahamas	Clucas Responses
Tuesday, 9th July 2024	5.00pm	Evensong	Quire	sung by the Choir of Westminster Abbey; attended by HE The High Commissioner for The Bahamas	Wise in E flat
Tuesday, 9th July 2024	5.00pm	Evensong	Quire	sung by the Choir of Westminster Abbey; attended by HE The High Commissioner for The Bahamas	Mendelssohn Hear my prayer
Thursday, 11th July 2024	5.00pm	Evensong	Quire	sung by the Choir of Westminster Abbey	attr Farrant Lord, for thy tender mercy's sake
Thursday, 11th July 2024	5.00pm	Evensong	Quire	sung by the Choir of Westminster Abbey	Clucas Responses
Thursday, 11th July 2024	5.00pm	Evensong	Quire	sung by the Choir of Westminster Abbey	Howells Westminster Service
Thursday, 11th July 2024	5.00pm	Evensong	Quire	sung by the Choir of Westminster Abbey	Palestrina Sicut cervus desiderat ad fontes
Friday, 12th July 2024	5.00pm	Evensong	Quire	sung by the Choir of Westminster Abbey	attr Farrant Lord, for thy tender mercy's sake
Friday, 12th July 2024	5.00pm	Evensong	Quire	sung by the Choir of Westminster Abbey	Clucas Responses
Friday, 12th July 2024	5.00pm	Evensong	Quire	sung by the Choir of Westminster Abbey	Victoria Magnificat primi toni
Friday, 12th July 2024	5.00pm	Evensong	Quire	sung by the Choir of Westminster Abbey	Victoria Nunc dimittis tertii toni
Friday, 12th July 2024	5.00pm	Evensong	Quire	sung by the Choir of Westminster Abbey	Harris Bring us, O Lord God
Saturday, 13th July 2024	5.00pm	Evensong	Quire	sung by the Choir of Westminster Abbey	attr Farrant Lord, for thy tender mercy's sake
Saturday, 13th July 2024	5.00pm	Evensong	Quire	sung by the Choir of Westminster Abbey	Clucas Responses
Saturday, 13th July 2024	5.00pm	Evensong	Quire	sung by the Choir of Westminster Abbey	Howells Dallas Service
Saturday, 13th July 2024	5.00pm	Evensong	Quire	sung by the Choir of Westminster Abbey	Martin Behold now, praise the Lord
Saturday, 13th July 2024	5.00pm	Evensong	Quire	sung by the Choir of Westminster Abbey	MacMillan Toccata
Sunday, 14th July 2024	10.00am	Matins	Quire	sung by the Choir of Westminster Abbey	Clucas Responses
Sunday, 14th July 2024	10.00am	Matins	Quire	sung by the Choir of Westminster Abbey	Walton Coronation Te Deum
Sunday, 14th July 2024	10.00am	Matins	Quire	sung by the Choir of Westminster Abbey	Walton Crown Imperial
Sunday, 14th July 2024	11.15am	Sung Eucharist	Quire	sung by the Choir of Westminster Abbey	Byrd Mass for four voices
Sunday, 14th July 2024	11.15am	Sung Eucharist	Quire	sung by the Choir of Westminster Abbey	Guerrero O sacrum convivium
Sunday, 14th July 2024	11.15am	Sung Eucharist	Quire	sung by the Choir of Westminster Abbey	Bach Toccata in F
Sunday, 14th July 2024	3.00pm	Evensong with Valediction of Choristers	Quire	sung by the Choir of Westminster Abbey	attr Farrant Lord, for thy tender mercy's sake
Sunday, 14th July 2024	3.00pm	Evensong with Valediction of Choristers	Quire	sung by the Choir of Westminster Abbey	Clucas Responses
Sunday, 14th July 2024	3.00pm	Evensong with Valediction of Choristers	Quire	sung by the Choir of Westminster Abbey	Stanford in A
Sunday, 14th July 2024	3.00pm	Evensong with Valediction of Choristers	Quire	sung by the Choir of Westminster Abbey	Parry Blest pair of sirens
Sunday, 14th July 2024	3.00pm	Evensong with Valediction of Choristers	Quire	sung by the Choir of Westminster Abbey	Vierne Carillon de Westminster
Sunday, 14th July 2024	6.00pm	Sung Eucharist with Valediction of Choristers	St Margaret's Church	sung by the St Margaret's Choristers and Consort	Schubert Mass II in G
Sunday, 14th July 2024	6.00pm	Sung Eucharist with Valediction of Choristers	St Margaret's Church	sung by the St Margaret's Choristers and Consort	Rheinberger Abendlied
Sunday, 14th July 2024	6.00pm	Sung Eucharist with Valediction of Choristers	St Margaret's Church	sung by the St Margaret's Choristers and Consort	Rutter The Lord bless you and keep you
Sunday, 14th July 2024	6.00pm	Sung Eucharist with Valediction of Choristers	St Margaret's Church	sung by the St Margaret's Choristers and Consort	Gade Allegro (Three pieces for organ)
Monday, 15th July 2024	5.00pm	Evensong	Quire	sung by Blundell's School Chamber Choir	Smith Responses
Monday, 15th July 2024	5.00pm	Evensong	Quire	sung by Blundell's School Chamber Choir	Noble in B minor
Monday, 15th July 2024	5.00pm	Evensong	Quire	sung by Blundell's School Chamber Choir	Ives Listen sweet Dove
Tuesday, 16th July 2024	5.00pm	Evensong	Quire	sung by the Choir of the Collegiate Church of St Mary, Warwick	Spicer Responses
Tuesday, 16th July 2024	5.00pm	Evensong	Quire	sung by the Choir of the Collegiate Church of St Mary, Warwick	Martin Warwick Service
Tuesday, 16th July 2024	5.00pm	Evensong	Quire	sung by the Choir of the Collegiate Church of St Mary, Warwick	Harris Faire is the heaven
Thursday, 18th July 2024	5.00pm	Evensong	Quire	sung by the Pimlico Music Foundation Choir	Forbes L’Estrange Responses
Thursday, 18th July 2024	5.00pm	Evensong	Quire	sung by the Pimlico Music Foundation Choir	Brewer in D
Thursday, 18th July 2024	5.00pm	Evensong	Quire	sung by the Pimlico Music Foundation Choir	Bainton And I saw a new heaven
Friday, 19th July 2024	5.00pm	Evensong	Quire	sung by The Lacock Scholars	Shephard Responses
Friday, 19th July 2024	5.00pm	Evensong	Quire	sung by The Lacock Scholars	Heredia Magnificat octavi toni
Friday, 19th July 2024	5.00pm	Evensong	Quire	sung by The Lacock Scholars	Palestrina Nunc dimittis a 8
Friday, 19th July 2024	5.00pm	Evensong	Quire	sung by The Lacock Scholars	Gombert Lugebat David Absalon
Friday, 19th July 2024	6.30pm	Sung Eucharist of Our Lady of Pew	Quire	sung by The Lacock Scholars	Victoria Missa Vidi speciosam
Friday, 19th July 2024	6.30pm	Sung Eucharist of Our Lady of Pew	Quire	sung by The Lacock Scholars	Guerrero Alma Redemptoris mater
Friday, 19th July 2024	6.30pm	Sung Eucharist of Our Lady of Pew	Quire	sung by The Lacock Scholars	Guerrero Regina caeli laetare
Friday, 19th July 2024	6.30pm	Sung Eucharist of Our Lady of Pew	Quire	sung by The Lacock Scholars	Victoria Vidi speciosam
Saturday, 20th July 2024	5.00pm	Evensong	Quire	sung by The Prebendal Singers	Rose Responses
Saturday, 20th July 2024	5.00pm	Evensong	Quire	sung by The Prebendal Singers	Sumsion in G
Saturday, 20th July 2024	5.00pm	Evensong	Quire	sung by The Prebendal Singers	Biebl Ave Maria
Saturday, 20th July 2024	5.00pm	Evensong	Quire	sung by The Prebendal Singers	Mendelssohn Allegro con brio (Sonata IV)
Sunday, 21st July 2024	11.15am	Sung Eucharist	Quire	sung by the Happenstance Singers	Byrd Mass for five voices
Sunday, 21st July 2024	11.15am	Sung Eucharist	Quire	sung by the Happenstance Singers	Stanford Justorum animae in manu Dei sunt
Sunday, 21st July 2024	11.15am	Sung Eucharist	Quire	sung by the Happenstance Singers	Ernst arr Bach Allegro (Concerto in G)
Sunday, 21st July 2024	3.00pm	Evensong	Quire	sung by the Happenstance Singers	Smith Responses
Sunday, 21st July 2024	3.00pm	Evensong	Quire	sung by the Happenstance Singers	Stanford in A
Sunday, 21st July 2024	3.00pm	Evensong	Quire	sung by the Happenstance Singers	Wesley Blessed be the God and Father
Sunday, 21st July 2024	3.00pm	Evensong	Quire	sung by the Happenstance Singers	Elgar Allegro maestoso (Sonata in G)
Monday, 22nd July 2024	5.00pm	Evensong	Quire	sung by the Choir of Christ Church, Greenwich, Connecticut, USA	Radcliffe Responses
Monday, 22nd July 2024	5.00pm	Evensong	Quire	sung by the Choir of Christ Church, Greenwich, Connecticut, USA	Sumsion in A
Monday, 22nd July 2024	5.00pm	Evensong	Quire	sung by the Choir of Christ Church, Greenwich, Connecticut, USA	arr Hurford Magdalen, cease from sobs and sighs
Tuesday, 23rd July 2024	5.00pm	Evensong	Quire	sung by the Choir of Christ Church, Greenwich, Connecticut, USA	Radcliffe Responses
Tuesday, 23rd July 2024	5.00pm	Evensong	Quire	sung by the Choir of Christ Church, Greenwich, Connecticut, USA	Ireland in F
Tuesday, 23rd July 2024	5.00pm	Evensong	Quire	sung by the Choir of Christ Church, Greenwich, Connecticut, USA	Britten A Hymn of St Columba
Thursday, 25th July 2024	5.00pm	Evensong	Quire	sung by the Choir of Christ Church, Greenwich, Connecticut, USA	Radcliffe Responses
Thursday, 25th July 2024	5.00pm	Evensong	Quire	sung by the Choir of Christ Church, Greenwich, Connecticut, USA	Howells St John's College Service
Thursday, 25th July 2024	5.00pm	Evensong	Quire	sung by the Choir of Christ Church, Greenwich, Connecticut, USA	Bairstow Let all mortal flesh keep silence
Friday, 26th July 2024	5.00pm	Evensong	Quire	sung by the Choir of Christ Church, Greenwich, Connecticut, USA	Radcliffe Responses
Friday, 26th July 2024	5.00pm	Evensong	Quire	sung by the Choir of Christ Church, Greenwich, Connecticut, USA	Gibbons Short Service
Friday, 26th July 2024	5.00pm	Evensong	Quire	sung by the Choir of Christ Church, Greenwich, Connecticut, USA	arr Smith Moore We shall walk through the valley
Saturday, 27th July 2024	5.00pm	Evensong	Quire	sung by the Choir of Christ Church, Greenwich, Connecticut, USA	Radcliffe Responses
Saturday, 27th July 2024	5.00pm	Evensong	Quire	sung by the Choir of Christ Church, Greenwich, Connecticut, USA	Dyson in D
Saturday, 27th July 2024	5.00pm	Evensong	Quire	sung by the Choir of Christ Church, Greenwich, Connecticut, USA	Mathias Let the people praise thee
Saturday, 27th July 2024	5.00pm	Evensong	Quire	sung by the Choir of Christ Church, Greenwich, Connecticut, USA	Moore Dance-Rondo
Sunday, 28th July 2024	11.15am	Sung Eucharist	Quire	sung by the Choir of Christ Church, Greenwich, Connecticut, USA	Mozart Missa brevis in C
Sunday, 28th July 2024	11.15am	Sung Eucharist	Quire	sung by the Choir of Christ Church, Greenwich, Connecticut, USA	Purcell O God, thou art my God
Sunday, 28th July 2024	11.15am	Sung Eucharist	Quire	sung by the Choir of Christ Church, Greenwich, Connecticut, USA	Bach Allegro di molto (Sonata in D)
Sunday, 28th July 2024	3.00pm	Evensong	Quire	sung by the Choir of Christ Church, Greenwich, Connecticut, USA	Radcliffe Responses
Sunday, 28th July 2024	3.00pm	Evensong	Quire	sung by the Choir of Christ Church, Greenwich, Connecticut, USA	Stanford in B flat
Sunday, 28th July 2024	3.00pm	Evensong	Quire	sung by the Choir of Christ Church, Greenwich, Connecticut, USA	Howells O pray for the peace of Jerusalem
Sunday, 28th July 2024	3.00pm	Evensong	Quire	sung by the Choir of Christ Church, Greenwich, Connecticut, USA	How Homage to Elgar
Monday, 29th July 2024	5.00pm	Evensong	Quire	sung by The Cavendish Choir	Radcliffe Responses
Monday, 29th July 2024	5.00pm	Evensong	Quire	sung by The Cavendish Choir	Stanford in E flat
Monday, 29th July 2024	5.00pm	Evensong	Quire	sung by The Cavendish Choir	Daley Come, Renew Us
Tuesday, 30th July 2024	5.00pm	Evensong	Quire	sung by The Rodolfus Foundation Choral Course	Leighton Responses
Tuesday, 30th July 2024	5.00pm	Evensong	Quire	sung by The Rodolfus Foundation Choral Course	Weelkes Service 'for trebles'
Tuesday, 30th July 2024	5.00pm	Evensong	Quire	sung by The Rodolfus Foundation Choral Course	Bainton And I saw a new heaven
Saturday, 3rd August 2024	5.00pm	Evensong	Quire	sung by the Choir of St John the Baptist Church, Knaresborough	Rose Responses
Saturday, 3rd August 2024	5.00pm	Evensong	Quire	sung by the Choir of St John the Baptist Church, Knaresborough	Wilby The Knaresborough Service
Saturday, 3rd August 2024	5.00pm	Evensong	Quire	sung by the Choir of St John the Baptist Church, Knaresborough	Stanford Beati quorum via integra est
Saturday, 3rd August 2024	5.00pm	Evensong	Quire	sung by the Choir of St John the Baptist Church, Knaresborough	Elgar Allegretto (Sonata in G)
Sunday, 4th August 2024	11.15am	Sung Eucharist	Quire	sung by Exultate	Schubert Mass II in G
Sunday, 4th August 2024	11.15am	Sung Eucharist	Quire	sung by Exultate	Howells O pray for the peace of Jerusalem
Sunday, 4th August 2024	11.15am	Sung Eucharist	Quire	sung by Exultate	Widor Allegro vivace (Symphonie V)
Sunday, 4th August 2024	3.00pm	Evensong	Quire	sung by Exultate	Rose Responses
Sunday, 4th August 2024	3.00pm	Evensong	Quire	sung by Exultate	Walmisley in D minor
Sunday, 4th August 2024	3.00pm	Evensong	Quire	sung by Exultate	Wesley Blessed be the God and Father
Sunday, 4th August 2024	3.00pm	Evensong	Quire	sung by Exultate	Liszt Fuge über den Choral 'Ad nos, ad salutarem undam'
Monday, 5th August 2024	5.00pm	First Evensong of the Transfiguration of Our Lord	Quire	sung by The Chapel Choir of St John's College, Durham	Tomkins Responses
Monday, 5th August 2024	5.00pm	First Evensong of the Transfiguration of Our Lord	Quire	sung by The Chapel Choir of St John's College, Durham	Morales Magnificat octavi toni
Monday, 5th August 2024	5.00pm	First Evensong of the Transfiguration of Our Lord	Quire	sung by The Chapel Choir of St John's College, Durham	Morago Nunc dimittis
Monday, 5th August 2024	5.00pm	First Evensong of the Transfiguration of Our Lord	Quire	sung by The Chapel Choir of St John's College, Durham	Philips Jubilate Deo omnis terra
Tuesday, 6th August 2024	5.00pm	Evensong	Quire	sung by The Chapel Choir of St John's College, Durham; attended by HE The High Commissioner for Jamaica	Tomkins Responses
Tuesday, 6th August 2024	5.00pm	Evensong	Quire	sung by The Chapel Choir of St John's College, Durham; attended by HE The High Commissioner for Jamaica	Parry Great Service
Tuesday, 6th August 2024	5.00pm	Evensong	Quire	sung by The Chapel Choir of St John's College, Durham; attended by HE The High Commissioner for Jamaica	Scarth My God, how wonderful thou art
Thursday, 8th August 2024	5.00pm	Evensong	Quire	sung by St Luke's Cathedral Choir, Sault Ste Marie, Ontario, Canada	Radcliffe Responses
Thursday, 8th August 2024	5.00pm	Evensong	Quire	sung by St Luke's Cathedral Choir, Sault Ste Marie, Ontario, Canada	Harris in A
Thursday, 8th August 2024	5.00pm	Evensong	Quire	sung by St Luke's Cathedral Choir, Sault Ste Marie, Ontario, Canada	Harris Come down, O Love divine
Friday, 9th August 2024	5.00pm	Evensong	Quire	sung by St Luke's Cathedral Choir, Sault Ste Marie, Ontario, Canada; attended by HE The High Commissioner for Singapore	Radcliffe Responses
Friday, 9th August 2024	5.00pm	Evensong	Quire	sung by St Luke's Cathedral Choir, Sault Ste Marie, Ontario, Canada; attended by HE The High Commissioner for Singapore	Statham in E minor
Friday, 9th August 2024	5.00pm	Evensong	Quire	sung by St Luke's Cathedral Choir, Sault Ste Marie, Ontario, Canada; attended by HE The High Commissioner for Singapore	Elgar Ave Maria
Saturday, 10th August 2024	5.00pm	Evensong	Quire	sung by St Luke's Cathedral Choir, Sault Ste Marie, Ontario, Canada	Radcliffe Responses
Saturday, 10th August 2024	5.00pm	Evensong	Quire	sung by St Luke's Cathedral Choir, Sault Ste Marie, Ontario, Canada	Sumsion in A
Saturday, 10th August 2024	5.00pm	Evensong	Quire	sung by St Luke's Cathedral Choir, Sault Ste Marie, Ontario, Canada	Archer At the round earth's imagined corners
Saturday, 10th August 2024	5.00pm	Evensong	Quire	sung by St Luke's Cathedral Choir, Sault Ste Marie, Ontario, Canada	Mendelssohn Nachspiel in D
Sunday, 11th August 2024	11.15am	Sung Eucharist	Quire	sung by the Choir of St Luke's, Chelsea	Darke in A minor
Sunday, 11th August 2024	11.15am	Sung Eucharist	Quire	sung by the Choir of St Luke's, Chelsea	Elgar Ave verum corpus
Sunday, 11th August 2024	11.15am	Sung Eucharist	Quire	sung by the Choir of St Luke's, Chelsea	Mendelssohn Prelude and Fugue in D minor
Sunday, 11th August 2024	3.00pm	Evensong	Quire	sung by the Choir of St Luke's, Chelsea	Clucas Responses
Sunday, 11th August 2024	3.00pm	Evensong	Quire	sung by the Choir of St Luke's, Chelsea	Noble in B minor
Sunday, 11th August 2024	3.00pm	Evensong	Quire	sung by the Choir of St Luke's, Chelsea	Chilcott Be thou my vision
Sunday, 11th August 2024	3.00pm	Evensong	Quire	sung by the Choir of St Luke's, Chelsea	Bach Prelude and Fugue in C
Monday, 12th August 2024	5.00pm	Evensong	Quire	sung by The Adoremus Consort	Shephard Responses
Monday, 12th August 2024	5.00pm	Evensong	Quire	sung by The Adoremus Consort	Howells Collegium Regale
Monday, 12th August 2024	5.00pm	Evensong	Quire	sung by The Adoremus Consort	Parry I was glad
Tuesday, 13th August 2024	5.00pm	Evensong	Quire	sung by Hi Lo Singers	Clucas Responses
Tuesday, 13th August 2024	5.00pm	Evensong	Quire	sung by Hi Lo Singers	Walmisley in D minor
Tuesday, 13th August 2024	5.00pm	Evensong	Quire	sung by Hi Lo Singers	Bairstow Let all mortal flesh keep silence
Thursday, 15th August 2024	5.00pm	Sung Eucharist	Quire	sung by The Chapel Choir of St Hild and St Bede, Durham	Holst Mass in A minor
Thursday, 15th August 2024	5.00pm	Sung Eucharist	Quire	sung by The Chapel Choir of St Hild and St Bede, Durham	Rachmaninoff Bogoroditse Devo
Thursday, 15th August 2024	5.00pm	Sung Eucharist	Quire	sung by The Chapel Choir of St Hild and St Bede, Durham	Parry Fantasia in G
Friday, 16th August 2024	5.00pm	Evensong	Quire	sung by the choir of The Queen's College, Oxford	Radcliffe Responses
Friday, 16th August 2024	5.00pm	Evensong	Quire	sung by the choir of The Queen's College, Oxford	Briggs Gloucester Service
Friday, 16th August 2024	5.00pm	Evensong	Quire	sung by the choir of The Queen's College, Oxford	Dove Seek him that maketh the seven stars
Saturday, 17th August 2024	5.00pm	Evensong	Quire	sung by the Choir of Christ Church Southgate	Sanders Responses
Saturday, 17th August 2024	5.00pm	Evensong	Quire	sung by the Choir of Christ Church Southgate	Dyson in D
Saturday, 17th August 2024	5.00pm	Evensong	Quire	sung by the Choir of Christ Church Southgate	Elgar The Spirit of the Lord
Sunday, 18th August 2024	11.15am	Sung Eucharist	Quire	sung by the Choir of Christ Church Southgate	Vierne Messe solennelle
Sunday, 18th August 2024	11.15am	Sung Eucharist	Quire	sung by the Choir of Christ Church Southgate	Bairstow Let all mortal flesh keep silence
Sunday, 18th August 2024	11.15am	Sung Eucharist	Quire	sung by the Choir of Christ Church Southgate	Vierne Final (Symphonie II)
Sunday, 18th August 2024	3.00pm	Evensong	Quire	sung by the Choir of Christ Church Southgate	Sanders Responses
Sunday, 18th August 2024	3.00pm	Evensong	Quire	sung by the Choir of Christ Church Southgate	Howells Gloucester Service
Sunday, 18th August 2024	3.00pm	Evensong	Quire	sung by the Choir of Christ Church Southgate	Bairstow Blessed city, heavenly Salem
Sunday, 18th August 2024	3.00pm	Evensong	Quire	sung by the Choir of Christ Church Southgate	Howells Rhapsody I
Monday, 19th August 2024	5.00pm	Evensong	Quire	sung by the Healey Willan Singers	Smith Responses
Monday, 19th August 2024	5.00pm	Evensong	Quire	sung by the Healey Willan Singers	Wood in D
Monday, 19th August 2024	5.00pm	Evensong	Quire	sung by the Healey Willan Singers	Willan Averte faciem tuam
Tuesday, 20th August 2024	5.00pm	Evensong	Quire	sung by the King Charles Singers	Rose Responses
Tuesday, 20th August 2024	5.00pm	Evensong	Quire	sung by the King Charles Singers	Murrill in E
Tuesday, 20th August 2024	5.00pm	Evensong	Quire	sung by the King Charles Singers	Bairstow The King of love my Shepherd is
Thursday, 22nd August 2024	5.00pm	Evensong	Quire	sung by the University College Chapel Choir, Durham	Radcliffe Responses
Thursday, 22nd August 2024	5.00pm	Evensong	Quire	sung by the University College Chapel Choir, Durham	Stanford in A
Thursday, 22nd August 2024	5.00pm	Evensong	Quire	sung by the University College Chapel Choir, Durham	Howells Like as the hart desireth the water-brooks
Friday, 23rd August 2024	5.00pm	Evensong	Quire	sung by The Choir of Gowling WLG	Smith Responses
Friday, 23rd August 2024	5.00pm	Evensong	Quire	sung by The Choir of Gowling WLG	Jackman Fauxbourdon Service
Friday, 23rd August 2024	5.00pm	Evensong	Quire	sung by The Choir of Gowling WLG	Hassler Cantate Domino canticum novum
Saturday, 24th August 2024	5.00pm	Evensong	Quire	sung by the Old Monmothian Consort	Shephard Responses
Saturday, 24th August 2024	5.00pm	Evensong	Quire	sung by the Old Monmothian Consort	Dyson in D
Saturday, 24th August 2024	5.00pm	Evensong	Quire	sung by the Old Monmothian Consort	Gardiner Evening Hymn
Saturday, 24th August 2024	5.00pm	Evensong	Quire	sung by the Old Monmothian Consort	Karg-Elert Nun danket alle Gott
Sunday, 25th August 2024	11.15am	Sung Eucharist	Quire	sung by The FISP Singers	Byrd Mass for four voices
Sunday, 25th August 2024	11.15am	Sung Eucharist	Quire	sung by The FISP Singers	Parsons Ave Maria
Sunday, 25th August 2024	11.15am	Sung Eucharist	Quire	sung by The FISP Singers	Bach Prelude in B minor
Sunday, 25th August 2024	3.00pm	Evensong	Quire	sung by The FISP Singers	Shephard Responses
Sunday, 25th August 2024	3.00pm	Evensong	Quire	sung by The FISP Singers	Murrill in E
Sunday, 25th August 2024	3.00pm	Evensong	Quire	sung by The FISP Singers	Elgar Give unto the Lord
Sunday, 25th August 2024	3.00pm	Evensong	Quire	sung by The FISP Singers	Howells Paean
Monday, 26th August 2024	5.00pm	Evensong	Quire	sung by the Kampen Boys' Choir, Netherlands	Smith Responses
Monday, 26th August 2024	5.00pm	Evensong	Quire	sung by the Kampen Boys' Choir, Netherlands	Stopford Belfast Evening Canticles
Monday, 26th August 2024	5.00pm	Evensong	Quire	sung by the Kampen Boys' Choir, Netherlands	Bruckner Locus iste a Deo factus est
Tuesday, 27th August 2024	5.00pm	Evensong	Quire	sung by the Kampen Boys' Choir, Netherlands	Smith Responses
Tuesday, 27th August 2024	5.00pm	Evensong	Quire	sung by the Kampen Boys' Choir, Netherlands	Stanford in E flat
Tuesday, 27th August 2024	5.00pm	Evensong	Quire	sung by the Kampen Boys' Choir, Netherlands	Purcell Thy word is a lantern
Thursday, 29th August 2024	5.00pm	Evensong	Quire	sung by the Kampen Boys' Choir, Netherlands	Smith Responses
Thursday, 29th August 2024	5.00pm	Evensong	Quire	sung by the Kampen Boys' Choir, Netherlands	Bairstow in D
Thursday, 29th August 2024	5.00pm	Evensong	Quire	sung by the Kampen Boys' Choir, Netherlands	Purcell Rejoice in the Lord alway
Friday, 30th August 2024	5.00pm	Evensong	Quire	sung by the Kampen Boys' Choir, Netherlands; attended by the Acting High Commissioner for Trinidad and Tobago	Smith Responses
Friday, 30th August 2024	5.00pm	Evensong	Quire	sung by the Kampen Boys' Choir, Netherlands; attended by the Acting High Commissioner for Trinidad and Tobago	Stanford in F
Friday, 30th August 2024	5.00pm	Evensong	Quire	sung by the Kampen Boys' Choir, Netherlands; attended by the Acting High Commissioner for Trinidad and Tobago	Ireland Greater Love Hath No Man
Saturday, 31st August 2024	5.00pm	Evensong	Quire	sung by the Choir of St Barnabas' Church, Dulwich	Ayleward Responses
Saturday, 31st August 2024	5.00pm	Evensong	Quire	sung by the Choir of St Barnabas' Church, Dulwich	Stanford in B flat
Saturday, 31st August 2024	5.00pm	Evensong	Quire	sung by the Choir of St Barnabas' Church, Dulwich	MacMillan A New Song
Sunday, 1st September 2024	10.00am	Matins	Quire	sung by the Lay Vicars	Byrd and Quinney Responses
Sunday, 1st September 2024	10.00am	Matins	Quire	sung by the Lay Vicars	Byrd Short Service
Sunday, 1st September 2024	10.00am	Matins	Quire	sung by the Lay Vicars	Byrd Fantasia in G
Sunday, 1st September 2024	11.15am	Sung Eucharist	Quire	sung by the Lay Vicars	Guerrero Missa Inter vestibulum
Sunday, 1st September 2024	11.15am	Sung Eucharist	Quire	sung by the Lay Vicars	Guerrero Caro mea vere est cibus
Sunday, 1st September 2024	11.15am	Sung Eucharist	Quire	sung by the Lay Vicars	Buxtehude Praeludium in D
Sunday, 1st September 2024	3.00pm	Evensong	Quire	sung by the Lay Vicars	Tallis Hear the voice and prayer of thy servants
Sunday, 1st September 2024	3.00pm	Evensong	Quire	sung by the Lay Vicars	Byrd and Quinney Responses
Sunday, 1st September 2024	3.00pm	Evensong	Quire	sung by the Lay Vicars	Anerio Magnificat octavi toni
Sunday, 1st September 2024	3.00pm	Evensong	Quire	sung by the Lay Vicars	Reid Nunc dimittis tertii toni
Sunday, 1st September 2024	3.00pm	Evensong	Quire	sung by the Lay Vicars	Palestrina Pater noster
Monday, 2nd September 2024	5.00pm	Evensong	Quire	sung by the Lay Vicars	plainsong Lucis Creator optime
Monday, 2nd September 2024	5.00pm	Evensong	Quire	sung by the Lay Vicars	plainsong Responses
Monday, 2nd September 2024	5.00pm	Evensong	Quire	sung by the Lay Vicars	Sumsion in G
Monday, 2nd September 2024	5.00pm	Evensong	Quire	sung by the Lay Vicars	Elgar Seek him that maketh the seven stars
Tuesday, 3rd September 2024	5.00pm	Evensong	Quire	sung by the Lay Vicars	plainsong Lucis Creator optime
Tuesday, 3rd September 2024	5.00pm	Evensong	Quire	sung by the Lay Vicars	plainsong Responses
Tuesday, 3rd September 2024	5.00pm	Evensong	Quire	sung by the Lay Vicars	Palestrina Magnificat tertii toni
Tuesday, 3rd September 2024	5.00pm	Evensong	Quire	sung by the Lay Vicars	Quinney Nunc dimittis tertii toni
Tuesday, 3rd September 2024	5.00pm	Evensong	Quire	sung by the Lay Vicars	Victoria Ecce sacerdos magnus
Thursday, 5th September 2024	5.00pm	Evensong	Quire	sung by the Lay Vicars	plainsong Lucis Creator optime
Thursday, 5th September 2024	5.00pm	Evensong	Quire	sung by the Lay Vicars	plainsong Responses
Thursday, 5th September 2024	5.00pm	Evensong	Quire	sung by the Lay Vicars	Sheppard First Service
Thursday, 5th September 2024	5.00pm	Evensong	Quire	sung by the Lay Vicars	Sheppard I give you a new commandment
Friday, 6th September 2024	5.00pm	Evensong	Quire	sung by the Lay Vicars; attended by HE The High Commissioner for Eswatini	plainsong Lucis Creator optime
Friday, 6th September 2024	5.00pm	Evensong	Quire	sung by the Lay Vicars; attended by HE The High Commissioner for Eswatini	plainsong Responses
Friday, 6th September 2024	5.00pm	Evensong	Quire	sung by the Lay Vicars; attended by HE The High Commissioner for Eswatini	Tallis The Short Service
Friday, 6th September 2024	5.00pm	Evensong	Quire	sung by the Lay Vicars; attended by HE The High Commissioner for Eswatini	Tallis Laudate Dominum omnes gentes
Saturday, 7th September 2024	3.00pm	Evensong	Quire	sung by the Lay Vicars	Tallis Hear the voice and prayer of thy servants
Saturday, 7th September 2024	3.00pm	Evensong	Quire	sung by the Lay Vicars	Tallis Responses
Saturday, 7th September 2024	3.00pm	Evensong	Quire	sung by the Lay Vicars	Moore in A
Saturday, 7th September 2024	3.00pm	Evensong	Quire	sung by the Lay Vicars	Fauré Cantique de Jean Racine
Sunday, 8th September 2024	10.00am	Matins	Quire	sung by the Lay Vicars	The National Anthem
Sunday, 8th September 2024	10.00am	Matins	Quire	sung by the Lay Vicars	Tallis Responses
Sunday, 8th September 2024	10.00am	Matins	Quire	sung by the Lay Vicars	Tomkins Te Deum (First Service)
Sunday, 8th September 2024	10.00am	Matins	Quire	sung by the Lay Vicars	Bach Prelude in G
Sunday, 8th September 2024	11.15am	Sung Eucharist	Quire	live-streamed; sung by the Lay Vicars	Byrd Mass for three voices
Sunday, 8th September 2024	11.15am	Sung Eucharist	Quire	live-streamed; sung by the Lay Vicars	Moore Behold, O God our defender
Sunday, 8th September 2024	11.15am	Sung Eucharist	Quire	live-streamed; sung by the Lay Vicars	Walton arr Murrill Crown Imperial
Sunday, 8th September 2024	3.00pm	Evensong	Quire	sung by the Lay Vicars	The National Anthem
Sunday, 8th September 2024	3.00pm	Evensong	Quire	sung by the Lay Vicars	Tallis Responses
Sunday, 8th September 2024	3.00pm	Evensong	Quire	sung by the Lay Vicars	Hassler Magnificat quinti toni
Sunday, 8th September 2024	3.00pm	Evensong	Quire	sung by the Lay Vicars	plainsong Nunc dimittis quinti toni
Sunday, 8th September 2024	3.00pm	Evensong	Quire	sung by the Lay Vicars	Hooper O God of gods
Sunday, 8th September 2024	3.00pm	Evensong	Quire	sung by the Lay Vicars	Harris Flourish for an Occasion
Sunday, 8th September 2024	6.00pm	Sung Eucharist	St Margaret's Church	sung by the St Margaret's Choristers and Consort	Darke in F
Sunday, 8th September 2024	6.00pm	Sung Eucharist	St Margaret's Church	sung by the St Margaret's Choristers and Consort	Bach O Jesu Christ, meins Lebens Licht
Sunday, 8th September 2024	6.00pm	Sung Eucharist	St Margaret's Church	sung by the St Margaret's Choristers and Consort	Bach Toccata and Fugue in D minor
Monday, 9th September 2024	5.00pm	Evensong	Quire	sung by the Lay Vicars	plainsong Ave Maris Stella
Monday, 9th September 2024	5.00pm	Evensong	Quire	sung by the Lay Vicars	plainsong Responses
Monday, 9th September 2024	5.00pm	Evensong	Quire	sung by the Lay Vicars	Guerrero Magnificat quinti toni
Monday, 9th September 2024	5.00pm	Evensong	Quire	sung by the Lay Vicars	plainsong Nunc dimittis quinti toni
Monday, 9th September 2024	5.00pm	Evensong	Quire	sung by the Lay Vicars	Guerrero Ave Maria
Tuesday, 10th September 2024	5.00pm	Evensong	Quire	sung by the Choir of Westminster Abbey	attr Loosemore O Lord, increase my faith
Tuesday, 10th September 2024	5.00pm	Evensong	Quire	sung by the Choir of Westminster Abbey	Clucas Responses
Tuesday, 10th September 2024	5.00pm	Evensong	Quire	sung by the Choir of Westminster Abbey	Stanford in B flat
Tuesday, 10th September 2024	5.00pm	Evensong	Quire	sung by the Choir of Westminster Abbey	Vaughan Williams Antiphon
Thursday, 12th September 2024	5.00pm	Evensong	Quire	sung by the Choir of Westminster Abbey	attr Loosemore O Lord, increase my faith
Thursday, 12th September 2024	5.00pm	Evensong	Quire	sung by the Choir of Westminster Abbey	Clucas Responses
Thursday, 12th September 2024	5.00pm	Evensong	Quire	sung by the Choir of Westminster Abbey	Byrd Second Service
Thursday, 12th September 2024	5.00pm	Evensong	Quire	sung by the Choir of Westminster Abbey	Byrd Prevent us, O Lord
Friday, 13th September 2024	5.00pm	Evensong	Quire	sung by the Choir of Westminster Abbey	attr Loosemore O Lord, increase my faith
Friday, 13th September 2024	5.00pm	Evensong	Quire	sung by the Choir of Westminster Abbey	Clucas Responses
Friday, 13th September 2024	5.00pm	Evensong	Quire	sung by the Choir of Westminster Abbey	Victoria Magnificat octavi toni
Friday, 13th September 2024	5.00pm	Evensong	Quire	sung by the Choir of Westminster Abbey	Victoria Nunc dimittis tertii toni
Friday, 13th September 2024	5.00pm	Evensong	Quire	sung by the Choir of Westminster Abbey	Gibbons O Lord, in thy wrath rebuke me not
Saturday, 14th September 2024	3.00pm	Evensong	Quire	live-streamed; sung by the Choir of Westminster Abbey	attr Loosemore O Lord, increase my faith
Saturday, 14th September 2024	3.00pm	Evensong	Quire	live-streamed; sung by the Choir of Westminster Abbey	Clucas Responses
Saturday, 14th September 2024	3.00pm	Evensong	Quire	live-streamed; sung by the Choir of Westminster Abbey	Murrill in E
Saturday, 14th September 2024	3.00pm	Evensong	Quire	live-streamed; sung by the Choir of Westminster Abbey	Bruckner Christus factus est pro nobis
Saturday, 14th September 2024	3.00pm	Evensong	Quire	live-streamed; sung by the Choir of Westminster Abbey	Mendelssohn Prelude in D minor
Sunday, 15th September 2024	3.00pm	Evensong	Quire	sung by the Choir of Westminster Abbey	Loosemore O Lord, increase my faith
Sunday, 15th September 2024	3.00pm	Evensong	Quire	sung by the Choir of Westminster Abbey	Clucas Responses
Sunday, 15th September 2024	3.00pm	Evensong	Quire	sung by the Choir of Westminster Abbey	Howells Collegium Regale
Sunday, 15th September 2024	3.00pm	Evensong	Quire	sung by the Choir of Westminster Abbey	Parry There is an old belief
Sunday, 15th September 2024	3.00pm	Evensong	Quire	sung by the Choir of Westminster Abbey	Howells Saraband in modo elegiaco
Sunday, 15th September 2024	6.00pm	Sung Eucharist	St Margaret's Church	sung by the St Margaret's Choristers	Rheinberger Missa puerorum
Sunday, 15th September 2024	6.00pm	Sung Eucharist	St Margaret's Church	sung by the St Margaret's Choristers	Rheinberger Verbum supernum
Sunday, 15th September 2024	6.00pm	Sung Eucharist	St Margaret's Church	sung by the St Margaret's Choristers	Brahms Prelude in G minor
Monday, 16th September 2024	5.00pm	Evensong	Quire	sung by the Choristers; attended by the Acting High Commissioner for Papua New Guinea	plainsong Te lucis ante termminum
Monday, 16th September 2024	5.00pm	Evensong	Quire	sung by the Choristers; attended by the Acting High Commissioner for Papua New Guinea	plainsong Responses
Monday, 16th September 2024	5.00pm	Evensong	Quire	sung by the Choristers; attended by the Acting High Commissioner for Papua New Guinea	Frances-Hoad The Merton Service for Upper Voices
Monday, 16th September 2024	5.00pm	Evensong	Quire	sung by the Choristers; attended by the Acting High Commissioner for Papua New Guinea	Boyle Thou wilt keep him in perfect peace
Tuesday, 17th September 2024	5.00pm	Evensong	Quire	sung by the Choir of Westminster Abbey	Howells I will lift up mine eyes unto the hills
Tuesday, 17th September 2024	5.00pm	Evensong	Quire	sung by the Choir of Westminster Abbey	Ayleward Responses
Tuesday, 17th September 2024	5.00pm	Evensong	Quire	sung by the Choir of Westminster Abbey	Marenzio Magnificat octavi toni
Tuesday, 17th September 2024	5.00pm	Evensong	Quire	sung by the Choir of Westminster Abbey	plainsong Nunc dimittis octavi toni
Tuesday, 17th September 2024	5.00pm	Evensong	Quire	sung by the Choir of Westminster Abbey	Gibbons Glorious and powerful God
Thursday, 19th September 2024	5.00pm	Evensong	Quire	sung by the Choir of Westminster Abbey; attended by HE The High Commissioner for St Kitts and Nevis	Howells I will lift up mine eyes unto the hills
Thursday, 19th September 2024	5.00pm	Evensong	Quire	sung by the Choir of Westminster Abbey; attended by HE The High Commissioner for St Kitts and Nevis	Ayleward Responses
Thursday, 19th September 2024	5.00pm	Evensong	Quire	sung by the Choir of Westminster Abbey; attended by HE The High Commissioner for St Kitts and Nevis	Dyson in F
Thursday, 19th September 2024	5.00pm	Evensong	Quire	sung by the Choir of Westminster Abbey; attended by HE The High Commissioner for St Kitts and Nevis	Brahms Geistliches Lied
Friday, 20th September 2024	5.00pm	Evensong	Quire	sung by the Choir of Westminster Abbey	Howells I will lift up mine eyes unto the hills
Friday, 20th September 2024	5.00pm	Evensong	Quire	sung by the Choir of Westminster Abbey	Ayleward Responses
Friday, 20th September 2024	5.00pm	Evensong	Quire	sung by the Choir of Westminster Abbey	Byrd Third Service
Friday, 20th September 2024	5.00pm	Evensong	Quire	sung by the Choir of Westminster Abbey	Byrd Sing joyfully unto God our strength
Saturday, 21st September 2024	3.00pm	Evensong	Quire	sung by the Choir of Westminster Abbey	Howells I will lift up mine eyes unto the hills
Saturday, 21st September 2024	3.00pm	Evensong	Quire	sung by the Choir of Westminster Abbey	Ayleward Responses
Saturday, 21st September 2024	3.00pm	Evensong	Quire	sung by the Choir of Westminster Abbey	Howells Dallas Service
Saturday, 21st September 2024	3.00pm	Evensong	Quire	sung by the Choir of Westminster Abbey	Howells Take him, earth, for cherishing
Saturday, 21st September 2024	3.00pm	Evensong	Quire	sung by the Choir of Westminster Abbey	Howells Rhapsody in C sharp minor
Sunday, 22nd September 2024	10.00am	Matins	Quire	sung by the Choir of Westminster Abbey	Ayleward Responses
Sunday, 22nd September 2024	10.00am	Matins	Quire	sung by the Choir of Westminster Abbey	Gibbons Te Deum (Short Service)
Sunday, 22nd September 2024	10.00am	Matins	Quire	sung by the Choir of Westminster Abbey	Bach Fugue in F minor
Sunday, 22nd September 2024	11.15am	Sung Eucharist	Quire	sung by the Choir of Westminster Abbey	Mozart Missa brevis in C
Sunday, 22nd September 2024	11.15am	Sung Eucharist	Quire	sung by the Choir of Westminster Abbey	Mozart Ave verum corpus
Sunday, 22nd September 2024	11.15am	Sung Eucharist	Quire	sung by the Choir of Westminster Abbey	Bruhns Praeludium in E minor
Sunday, 22nd September 2024	3.00pm	Evensong	Quire	sung by the Choir of Westminster Abbey	This service will be live-streamed
Sunday, 22nd September 2024	6.00pm	Sung Eucharist	St Margaret's Church	sung by the St Margaret's Choristers and Consort	Byrd Mass for four voices
Sunday, 22nd September 2024	6.00pm	Sung Eucharist	St Margaret's Church	sung by the St Margaret's Choristers and Consort	Byrd Ave verum corpus
Sunday, 22nd September 2024	6.00pm	Sung Eucharist	St Margaret's Church	sung by the St Margaret's Choristers and Consort	Dupré Prelude and Fugue in B
Monday, 23rd September 2024	5.00pm	Evensong	Quire	sung by the Lay Vicars	Mudd God, who hast prepared for them that love thee
Monday, 23rd September 2024	5.00pm	Evensong	Quire	sung by the Lay Vicars	plainsong Responses
Monday, 23rd September 2024	5.00pm	Evensong	Quire	sung by the Lay Vicars	Ward The First Service
Monday, 23rd September 2024	5.00pm	Evensong	Quire	sung by the Lay Vicars	Tomkins Great and marvellous are thy works
Tuesday, 24th September 2024	5.00pm	Evensong	Quire	sung by the Choir of Westminster Abbey; attended by HE The High Commissioner for Belize	Tallis In manus tuas Domine
Tuesday, 24th September 2024	5.00pm	Evensong	Quire	sung by the Choir of Westminster Abbey; attended by HE The High Commissioner for Belize	Morley Responses
Tuesday, 24th September 2024	5.00pm	Evensong	Quire	sung by the Choir of Westminster Abbey; attended by HE The High Commissioner for Belize	Blow in F
Tuesday, 24th September 2024	5.00pm	Evensong	Quire	sung by the Choir of Westminster Abbey; attended by HE The High Commissioner for Belize	Gibbons O clap your hands together
Wednesday, 25th September 2024	5.00pm	Evensong	Quire	sung by the St Margaret's Choristers and Consort	arr Smith Moore We shall walk through the valley
Wednesday, 25th September 2024	5.00pm	Evensong	Quire	sung by the St Margaret's Choristers and Consort	Smith Responses
Wednesday, 25th September 2024	5.00pm	Evensong	Quire	sung by the St Margaret's Choristers and Consort	Brewer in D
Wednesday, 25th September 2024	5.00pm	Evensong	Quire	sung by the St Margaret's Choristers and Consort	Wheeler Alleluia! I heard a voice
Thursday, 26th September 2024	5.00pm	Evensong	Quire	sung by the Choir of Westminster Abbey; attended by HE The High Commissioner for Malta	Tallis In manus tuas Domine
Thursday, 26th September 2024	5.00pm	Evensong	Quire	sung by the Choir of Westminster Abbey; attended by HE The High Commissioner for Malta	Morley Responses
Thursday, 26th September 2024	5.00pm	Evensong	Quire	sung by the Choir of Westminster Abbey; attended by HE The High Commissioner for Malta	Ireland in F
Thursday, 26th September 2024	5.00pm	Evensong	Quire	sung by the Choir of Westminster Abbey; attended by HE The High Commissioner for Malta	Harvey Thou mastering me
Friday, 27th September 2024	5.00pm	Evensong	Quire	sung by the Choir of Westminster Abbey; attended by a representative of the High Commissioner for Botswana	Tallis In manus tuas Domine
Friday, 27th September 2024	5.00pm	Evensong	Quire	sung by the Choir of Westminster Abbey; attended by a representative of the High Commissioner for Botswana	Morley Responses
Friday, 27th September 2024	5.00pm	Evensong	Quire	sung by the Choir of Westminster Abbey; attended by a representative of the High Commissioner for Botswana	Bingham Magnificat (York Service)
Friday, 27th September 2024	5.00pm	Evensong	Quire	sung by the Choir of Westminster Abbey; attended by a representative of the High Commissioner for Botswana	plainsong Nunc dimittis
Friday, 27th September 2024	5.00pm	Evensong	Quire	sung by the Choir of Westminster Abbey; attended by a representative of the High Commissioner for Botswana	Tallis O nata lux de lumine
Saturday, 28th September 2024	3.00pm	Evensong	Quire	sung by the Lay Vicars	Tallis A new commandment give I unto you
Saturday, 28th September 2024	3.00pm	Evensong	Quire	sung by the Lay Vicars	Byrd and Quinney Responses
Saturday, 28th September 2024	3.00pm	Evensong	Quire	sung by the Lay Vicars	Morales Magnificat quinti toni
Saturday, 28th September 2024	3.00pm	Evensong	Quire	sung by the Lay Vicars	Viadana Nunc dimittis tertii toni
Saturday, 28th September 2024	3.00pm	Evensong	Quire	sung by the Lay Vicars	Morales Spem in alium
Saturday, 28th September 2024	3.00pm	Evensong	Quire	sung by the Lay Vicars	Tomkins Gloria tibi Trinitas
Sunday, 29th September 2024	10.00am	Matins	Quire	sung by the Westminster Abbey Special Service Choir	Ayleward Responses
Sunday, 29th September 2024	10.00am	Matins	Quire	sung by the Westminster Abbey Special Service Choir	Tomkins Te Deum (Third Service)
Sunday, 29th September 2024	10.00am	Matins	Quire	sung by the Westminster Abbey Special Service Choir	Clérambault Grand plein jeu and Fugue (Suite du premier ton)
Sunday, 29th September 2024	11.15am	Sung Eucharist	Quire	sung by the Westminster Abbey Special Service Choir	Guerrero Missa Surge propera
Sunday, 29th September 2024	11.15am	Sung Eucharist	Quire	sung by the Westminster Abbey Special Service Choir	Tallis O sacrum convivium
Sunday, 29th September 2024	11.15am	Sung Eucharist	Quire	sung by the Westminster Abbey Special Service Choir	Buxtehude Praeludium in D minor
Sunday, 29th September 2024	3.00pm	Evensong	Quire	sung by the Westminster Abbey Special Service Choir	Tye Give almes of thy goods
Sunday, 29th September 2024	3.00pm	Evensong	Quire	sung by the Westminster Abbey Special Service Choir	Ayleward Responses
Sunday, 29th September 2024	3.00pm	Evensong	Quire	sung by the Westminster Abbey Special Service Choir	Wise in E flat
Sunday, 29th September 2024	3.00pm	Evensong	Quire	sung by the Westminster Abbey Special Service Choir	Britten Hymn to St Cecilia (part of the Voice and Verse season)
Sunday, 29th September 2024	3.00pm	Evensong	Quire	sung by the Westminster Abbey Special Service Choir	Parry Fugue in G
Sunday, 29th September 2024	6.00pm	Sung Eucharist	St Margaret's Church	sung by the St Margaret's Choristers	Chaminade Messe pour deux voix égales
Sunday, 29th September 2024	6.00pm	Sung Eucharist	St Margaret's Church	sung by the St Margaret's Choristers	Parry He delivered the poor in his affliction
Sunday, 29th September 2024	6.00pm	Sung Eucharist	St Margaret's Church	sung by the St Margaret's Choristers	Bach Prelude in G
Monday, 30th September 2024	5.00pm	Sung Eucharist	Quire	sung by the Choir of Westminster Abbey	This service will be live-streamed
Tuesday, 1st October 2024	5.00pm	Evensong	Quire	sung by the Choir of Westminster Abbey; attended by HE The High Commissioner for Cyprus	Purcell Thou knowest, Lord, the secrets of our hearts
Tuesday, 1st October 2024	5.00pm	Evensong	Quire	sung by the Choir of Westminster Abbey; attended by HE The High Commissioner for Cyprus	Byrd Responses
Tuesday, 1st October 2024	5.00pm	Evensong	Quire	sung by the Choir of Westminster Abbey; attended by HE The High Commissioner for Cyprus	Vivanco Magnificat octavi toni
Tuesday, 1st October 2024	5.00pm	Evensong	Quire	sung by the Choir of Westminster Abbey; attended by HE The High Commissioner for Cyprus	plainsong Nunc dimittis octavi toni
Tuesday, 1st October 2024	5.00pm	Evensong	Quire	sung by the Choir of Westminster Abbey; attended by HE The High Commissioner for Cyprus	Purcell They that go down to the sea in ships
Thursday, 3rd October 2024	5.00pm	Evensong	Quire	sung by the Choristers	plainsong Lucis Creator optime
Thursday, 3rd October 2024	5.00pm	Evensong	Quire	sung by the Choristers	plainsong Responses
Thursday, 3rd October 2024	5.00pm	Evensong	Quire	sung by the Choristers	Moore Second Service
Thursday, 3rd October 2024	5.00pm	Evensong	Quire	sung by the Choristers	Haydn Benedictus (Missa brevis Sancti Joannis de Deo)
Friday, 4th October 2024	5.00pm	Evensong	Quire	sung by the Choir of Westminster Abbey	Purcell Thou knowest, Lord, the secrets of our hearts
Friday, 4th October 2024	5.00pm	Evensong	Quire	sung by the Choir of Westminster Abbey	Byrd Responses
Friday, 4th October 2024	5.00pm	Evensong	Quire	sung by the Choir of Westminster Abbey	Farrant Short Service
Friday, 4th October 2024	5.00pm	Evensong	Quire	sung by the Choir of Westminster Abbey	Holst A Hymne to Christ
Saturday, 5th October 2024	3.00pm	Evensong	Quire	part of the Chorister Experience Day; sung by the Choir of Westminster Abbey	Vaughan Williams The Call
Saturday, 5th October 2024	3.00pm	Evensong	Quire	part of the Chorister Experience Day; sung by the Choir of Westminster Abbey	Byrd Responses
Saturday, 5th October 2024	3.00pm	Evensong	Quire	part of the Chorister Experience Day; sung by the Choir of Westminster Abbey	Stanford in C
Saturday, 5th October 2024	3.00pm	Evensong	Quire	part of the Chorister Experience Day; sung by the Choir of Westminster Abbey	Farrington Rejoice
Saturday, 5th October 2024	3.00pm	Evensong	Quire	part of the Chorister Experience Day; sung by the Choir of Westminster Abbey	Dubois Toccata
Sunday, 6th October 2024	10.00am	Matins	Quire	sung by the Choir of Westminster Abbey	Byrd Responses
Sunday, 6th October 2024	10.00am	Matins	Quire	sung by the Choir of Westminster Abbey	Ireland Te Deum in F
Sunday, 6th October 2024	10.00am	Matins	Quire	sung by the Choir of Westminster Abbey	Stanford Postlude in D minor
Sunday, 6th October 2024	11.15am	Sung Eucharist	Quire	sung by the Choir of Westminster Abbey	Guerrero Missa In te Domine speravi
Sunday, 6th October 2024	11.15am	Sung Eucharist	Quire	sung by the Choir of Westminster Abbey	Tallis O salutaris hostia
Sunday, 6th October 2024	11.15am	Sung Eucharist	Quire	sung by the Choir of Westminster Abbey	Buxtehude Praeludium in E
Sunday, 6th October 2024	3.00pm	Evensong	Quire	sung by the Choir of Westminster Abbey	Purcell Thou knowest, Lord, the secrets of our hearts
Sunday, 6th October 2024	3.00pm	Evensong	Quire	sung by the Choir of Westminster Abbey	Byrd Responses
Sunday, 6th October 2024	3.00pm	Evensong	Quire	sung by the Choir of Westminster Abbey	Victoria Magnificat primi toni
Sunday, 6th October 2024	3.00pm	Evensong	Quire	sung by the Choir of Westminster Abbey	Victoria Nunc dimittis tertii toni
Sunday, 6th October 2024	3.00pm	Evensong	Quire	sung by the Choir of Westminster Abbey	Harvey Thou mastering me (part of the Voice and Verse season)
Sunday, 6th October 2024	3.00pm	Evensong	Quire	sung by the Choir of Westminster Abbey	Mendelssohn Allegro maestoso e vivace—Fuga (Sonata II)
Sunday, 6th October 2024	6.00pm	Sung Eucharist with Admission of Choristers	St Margaret's Church	marking the Dedication of St Margaret's Church; sung by the St Margaret's Choristers and Consort	Haydn Missa brevis Sancti Joannis de Deo
Sunday, 6th October 2024	6.00pm	Sung Eucharist with Admission of Choristers	St Margaret's Church	marking the Dedication of St Margaret's Church; sung by the St Margaret's Choristers and Consort	Bruckner Locus iste a Deo factus est
Sunday, 6th October 2024	6.00pm	Sung Eucharist with Admission of Choristers	St Margaret's Church	marking the Dedication of St Margaret's Church; sung by the St Margaret's Choristers and Consort	Vaughan Williams O how amiable are thy dwellings
Sunday, 6th October 2024	6.00pm	Sung Eucharist with Admission of Choristers	St Margaret's Church	marking the Dedication of St Margaret's Church; sung by the St Margaret's Choristers and Consort	Bach Fugue in G
Monday, 7th October 2024	5.00pm	Evensong	Quire	sung by the Lay Vicars; attended by HE The High Commissioner for Lesotho	plainsong Lucis Creator optime
Monday, 7th October 2024	5.00pm	Evensong	Quire	sung by the Lay Vicars; attended by HE The High Commissioner for Lesotho	plainsong Responses
Monday, 7th October 2024	5.00pm	Evensong	Quire	sung by the Lay Vicars; attended by HE The High Commissioner for Lesotho	Parsons First Service
Monday, 7th October 2024	5.00pm	Evensong	Quire	sung by the Lay Vicars; attended by HE The High Commissioner for Lesotho	White The Lord bless us and keep us
Tuesday, 8th October 2024	5.00pm	Evensong	Quire	sung by the Choir of Westminster Abbey	Mudd Let thy merciful ears, O Lord
Tuesday, 8th October 2024	5.00pm	Evensong	Quire	sung by the Choir of Westminster Abbey	Martin Responses
Tuesday, 8th October 2024	5.00pm	Evensong	Quire	sung by the Choir of Westminster Abbey	Buxtehude Magnificat
Tuesday, 8th October 2024	5.00pm	Evensong	Quire	sung by the Choir of Westminster Abbey	plainsong Nunc dimittis
Tuesday, 8th October 2024	5.00pm	Evensong	Quire	sung by the Choir of Westminster Abbey	Hooper Behold, it is Christ
Thursday, 10th October 2024	5.00pm	Evensong	Quire	sung by the Choir of Westminster Abbey; attended by HE The High Commissioner for Uganda	Mudd Let thy merciful ears, O Lord
Thursday, 10th October 2024	5.00pm	Evensong	Quire	sung by the Choir of Westminster Abbey; attended by HE The High Commissioner for Uganda	Martin Responses
Thursday, 10th October 2024	5.00pm	Evensong	Quire	sung by the Choir of Westminster Abbey; attended by HE The High Commissioner for Uganda	Tomkins Sixth Service
Thursday, 10th October 2024	5.00pm	Evensong	Quire	sung by the Choir of Westminster Abbey; attended by HE The High Commissioner for Uganda	Byrd Praise our Lord, all ye gentiles
Friday, 11th October 2024	5.00pm	Evensong	Quire	sung by the Choir of Westminster Abbey; attended by HE The High Commissioner for Fiji	Mudd Let thy merciful ears, O Lord
Friday, 11th October 2024	5.00pm	Evensong	Quire	sung by the Choir of Westminster Abbey; attended by HE The High Commissioner for Fiji	Martin Responses
Friday, 11th October 2024	5.00pm	Evensong	Quire	sung by the Choir of Westminster Abbey; attended by HE The High Commissioner for Fiji	Frances-Hoad The Merton Service
Friday, 11th October 2024	5.00pm	Evensong	Quire	sung by the Choir of Westminster Abbey; attended by HE The High Commissioner for Fiji	Duruflé Ubi caritas et amor
Saturday, 12th October 2024	3.00pm	First Evensong of the Translation of St Edward the Confessor	Quire	sung by the Choir of Westminster Abbey	This service will be live-streamed
Sunday, 13th October 2024	10.00am	Matins	Quire	sung by the Choir of Westminster Abbey	Martin Responses
Sunday, 13th October 2024	10.00am	Matins	Quire	sung by the Choir of Westminster Abbey	Stanford in B flat
Sunday, 13th October 2024	10.00am	Matins	Quire	sung by the Choir of Westminster Abbey	Stanford Tema con variazioni (Sonata Celtica)
Sunday, 13th October 2024	11.15am	Sung Eucharist	Quire	sung by the Choir of Westminster Abbey; attended by The King's Scholars of Westminster School	MacMillan Mass of St Edward the Confessor
Sunday, 13th October 2024	11.15am	Sung Eucharist	Quire	sung by the Choir of Westminster Abbey; attended by The King's Scholars of Westminster School	Lobo O quam suavis est Domine Spiritus tuus
Sunday, 13th October 2024	11.15am	Sung Eucharist	Quire	sung by the Choir of Westminster Abbey; attended by The King's Scholars of Westminster School	Bach Prelude in E flat
Sunday, 13th October 2024	3.00pm	Evensong	Quire	sung by the Choir of Westminster Abbey	Mudd Let thy merciful ears, O Lord
Sunday, 13th October 2024	3.00pm	Evensong	Quire	sung by the Choir of Westminster Abbey	Martin Responses
Sunday, 13th October 2024	3.00pm	Evensong	Quire	sung by the Choir of Westminster Abbey	Tavener Collegium Regale
Sunday, 13th October 2024	3.00pm	Evensong	Quire	sung by the Choir of Westminster Abbey	Vaughan Williams O clap your hands
Sunday, 13th October 2024	3.00pm	Evensong	Quire	sung by the Choir of Westminster Abbey	Bach Pièce d'orgue
Sunday, 13th October 2024	6.00pm	Sung Eucharist	St Margaret's Church	sung by the St Margaret's Choristers and Consort	Mozart Missa brevis in D
Sunday, 13th October 2024	6.00pm	Sung Eucharist	St Margaret's Church	sung by the St Margaret's Choristers and Consort	Weir Leaf from leaf Christ knows (part of the Voice and Verse season)
Sunday, 13th October 2024	6.00pm	Sung Eucharist	St Margaret's Church	sung by the St Margaret's Choristers and Consort	Guilmant Marche religieuse
Monday, 14th October 2024	5.00pm	Evensong	Quire	sung by the Choristers	plainsong Te lucis ante terminum
Monday, 14th October 2024	5.00pm	Evensong	Quire	sung by the Choristers	plainsong Responses
Monday, 14th October 2024	5.00pm	Evensong	Quire	sung by the Choristers	Dyson in C minor
Monday, 14th October 2024	5.00pm	Evensong	Quire	sung by the Choristers	Parry He delivered the poor in his affliction
Tuesday, 15th October 2024	5.00pm	Evensong	Quire	sung by the Choirs of Westminster Abbey and Westminster Cathedral	plainsong Iste confessor Domini
Tuesday, 15th October 2024	5.00pm	Evensong	Quire	sung by the Choirs of Westminster Abbey and Westminster Cathedral	Smith Responses
Tuesday, 15th October 2024	5.00pm	Evensong	Quire	sung by the Choirs of Westminster Abbey and Westminster Cathedral	Vivanco Magnificat octavi toni
Tuesday, 15th October 2024	5.00pm	Evensong	Quire	sung by the Choirs of Westminster Abbey and Westminster Cathedral	Tallis Nunc dimittis tertii toni
Tuesday, 15th October 2024	5.00pm	Evensong	Quire	sung by the Choirs of Westminster Abbey and Westminster Cathedral	Bruckner Ecce sacerdos magnus
Tuesday, 15th October 2024	5.00pm	Evensong	Quire	sung by the Choirs of Westminster Abbey and Westminster Cathedral	Vierne Carillon de Westminster
Wednesday, 16th October 2024	5.00pm	Evensong	Quire	sung by the St Margaret's Choristers and Consort	Thalben-Ball I would find thee
Wednesday, 16th October 2024	5.00pm	Evensong	Quire	sung by the St Margaret's Choristers and Consort	Smith Responses
Wednesday, 16th October 2024	5.00pm	Evensong	Quire	sung by the St Margaret's Choristers and Consort	Howells Collegium Regale
Wednesday, 16th October 2024	5.00pm	Evensong	Quire	sung by the St Margaret's Choristers and Consort	Vaughan Williams O how amiable are thy dwellings
Thursday, 17th October 2024	5.00pm	Evensong	Quire	sung by the Choir of Westminster Abbey	Mudd Let thy merciful ears, O Lord
Thursday, 17th October 2024	5.00pm	Evensong	Quire	sung by the Choir of Westminster Abbey	Smith Responses
Thursday, 17th October 2024	5.00pm	Evensong	Quire	sung by the Choir of Westminster Abbey	Sheppard The Second Service
Thursday, 17th October 2024	5.00pm	Evensong	Quire	sung by the Choir of Westminster Abbey	White Christe qui lux es et dies
Friday, 18th October 2024	5.00pm	Evensong	Quire	sung by the Choir of Westminster Abbey	Mudd Let thy merciful ears, O Lord
Friday, 18th October 2024	5.00pm	Evensong	Quire	sung by the Choir of Westminster Abbey	Smith Responses
Friday, 18th October 2024	5.00pm	Evensong	Quire	sung by the Choir of Westminster Abbey	Gibbons Short Service
Friday, 18th October 2024	5.00pm	Evensong	Quire	sung by the Choir of Westminster Abbey	Kedrov Otche nash
Saturday, 19th October 2024	11.15am	Festival Eucharist	Quire	sung by the Westminster Abbey Special Service Choir	Rheinberger Mass in E flat 'Cantus Missae'
Saturday, 19th October 2024	11.15am	Festival Eucharist	Quire	sung by the Westminster Abbey Special Service Choir	Elgar Ave verum corpus
Saturday, 19th October 2024	11.15am	Festival Eucharist	Quire	sung by the Westminster Abbey Special Service Choir	Rheinberger Introduction and Passacaglia (Sonata VIII)
Saturday, 19th October 2024	3.00pm	First Evensong of the Dedication of Westminster Abbey	Quire	sung by the Choir of Westminster Abbey and St Margaret's Choristers and Consort	This service will be live-streamed
Sunday, 20th October 2024	10.30am	Sung Eucharist	Quire	sung by the Choir of Westminster Abbey	Dove Missa brevis
Sunday, 20th October 2024	10.30am	Sung Eucharist	Quire	sung by the Choir of Westminster Abbey	Parry I was glad
Sunday, 20th October 2024	10.30am	Sung Eucharist	Quire	sung by the Choir of Westminster Abbey	Elgar O hearken thou
Sunday, 20th October 2024	10.30am	Sung Eucharist	Quire	sung by the Choir of Westminster Abbey	Bach Prelude and Fugue in C
Sunday, 20th October 2024	3.00pm	Evensong	Quire	attended by The Lord Mayor of Westminster and the Mayors of the London Boroughs; sung by the Choir of Westminster Abbey	Bruckner Locus iste a Deo factus est
Sunday, 20th October 2024	3.00pm	Evensong	Quire	attended by The Lord Mayor of Westminster and the Mayors of the London Boroughs; sung by the Choir of Westminster Abbey	Smith Responses
Sunday, 20th October 2024	3.00pm	Evensong	Quire	attended by The Lord Mayor of Westminster and the Mayors of the London Boroughs; sung by the Choir of Westminster Abbey	Stanford in B flat
Sunday, 20th October 2024	3.00pm	Evensong	Quire	attended by The Lord Mayor of Westminster and the Mayors of the London Boroughs; sung by the Choir of Westminster Abbey	Elgar Great is the Lord
Sunday, 20th October 2024	3.00pm	Evensong	Quire	attended by The Lord Mayor of Westminster and the Mayors of the London Boroughs; sung by the Choir of Westminster Abbey	Elgar Allegro maestoso (Organ Sonata)
Sunday, 20th October 2024	6.00pm	Sung Eucharist	St Margaret's Church	sung by the St Margaret's Choristers and Consort	Ireland Communion Service in C
Sunday, 20th October 2024	6.00pm	Sung Eucharist	St Margaret's Church	sung by the St Margaret's Choristers and Consort	Chilcott Even such is time (part of the Voice and Verse season)
Sunday, 20th October 2024	6.00pm	Sung Eucharist	St Margaret's Church	sung by the St Margaret's Choristers and Consort	Ireland Capriccio
Monday, 21st October 2024	5.00pm	Evensong	Quire	sung by the Lay Vicars	plainsong O lux beata Trinitas
Monday, 21st October 2024	5.00pm	Evensong	Quire	sung by the Lay Vicars	plainsong Responses
Monday, 21st October 2024	5.00pm	Evensong	Quire	sung by the Lay Vicars	Moore First Service
Monday, 21st October 2024	5.00pm	Evensong	Quire	sung by the Lay Vicars	Palestrina Veritas mea et misericordia mea cum ipso
Tuesday, 22nd October 2024	5.00pm	Evensong	Quire	sung by the Lay Vicars	plainsong O lux beata Trinitas
Tuesday, 22nd October 2024	5.00pm	Evensong	Quire	sung by the Lay Vicars	plainsong Responses
Tuesday, 22nd October 2024	5.00pm	Evensong	Quire	sung by the Lay Vicars	Mundy Magnificat secundi toni
Tuesday, 22nd October 2024	5.00pm	Evensong	Quire	sung by the Lay Vicars	Tye Nunc dimittis
Tuesday, 22nd October 2024	5.00pm	Evensong	Quire	sung by the Lay Vicars	Tallis Salvator mundi salva nos
Thursday, 24th October 2024	5.00pm	Evensong	Quire	sung by the Lay Vicars; attended by a representative of the High Commissioner for Zambia	plainsong O lux beata Trinitas
Thursday, 24th October 2024	5.00pm	Evensong	Quire	sung by the Lay Vicars; attended by a representative of the High Commissioner for Zambia	plainsong Responses
Thursday, 24th October 2024	5.00pm	Evensong	Quire	sung by the Lay Vicars; attended by a representative of the High Commissioner for Zambia	Marson Verse Service
Thursday, 24th October 2024	5.00pm	Evensong	Quire	sung by the Lay Vicars; attended by a representative of the High Commissioner for Zambia	Byrd Teach me, O Lord
Friday, 25th October 2024	5.00pm	Evensong	Quire	sung by the Lay Vicars	plainsong O lux beata Trinitas
Friday, 25th October 2024	5.00pm	Evensong	Quire	sung by the Lay Vicars	plainsong Responses
Friday, 25th October 2024	5.00pm	Evensong	Quire	sung by the Lay Vicars	Tye Short Service
Friday, 25th October 2024	5.00pm	Evensong	Quire	sung by the Lay Vicars	White Christe qui lux es et dies
Saturday, 26th October 2024	5.00pm	Evensong	Quire	sung by the Lay Vicars	This service will be live-streamed
Sunday, 27th October 2024	10.00am	Matins	Quire	sung by the Lay Vicars	Tallis Responses
Sunday, 27th October 2024	10.00am	Matins	Quire	sung by the Lay Vicars	Patrick Te Deum in G minor
Sunday, 27th October 2024	10.00am	Matins	Quire	sung by the Lay Vicars	Ramsey Jubilate Deo
Sunday, 27th October 2024	10.00am	Matins	Quire	sung by the Lay Vicars	Gibbons Fancy in gamut flatt
Sunday, 27th October 2024	11.15am	Sung Eucharist	High Altar	sung by the Lay Vicars	Taverner Mean Mass
Sunday, 27th October 2024	11.15am	Sung Eucharist	High Altar	sung by the Lay Vicars	Victoria Ave verum corpus
Sunday, 27th October 2024	11.15am	Sung Eucharist	High Altar	sung by the Lay Vicars	Mendelssohn Allegro con brio (Sonata IV)
Sunday, 27th October 2024	3.00pm	Evensong	Quire	sung by the Lay Vicars	Mendelssohn Beati mortui in Domino morientes deinceps
Sunday, 27th October 2024	3.00pm	Evensong	Quire	sung by the Lay Vicars	Tallis Responses
Sunday, 27th October 2024	3.00pm	Evensong	Quire	sung by the Lay Vicars	Drakett Wells Service
Sunday, 27th October 2024	3.00pm	Evensong	Quire	sung by the Lay Vicars	Jackson In all his works
Sunday, 27th October 2024	3.00pm	Evensong	Quire	sung by the Lay Vicars	Duruflé Prélude (Suite)
Monday, 28th October 2024	5.00pm	Evensong	Quire	sung by the Lay Vicars; attended by a representative of the High Commissioner for St Vincent and the Grenadines	Mendelssohn Beati mortui in Domino morientes deinceps
Monday, 28th October 2024	5.00pm	Evensong	Quire	sung by the Lay Vicars; attended by a representative of the High Commissioner for St Vincent and the Grenadines	plainsong Responses
Monday, 28th October 2024	5.00pm	Evensong	Quire	sung by the Lay Vicars; attended by a representative of the High Commissioner for St Vincent and the Grenadines	Morales Magnificat quinti toni
Monday, 28th October 2024	5.00pm	Evensong	Quire	sung by the Lay Vicars; attended by a representative of the High Commissioner for St Vincent and the Grenadines	plainsong Nunc dimittis quinti toni
Monday, 28th October 2024	5.00pm	Evensong	Quire	sung by the Lay Vicars; attended by a representative of the High Commissioner for St Vincent and the Grenadines	Morales Beati omnes qui timent Dominum
Tuesday, 29th October 2024	5.00pm	Evensong	Quire	sung by the Lay Vicars	Mendelssohn Beati mortui in Domino morientes deinceps
Tuesday, 29th October 2024	5.00pm	Evensong	Quire	sung by the Lay Vicars	plainsong Responses
Tuesday, 29th October 2024	5.00pm	Evensong	Quire	sung by the Lay Vicars	Wood in E
Tuesday, 29th October 2024	5.00pm	Evensong	Quire	sung by the Lay Vicars	Ives In pace in idipsum dormiam et requiescam
Thursday, 31st October 2024	5.00pm	First Evensong of All Saints' Day	Quire	sung by the Choir of Westminster Abbey; attended by HE The High Commissioner for Antigua and Barbuda	Victoria O quam gloriosum est regnum
Thursday, 31st October 2024	5.00pm	First Evensong of All Saints' Day	Quire	sung by the Choir of Westminster Abbey; attended by HE The High Commissioner for Antigua and Barbuda	Tomkins Responses
Thursday, 31st October 2024	5.00pm	First Evensong of All Saints' Day	Quire	sung by the Choir of Westminster Abbey; attended by HE The High Commissioner for Antigua and Barbuda	Wise in E flat
Thursday, 31st October 2024	5.00pm	First Evensong of All Saints' Day	Quire	sung by the Choir of Westminster Abbey; attended by HE The High Commissioner for Antigua and Barbuda	Byrd Beati mundo corde
Friday, 1st November 2024	5.00pm	Sung Eucharist	High Altar	sung by the Choir of Westminster Abbey	Victoria Missa O quam gloriosum
Friday, 1st November 2024	5.00pm	Sung Eucharist	High Altar	sung by the Choir of Westminster Abbey	Byrd Justorum animae in manu Dei sunt
Friday, 1st November 2024	5.00pm	Sung Eucharist	High Altar	sung by the Choir of Westminster Abbey	Bach Prelude and Fugue in E minor
Saturday, 2nd November 2024	5.00pm	Sung Eucharist	High Altar	marking All Souls' Day; sung by the Choir of Westminster Abbey	This service will be live-streamed
Sunday, 3rd November 2024	10.00am	Matins	Quire	sung by the Choir of Westminster Abbey	Tomkins Responses
Sunday, 3rd November 2024	10.00am	Matins	Quire	sung by the Choir of Westminster Abbey	Elgar Te Deum
Sunday, 3rd November 2024	10.00am	Matins	Quire	sung by the Choir of Westminster Abbey	Parry Chorale Prelude on The 'Old 104th'
Sunday, 3rd November 2024	11.15am	Sung Eucharist	High Altar	sung by the Choir of Westminster Abbey	Haydn Missa brevis Sancti Joannis de Deo
Sunday, 3rd November 2024	11.15am	Sung Eucharist	High Altar	sung by the Choir of Westminster Abbey	la Rue O salutaris hostia
Sunday, 3rd November 2024	11.15am	Sung Eucharist	High Altar	sung by the Choir of Westminster Abbey	Lully Ouverture and Marche pour la Céremonie des Turcs (Le Bourgeois gentilhomme)
Sunday, 3rd November 2024	3.00pm	Evensong	Quire	sung by the Choir of Westminster Abbey	Tye O come, ye servants of the Lord
Sunday, 3rd November 2024	3.00pm	Evensong	Quire	sung by the Choir of Westminster Abbey	Tomkins Responses
Sunday, 3rd November 2024	3.00pm	Evensong	Quire	sung by the Choir of Westminster Abbey	Dyson in D
Sunday, 3rd November 2024	3.00pm	Evensong	Quire	sung by the Choir of Westminster Abbey	Parry Blest pair of sirens
Sunday, 3rd November 2024	3.00pm	Evensong	Quire	sung by the Choir of Westminster Abbey	Elgar Presto (Sonata in G)
Sunday, 3rd November 2024	6.00pm	Sung Eucharist	St Margaret's Church	sung by the St Margaret's Choristers and Consort	Schubert Mass II in G
Sunday, 3rd November 2024	6.00pm	Sung Eucharist	St Margaret's Church	sung by the St Margaret's Choristers and Consort	Harris Faire is the heaven (part of the Voice and Verse season)
Sunday, 3rd November 2024	6.00pm	Sung Eucharist	St Margaret's Church	sung by the St Margaret's Choristers and Consort	Mendelssohn Allegro maestoso (Sonata V)
Monday, 4th November 2024	5.00pm	Evensong	Quire	marking the twenty-first anniversary of the Methodist-Anglican Covenant; sung by the Choristers	Vaughan Williams The Call
Monday, 4th November 2024	5.00pm	Evensong	Quire	marking the twenty-first anniversary of the Methodist-Anglican Covenant; sung by the Choristers	plainsong Responses
Monday, 4th November 2024	5.00pm	Evensong	Quire	marking the twenty-first anniversary of the Methodist-Anglican Covenant; sung by the Choristers	Robinson in C
Monday, 4th November 2024	5.00pm	Evensong	Quire	marking the twenty-first anniversary of the Methodist-Anglican Covenant; sung by the Choristers	Fauré Ave verum corpus
Tuesday, 5th November 2024	5.00pm	Evensong	Quire	sung by the Choir of Westminster Abbey; attended by the Acting High Commissioner for Dominica	Rachmaninoff To thee, O Lord, do I lift up my soul
Tuesday, 5th November 2024	5.00pm	Evensong	Quire	sung by the Choir of Westminster Abbey; attended by the Acting High Commissioner for Dominica	Ayleward Responses
Tuesday, 5th November 2024	5.00pm	Evensong	Quire	sung by the Choir of Westminster Abbey; attended by the Acting High Commissioner for Dominica	Tomkins The Fifth Service
Tuesday, 5th November 2024	5.00pm	Evensong	Quire	sung by the Choir of Westminster Abbey; attended by the Acting High Commissioner for Dominica	Stanford Justorum animae in manu Dei sunt
Thursday, 7th November 2024	5.00pm	Evensong with the Installation of The Reverend Mark Birch MVO as Canon of Westminster	Quire	sung by the Choir of Westminster Abbey	Rachmaninoff To thee, O Lord, do I lift up my soul
Thursday, 7th November 2024	5.00pm	Evensong with the Installation of The Reverend Mark Birch MVO as Canon of Westminster	Quire	sung by the Choir of Westminster Abbey	Ayleward Responses
Thursday, 7th November 2024	5.00pm	Evensong with the Installation of The Reverend Mark Birch MVO as Canon of Westminster	Quire	sung by the Choir of Westminster Abbey	Ireland in F
Thursday, 7th November 2024	5.00pm	Evensong with the Installation of The Reverend Mark Birch MVO as Canon of Westminster	Quire	sung by the Choir of Westminster Abbey	McDowall O sing unto the Lord
Thursday, 7th November 2024	5.00pm	Evensong with the Installation of The Reverend Mark Birch MVO as Canon of Westminster	Quire	sung by the Choir of Westminster Abbey	Karg-Elert Nun danket alle Gott
Friday, 8th November 2024	5.00pm	Evensong	Quire	sung by the Choir of Westminster Abbey	Rachmaninoff To thee, O Lord, do I lift up my soul
Friday, 8th November 2024	5.00pm	Evensong	Quire	sung by the Choir of Westminster Abbey	Ayleward Responses
Friday, 8th November 2024	5.00pm	Evensong	Quire	sung by the Choir of Westminster Abbey	Hooper Short Service
Friday, 8th November 2024	5.00pm	Evensong	Quire	sung by the Choir of Westminster Abbey	Harris Holy is the true light
Saturday, 9th November 2024	5.00pm	Evensong	Quire	sung by the Choir of Westminster Abbey	Rachmaninoff To thee, O Lord, do I lift up my soul
Saturday, 9th November 2024	5.00pm	Evensong	Quire	sung by the Choir of Westminster Abbey	Ayleward Responses
Saturday, 9th November 2024	5.00pm	Evensong	Quire	sung by the Choir of Westminster Abbey	Gibbons Short Service
Saturday, 9th November 2024	5.00pm	Evensong	Quire	sung by the Choir of Westminster Abbey	McGregor O for a closer walk with God
Saturday, 9th November 2024	5.00pm	Evensong	Quire	sung by the Choir of Westminster Abbey	Bach Prelude and Fugue in E minor
Sunday, 10th November 2024	3.00pm	Evensong with Admission of Choristers	Quire	sung by the Choir of Westminster Abbey	Rachmaninoff To thee, O Lord, do I lift up my soul
Sunday, 10th November 2024	3.00pm	Evensong with Admission of Choristers	Quire	sung by the Choir of Westminster Abbey	Ayleward Responses
Sunday, 10th November 2024	3.00pm	Evensong with Admission of Choristers	Quire	sung by the Choir of Westminster Abbey	Stanford in G
Sunday, 10th November 2024	3.00pm	Evensong with Admission of Choristers	Quire	sung by the Choir of Westminster Abbey	Harris Faire is the heaven
Sunday, 10th November 2024	3.00pm	Evensong with Admission of Choristers	Quire	sung by the Choir of Westminster Abbey	Parry Chorale Prelude on 'St Anne's'
Sunday, 10th November 2024	6.00pm	Sung Eucharist	St Margaret's Church	sung by the St Margaret's Choristers and Consort	Fauré Requiem
Monday, 11th November 2024	5.00pm	Evensong	Quire	sung by the Lay Vicars	plainsong Te lucis ante terminum
Monday, 11th November 2024	5.00pm	Evensong	Quire	sung by the Lay Vicars	plainsong Responses
Monday, 11th November 2024	5.00pm	Evensong	Quire	sung by the Lay Vicars	Guerrero Magnificat quarti toni
Monday, 11th November 2024	5.00pm	Evensong	Quire	sung by the Lay Vicars	plainsong Nunc dimittis quarti toni
Monday, 11th November 2024	5.00pm	Evensong	Quire	sung by the Lay Vicars	Martin Justorum animae in manu Dei sunt
Tuesday, 12th November 2024	5.00pm	Evensong	Quire	sung by the Choir of Westminster Abbey	Radcliffe God be in my head
Tuesday, 12th November 2024	5.00pm	Evensong	Quire	sung by the Choir of Westminster Abbey	Radcliffe Responses
Tuesday, 12th November 2024	5.00pm	Evensong	Quire	sung by the Choir of Westminster Abbey	Gibbons The Second Service
Tuesday, 12th November 2024	5.00pm	Evensong	Quire	sung by the Choir of Westminster Abbey	Tomkins My shepherd is the living Lord
Wednesday, 13th November 2024	5.00pm	Evensong	Quire	sung by the St Margaret's Choristers and Consort	Rheinberger Abendlied
Wednesday, 13th November 2024	5.00pm	Evensong	Quire	sung by the St Margaret's Choristers and Consort	Smith Responses
Wednesday, 13th November 2024	5.00pm	Evensong	Quire	sung by the St Margaret's Choristers and Consort	Stanford Evening Service in C
Wednesday, 13th November 2024	5.00pm	Evensong	Quire	sung by the St Margaret's Choristers and Consort	Weir Leaf from leaf Christ knows
Thursday, 14th November 2024	5.00pm	Evensong	Quire	sung by the Choir of Westminster Abbey	Radcliffe God be in my head
Thursday, 14th November 2024	5.00pm	Evensong	Quire	sung by the Choir of Westminster Abbey	Radcliffe Responses
Thursday, 14th November 2024	5.00pm	Evensong	Quire	sung by the Choir of Westminster Abbey	Wood Evening Canticles in E flat II
Thursday, 14th November 2024	5.00pm	Evensong	Quire	sung by the Choir of Westminster Abbey	Bainton And I saw a new heaven
Friday, 15th November 2024	5.00pm	Evensong	Quire	sung by the Choir of Westminster Abbey	Radcliffe God be in my head
Friday, 15th November 2024	5.00pm	Evensong	Quire	sung by the Choir of Westminster Abbey	Radcliffe Responses
Friday, 15th November 2024	5.00pm	Evensong	Quire	sung by the Choir of Westminster Abbey	Palestrina Magnificat quarti toni
Friday, 15th November 2024	5.00pm	Evensong	Quire	sung by the Choir of Westminster Abbey	Victoria Nunc dimittis tertii toni
Friday, 15th November 2024	5.00pm	Evensong	Quire	sung by the Choir of Westminster Abbey	Tye Give almes of thy goods
Saturday, 16th November 2024	5.00pm	Evensong	Quire	sung by the Choir of Westminster Abbey	This service will be live-streamed
Sunday, 17th November 2024	10.00am	Matins	Quire	sung by the Choir of Westminster Abbey	Radcliffe Responses
Sunday, 17th November 2024	10.00am	Matins	Quire	sung by the Choir of Westminster Abbey	Britten Festival Te Deum
Sunday, 17th November 2024	10.00am	Matins	Quire	sung by the Choir of Westminster Abbey	Britten Jubilate Deo in C
Sunday, 17th November 2024	10.00am	Matins	Quire	sung by the Choir of Westminster Abbey	Hindemith Mäßig schnell (Organ Sonata I)
Sunday, 17th November 2024	11.15am	Sung Eucharist	High Altar	sung by the Choir of Westminster Abbey	Byrd Mass for five voices
Sunday, 17th November 2024	11.15am	Sung Eucharist	High Altar	sung by the Choir of Westminster Abbey	Byrd Ave verum corpus
Sunday, 17th November 2024	11.15am	Sung Eucharist	High Altar	sung by the Choir of Westminster Abbey	Bach Prelude and Fugue in C
Sunday, 17th November 2024	3.00pm	Evensong	Quire	sung by the Choir of Westminster Abbey	Radcliffe God be in my head
Sunday, 17th November 2024	3.00pm	Evensong	Quire	sung by the Choir of Westminster Abbey	Radcliffe Responses
Sunday, 17th November 2024	3.00pm	Evensong	Quire	sung by the Choir of Westminster Abbey	Wise Magnificat in E flat
Sunday, 17th November 2024	3.00pm	Evensong	Quire	sung by the Choir of Westminster Abbey	Gabrieli Nunc dimittis a 14
Sunday, 17th November 2024	3.00pm	Evensong	Quire	sung by the Choir of Westminster Abbey	Gant You are the music While the music lasts
Sunday, 17th November 2024	3.00pm	Evensong	Quire	sung by the Choir of Westminster Abbey	Purcell Voluntary in G
Sunday, 17th November 2024	6.00pm	Sung Eucharist	St Margaret's Church	sung by the St Margaret's Choristers	Rheinberger Missa puerorum
Sunday, 17th November 2024	6.00pm	Sung Eucharist	St Margaret's Church	sung by the St Margaret's Choristers	Vivaldi Laudamus te (Gloria)
Sunday, 17th November 2024	6.00pm	Sung Eucharist	St Margaret's Church	sung by the St Margaret's Choristers	Duruflé Fugue sur le thème du carillon des heures de la cathédrale de Soissons
Monday, 18th November 2024	5.00pm	Evensong	Quire	Boys' voices	plainsong Lucis Creator optime
Monday, 18th November 2024	5.00pm	Evensong	Quire	Boys' voices	plainsong Responses
Monday, 18th November 2024	5.00pm	Evensong	Quire	Boys' voices	Dyson Evening Canticles in C minor
Monday, 18th November 2024	5.00pm	Evensong	Quire	Boys' voices	Harris King of glory, King of peace
Tuesday, 19th November 2024	5.00pm	Evensong	Quire	sung by the Choir of Westminster Abbey	Ley A Prayer of King Henry VI
Tuesday, 19th November 2024	5.00pm	Evensong	Quire	sung by the Choir of Westminster Abbey	Rose Responses
Tuesday, 19th November 2024	5.00pm	Evensong	Quire	sung by the Choir of Westminster Abbey	D Purcell Evening Canticles in E minor
Tuesday, 19th November 2024	5.00pm	Evensong	Quire	sung by the Choir of Westminster Abbey	H Purcell O Lord God of hosts
Thursday, 21st November 2024	5.00pm	Evensong	Quire	sung by the Choir of Westminster Abbey	Ley A Prayer of King Henry VI
Thursday, 21st November 2024	5.00pm	Evensong	Quire	sung by the Choir of Westminster Abbey	Rose Responses
Thursday, 21st November 2024	5.00pm	Evensong	Quire	sung by the Choir of Westminster Abbey	Sumsion Evening Service in G
Thursday, 21st November 2024	5.00pm	Evensong	Quire	sung by the Choir of Westminster Abbey	Howells A Hymn for St Cecilia
Saturday, 23rd November 2024	5.00pm	First Evensong of Christ the King	Quire	sung by the Lay Vicars	Palestrina Jesu Rex admirabilis
Saturday, 23rd November 2024	5.00pm	First Evensong of Christ the King	Quire	sung by the Lay Vicars	Moore Responses
Saturday, 23rd November 2024	5.00pm	First Evensong of Christ the King	Quire	sung by the Lay Vicars	Morley The Second Service
Saturday, 23rd November 2024	5.00pm	First Evensong of Christ the King	Quire	sung by the Lay Vicars	Palestrina O bone Jesu
Sunday, 24th November 2024	10.00am	Matins	Quire	sung by the Lay Vicars	plainsong Responses
Sunday, 24th November 2024	10.00am	Matins	Quire	sung by the Lay Vicars	Victoria Te Deum laudamus
Sunday, 24th November 2024	10.00am	Matins	Quire	sung by the Lay Vicars	Moore Jubilate Deo
Sunday, 24th November 2024	10.00am	Matins	Quire	sung by the Lay Vicars	Froberger Toccata in F
Sunday, 24th November 2024	11.15am	Sung Eucharist	High Altar	sung by the Lay Vicars	Palestrina Missa Aeterna Christi munera
Sunday, 24th November 2024	11.15am	Sung Eucharist	High Altar	sung by the Lay Vicars	Vivanco O Rex gloriae
Sunday, 24th November 2024	3.00pm	Evensong	Quire	sung by the Lay Vicars	This service will be live-streamed
Sunday, 24th November 2024	6.00pm	Sung Eucharist	St Margaret's Church	sung by St Margaret's Choristers and Consort	Byrd Mass for four voices
Sunday, 24th November 2024	6.00pm	Sung Eucharist	St Margaret's Church	sung by St Margaret's Choristers and Consort	Haydn Achieved is the glorious work
Sunday, 24th November 2024	6.00pm	Sung Eucharist	St Margaret's Church	sung by St Margaret's Choristers and Consort	Vierne Toccata
Monday, 25th November 2024	5.00pm	Evensong	Quire	sung by the Lay Vicars	plainsong Lucis Creator optime
Monday, 25th November 2024	5.00pm	Evensong	Quire	sung by the Lay Vicars	plainsong Responses
Monday, 25th November 2024	5.00pm	Evensong	Quire	sung by the Lay Vicars	Tallis The Short Service
Monday, 25th November 2024	5.00pm	Evensong	Quire	sung by the Lay Vicars	Palestrina Inclytae sanctae virginis
Wednesday, 27th November 2024	5.00pm	Evensong	Quire	sung by the St Margaret's Choristers and Consort	arr Smith Moore We shall walk through the valley
Wednesday, 27th November 2024	5.00pm	Evensong	Quire	sung by the St Margaret's Choristers and Consort	Smith Responses
Wednesday, 27th November 2024	5.00pm	Evensong	Quire	sung by the St Margaret's Choristers and Consort	Brewer Evening Canticles in D
Wednesday, 27th November 2024	5.00pm	Evensong	Quire	sung by the St Margaret's Choristers and Consort	Parry My soul, there is a country
Thursday, 28th November 2024	5.00pm	Evensong	Quire	sung by the Choir of Westminster Abbey	Bairstow I sat down under his shadow
Thursday, 28th November 2024	5.00pm	Evensong	Quire	sung by the Choir of Westminster Abbey	Leighton Responses
Thursday, 28th November 2024	5.00pm	Evensong	Quire	sung by the Choir of Westminster Abbey	Walmisley Evening Canticles in D minor
Thursday, 28th November 2024	5.00pm	Evensong	Quire	sung by the Choir of Westminster Abbey	Wesley Thou wilt keep him in perfect peace
Friday, 29th November 2024	5.00pm	Evensong	Quire	sung by the Choir of Westminster Abbey; attended by HE The High Commissioner for Barbados	Bairstow I sat down under his shadow
Friday, 29th November 2024	5.00pm	Evensong	Quire	sung by the Choir of Westminster Abbey; attended by HE The High Commissioner for Barbados	Leighton Responses
Friday, 29th November 2024	5.00pm	Evensong	Quire	sung by the Choir of Westminster Abbey; attended by HE The High Commissioner for Barbados	Tomkins The First Service
Friday, 29th November 2024	5.00pm	Evensong	Quire	sung by the Choir of Westminster Abbey; attended by HE The High Commissioner for Barbados	Purcell Hear my prayer, O Lord
Saturday, 30th November 2024	5.00pm	Evensong	Quire	sung by the Choir of Westminster Abbey	Victoria O quam gloriosum est regnum
Saturday, 30th November 2024	5.00pm	Evensong	Quire	sung by the Choir of Westminster Abbey	Leighton Responses
Saturday, 30th November 2024	5.00pm	Evensong	Quire	sung by the Choir of Westminster Abbey	Tippett St John's Service
Saturday, 30th November 2024	5.00pm	Evensong	Quire	sung by the Choir of Westminster Abbey	Dove I am the day
Saturday, 30th November 2024	5.00pm	Evensong	Quire	sung by the Choir of Westminster Abbey	Dupré Toccata (Deuxième Symphonie)
Sunday, 1st December 2024	11.15am	Sung Eucharist	High Altar	sung by the Choir of Westminster Abbey	Palestrina Missa Papae Marcelli
Sunday, 1st December 2024	11.15am	Sung Eucharist	High Altar	sung by the Choir of Westminster Abbey	Byrd Rorate caeli desuper
Sunday, 1st December 2024	11.15am	Sung Eucharist	High Altar	sung by the Choir of Westminster Abbey	Byrd Fantasia in A minor
Sunday, 1st December 2024	6.00pm	Sung Eucharist	St Margaret's Church	sung by the St Margaret's Choristers and Consort	Palestrina Missa Aeterna Christi munera
Sunday, 1st December 2024	6.00pm	Sung Eucharist	St Margaret's Church	sung by the St Margaret's Choristers and Consort	Praetorius Lo, how a rose e'er blooming
Sunday, 1st December 2024	6.00pm	Sung Eucharist	St Margaret's Church	sung by the St Margaret's Choristers and Consort	Bach Passacaglia
Monday, 2nd December 2024	5.00pm	Evensong	Quire	sung by the Choristers of Westminster Abbey	plainsong Conditor alme siderum
Monday, 2nd December 2024	5.00pm	Evensong	Quire	sung by the Choristers of Westminster Abbey	plainsong Responses
Monday, 2nd December 2024	5.00pm	Evensong	Quire	sung by the Choristers of Westminster Abbey	Malcolm Magnificat secundi toni
Monday, 2nd December 2024	5.00pm	Evensong	Quire	sung by the Choristers of Westminster Abbey	Burgon Nunc dimittis
Monday, 2nd December 2024	5.00pm	Evensong	Quire	sung by the Choristers of Westminster Abbey	Handel How beautiful are the feet
Saturday, 7th December 2024	5.00pm	Evensong	Quire	sung by the Choir of Westminster Abbey	Clucas Prepare ye the way of the Lord
Saturday, 7th December 2024	5.00pm	Evensong	Quire	sung by the Choir of Westminster Abbey	Ayleward Responses
Saturday, 7th December 2024	5.00pm	Evensong	Quire	sung by the Choir of Westminster Abbey	Stanford Evening Service in A
Saturday, 7th December 2024	5.00pm	Evensong	Quire	sung by the Choir of Westminster Abbey	Howells A spotless rose is blowing
Saturday, 7th December 2024	5.00pm	Evensong	Quire	sung by the Choir of Westminster Abbey	Howells Rhapsody I
Sunday, 8th December 2024	10.00am	Matins	Quire	sung by the Choir of Westminster Abbey	Ayleward Responses
Sunday, 8th December 2024	10.00am	Matins	Quire	sung by the Choir of Westminster Abbey	Dyson Benedicite in F
Sunday, 8th December 2024	10.00am	Matins	Quire	sung by the Choir of Westminster Abbey	Darke Chorale-Prelude on the tune 'St Peter'
Sunday, 8th December 2024	11.15am	Sung Eucharist	High Altar	sung by the Choir of Westminster Abbey	Vierne Messe solennelle
Sunday, 8th December 2024	11.15am	Sung Eucharist	High Altar	sung by the Choir of Westminster Abbey	Ledger Adam lay ybounden
Sunday, 8th December 2024	11.15am	Sung Eucharist	High Altar	sung by the Choir of Westminster Abbey	Vierne Final (Symphonie III)
Sunday, 8th December 2024	3.00pm	Evensong	Quire	sung by the Choir of Westminster Abbey	Clucas Prepare ye the way of the Lord
Sunday, 8th December 2024	3.00pm	Evensong	Quire	sung by the Choir of Westminster Abbey	Ayleward Responses
Sunday, 8th December 2024	3.00pm	Evensong	Quire	sung by the Choir of Westminster Abbey	Tallis Magnificat octavi toni
Sunday, 8th December 2024	3.00pm	Evensong	Quire	sung by the Choir of Westminster Abbey	plainsong Nunc dimittis octavi toni
Sunday, 8th December 2024	3.00pm	Evensong	Quire	sung by the Choir of Westminster Abbey	Byrd Laetentur coeli et exultet terra
Sunday, 8th December 2024	3.00pm	Evensong	Quire	sung by the Choir of Westminster Abbey	Mendelssohn Prelude and Fugue in C minor
Monday, 9th December 2024	5.00pm	Evensong	Quire	sung by the Lay Vicars of Westminster Abbey	Byrd Ave Maria
Monday, 9th December 2024	5.00pm	Evensong	Quire	sung by the Lay Vicars of Westminster Abbey	plainsong Responses
Monday, 9th December 2024	5.00pm	Evensong	Quire	sung by the Lay Vicars of Westminster Abbey	Ives Magdalen Service
Monday, 9th December 2024	5.00pm	Evensong	Quire	sung by the Lay Vicars of Westminster Abbey	Poulenc Salut, dame sainte
Tuesday, 10th December 2024	5.00pm	Evensong	Quire	sung by the Choir of Westminster	Poston Jesus Christ the apple tree
Tuesday, 10th December 2024	5.00pm	Evensong	Quire	sung by the Choir of Westminster	Morley Responses
Tuesday, 10th December 2024	5.00pm	Evensong	Quire	sung by the Choir of Westminster	Byrd The Third Service
Tuesday, 10th December 2024	5.00pm	Evensong	Quire	sung by the Choir of Westminster	Gibbons This is the record of John
Thursday, 12th December 2024	5.00pm	Evensong	Quire	sung by the Choir of Westminster Abbey; attended by the Deputy High Commissioner for Kenya	Poston Jesus Christ the apple tree
Thursday, 12th December 2024	5.00pm	Evensong	Quire	sung by the Choir of Westminster Abbey; attended by the Deputy High Commissioner for Kenya	Morley Responses
Thursday, 12th December 2024	5.00pm	Evensong	Quire	sung by the Choir of Westminster Abbey; attended by the Deputy High Commissioner for Kenya	Purcell Evening Service in E minor
Thursday, 12th December 2024	5.00pm	Evensong	Quire	sung by the Choir of Westminster Abbey; attended by the Deputy High Commissioner for Kenya	Byrd Vigilate
Friday, 13th December 2024	5.00pm	Evensong	Quire	sung by the Lay Vicars of Westminster Abbey	Mouton Salve nos Domine vigilantes
Friday, 13th December 2024	5.00pm	Evensong	Quire	sung by the Lay Vicars of Westminster Abbey	plainsong Responses
Friday, 13th December 2024	5.00pm	Evensong	Quire	sung by the Lay Vicars of Westminster Abbey	Jackson Truro Service
Friday, 13th December 2024	5.00pm	Evensong	Quire	sung by the Lay Vicars of Westminster Abbey	Palestrina Rorate coeli desuper
Saturday, 14th December 2024	5.00pm	Evensong	Quire	sung by the Lay Vicars of Westminster Abbey	Mouton Salve nos Domine vigilantes
Saturday, 14th December 2024	5.00pm	Evensong	Quire	sung by the Lay Vicars of Westminster Abbey	plainsong Responses
Saturday, 14th December 2024	5.00pm	Evensong	Quire	sung by the Lay Vicars of Westminster Abbey	Palestrina Magnificat quarti toni
Saturday, 14th December 2024	5.00pm	Evensong	Quire	sung by the Lay Vicars of Westminster Abbey	Reid Nunc dimittis tertii toni
Saturday, 14th December 2024	5.00pm	Evensong	Quire	sung by the Lay Vicars of Westminster Abbey	Tallis Audivi vocem de caelo
Saturday, 14th December 2024	5.00pm	Evensong	Quire	sung by the Lay Vicars of Westminster Abbey	Bach Fugue in D
Sunday, 15th December 2024	10.00am	Matins	Quire	sung by the Lay Vicars of Westminster Abbey	plainsong Responses
Sunday, 15th December 2024	10.00am	Matins	Quire	sung by the Lay Vicars of Westminster Abbey	Batten Benedicite (Short Service)
Sunday, 15th December 2024	10.00am	Matins	Quire	sung by the Lay Vicars of Westminster Abbey	Tomkins Benedictus (First Service)
Sunday, 15th December 2024	10.00am	Matins	Quire	sung by the Lay Vicars of Westminster Abbey	Handel 'The Harmonious Blacksmith'
Sunday, 15th December 2024	11.15am	Sung Eucharist	High Altar	sung by the Lay Vicars of Westminster Abbey	Duruflé Messe cum jubilo
Sunday, 15th December 2024	11.15am	Sung Eucharist	High Altar	sung by the Lay Vicars of Westminster Abbey	Gounod O salutaris hostia
Sunday, 15th December 2024	11.15am	Sung Eucharist	High Altar	sung by the Lay Vicars of Westminster Abbey	Duruflé Fugue sur le thème du carillon des heures de la cathédrale de Soissons
Sunday, 15th December 2024	3.00pm	Evensong	Quire	sung by the Lay Vicars of Westminster Abbey	Mouton Salva nos Domine vigilantes
Sunday, 15th December 2024	3.00pm	Evensong	Quire	sung by the Lay Vicars of Westminster Abbey	plainsong Responses
Sunday, 15th December 2024	3.00pm	Evensong	Quire	sung by the Lay Vicars of Westminster Abbey	Palestrina Magnificat tertii toni
Sunday, 15th December 2024	3.00pm	Evensong	Quire	sung by the Lay Vicars of Westminster Abbey	Palestrina Nunc dimittis tertii toni
Sunday, 15th December 2024	3.00pm	Evensong	Quire	sung by the Lay Vicars of Westminster Abbey	Morales Inter natos mulierum
Sunday, 15th December 2024	3.00pm	Evensong	Quire	sung by the Lay Vicars of Westminster Abbey	Bach Nun komm, der Heiden Heiland
Sunday, 15th December 2024	6.00pm	Sung Eucharist	St Margaret's Church	sung by the St Margaret's Choristers	Chaminade Messe pour deux voix égales
Sunday, 15th December 2024	6.00pm	Sung Eucharist	St Margaret's Church	sung by the St Margaret's Choristers	Warlock Adam lay ybounden
Sunday, 15th December 2024	6.00pm	Sung Eucharist	St Margaret's Church	sung by the St Margaret's Choristers	Vierne Hymne au Soleil
Monday, 16th December 2024	5.00pm	Evensong	Quire	sung by the Lay Vicars of Westminster Abbey	plainsong Conditor alme siderum
Monday, 16th December 2024	5.00pm	Evensong	Quire	sung by the Lay Vicars of Westminster Abbey	plainsong Responses
Monday, 16th December 2024	5.00pm	Evensong	Quire	sung by the Lay Vicars of Westminster Abbey	Tallis The Short Service
Monday, 16th December 2024	5.00pm	Evensong	Quire	sung by the Lay Vicars of Westminster Abbey	Palestrina Fuit homo missus a Deo
Tuesday, 17th December 2024	5.00pm	Evensong	Quire	sung by the Lay Vicars	plainsong O Sapientia
Tuesday, 17th December 2024	5.00pm	Evensong	Quire	sung by the Lay Vicars	plainsong Responses
Tuesday, 17th December 2024	5.00pm	Evensong	Quire	sung by the Lay Vicars	Victoria Magnificat tertii toni
Tuesday, 17th December 2024	5.00pm	Evensong	Quire	sung by the Lay Vicars	plainsong Nunc dimittis secundi toni
Tuesday, 17th December 2024	5.00pm	Evensong	Quire	sung by the Lay Vicars	Morales Missus est Gabriel angelus
Saturday, 21st December 2024	5.00pm	Evensong	Quire	sung by the Lay Vicars of Westminster Abbey	plainsong O Oriens
Saturday, 21st December 2024	5.00pm	Evensong	Quire	sung by the Lay Vicars of Westminster Abbey	plainsong Responses
Saturday, 21st December 2024	5.00pm	Evensong	Quire	sung by the Lay Vicars of Westminster Abbey	West Evening Canticles in C
Saturday, 21st December 2024	5.00pm	Evensong	Quire	sung by the Lay Vicars of Westminster Abbey	Morales Ecce virgo concipiet
Saturday, 21st December 2024	5.00pm	Evensong	Quire	sung by the Lay Vicars of Westminster Abbey	Vierne Adagio (Symphonie III)
Sunday, 22nd December 2024	10.00am	Matins	Quire	sung by the Choir of Westminster Abbey	Ayleward Responses
Sunday, 22nd December 2024	10.00am	Matins	Quire	sung by the Choir of Westminster Abbey	Jackson Benedicite in G
Sunday, 22nd December 2024	10.00am	Matins	Quire	sung by the Choir of Westminster Abbey	Karg-Elert Vom Himmel hoch da komm ich her
Sunday, 22nd December 2024	11.15am	Sung Eucharist	High Altar	sung by the Choir of Westminster Abbey	Byrd Mass for four voices
Sunday, 22nd December 2024	11.15am	Sung Eucharist	High Altar	sung by the Choir of Westminster Abbey	Byrd Ave Maria
Sunday, 22nd December 2024	11.15am	Sung Eucharist	High Altar	sung by the Choir of Westminster Abbey	Parry Fantasia in G
Sunday, 22nd December 2024	3.00pm	Evensong	Quire	sung by the Lay Vicars	plainsong O Rex gentium
Sunday, 22nd December 2024	3.00pm	Evensong	Quire	sung by the Lay Vicars	plainsong Responses
Sunday, 22nd December 2024	3.00pm	Evensong	Quire	sung by the Lay Vicars	Moore First Service
Sunday, 22nd December 2024	3.00pm	Evensong	Quire	sung by the Lay Vicars	Verdelot Beata es virgo Maria
Sunday, 22nd December 2024	3.00pm	Evensong	Quire	sung by the Lay Vicars	Couperin Offertoire sur les grands jeux (Messe pour les Paroisses)
Sunday, 22nd December 2024	6.00pm	Sung Eucharist	St Margaret's Church	sung by the St Margaret's Choristers and Consort	Darke Communion Service in F
Sunday, 22nd December 2024	6.00pm	Sung Eucharist	St Margaret's Church	sung by the St Margaret's Choristers and Consort	Willis I sing of a maiden
Sunday, 22nd December 2024	6.00pm	Sung Eucharist	St Margaret's Church	sung by the St Margaret's Choristers and Consort	Price Toccato (Suite I)
Tuesday, 24th December 2024	11.00pm	Sung Eucharist of Christmas Night	High Altar	sung by the Choir of Westminster Abbey	attendance by free ticket only
Wednesday, 25th December 2024	10.30am	Sung Eucharist	High Altar	sung by the Choir of Westminster Abbey	attendance by free ticket only
Wednesday, 25th December 2024	3.00pm	Evensong	Quire	sung by the Choir of Westminster Abbey	Poston Jesus Christ the Apple Tree
Wednesday, 25th December 2024	3.00pm	Evensong	Quire	sung by the Choir of Westminster Abbey	Rose Responses
Wednesday, 25th December 2024	3.00pm	Evensong	Quire	sung by the Choir of Westminster Abbey	Dyson Evening Canticles in D
Wednesday, 25th December 2024	3.00pm	Evensong	Quire	sung by the Choir of Westminster Abbey	Sheppard Verbum caro factum est
Wednesday, 25th December 2024	3.00pm	Evensong	Quire	sung by the Choir of Westminster Abbey	Bach In dulci jubilo
Wednesday, 25th December 2024	3.00pm	Evensong	Quire	sung by the Choir of Westminster Abbey	Lanquetuit Toccata in D
Saturday, 28th December 2024	5.00pm	Evensong	Quire	sung by Voces Aulae	Smith Responses
Saturday, 28th December 2024	5.00pm	Evensong	Quire	sung by Voces Aulae	Stanford Evening Service in C
Saturday, 28th December 2024	5.00pm	Evensong	Quire	sung by Voces Aulae	Warlock Bethlehem Down
Saturday, 28th December 2024	5.00pm	Evensong	Quire	sung by Voces Aulae	Mendelssohn Allegro maestoso and Fugue (Sonata II)
Sunday, 29th December 2024	11.15am	Sung Eucharist	High Altar	sung by Exultate	Haydn Missa brevis Sancti Joannis de Deo
Sunday, 29th December 2024	11.15am	Sung Eucharist	High Altar	sung by Exultate	Rutter All Bells in Paradise
Sunday, 29th December 2024	11.15am	Sung Eucharist	High Altar	sung by Exultate	Vierne Final (Symphonie I)
Sunday, 29th December 2024	3.00pm	Evensong	Quire	sung by Exultate	Clucas Responses
Sunday, 29th December 2024	3.00pm	Evensong	Quire	sung by Exultate	Stanford Evening Service in A
Sunday, 29th December 2024	3.00pm	Evensong	Quire	sung by Exultate	Mathias A babe is born all of a may
Sunday, 29th December 2024	3.00pm	Evensong	Quire	sung by Exultate	Widor Toccata (Symphonie V)
Monday, 30th December 2024	5.00pm	Evensong	Quire	sung by The Choir of St Paul's College, University of Sydney, Australia	Rose Responses
Monday, 30th December 2024	5.00pm	Evensong	Quire	sung by The Choir of St Paul's College, University of Sydney, Australia	Howells Collegium Regale
Monday, 30th December 2024	5.00pm	Evensong	Quire	sung by The Choir of St Paul's College, University of Sydney, Australia	Gardner A Gallery Carol
Tuesday, 31st December 2024	5.00pm	First Evensong of the Naming and Circumcision of Jesus	Quire	sung by The Choir of St Paul's College, University of Sydney, Australia	Rose Responses
Tuesday, 31st December 2024	5.00pm	First Evensong of the Naming and Circumcision of Jesus	Quire	sung by The Choir of St Paul's College, University of Sydney, Australia	Jackson Evening Service in G
Tuesday, 31st December 2024	5.00pm	First Evensong of the Naming and Circumcision of Jesus	Quire	sung by The Choir of St Paul's College, University of Sydney, Australia	arr Peelman Carol of the Birds
