Thursday, 2nd January 2025	5.00pm	Evensong	Quire	sung by the Cathedral Singers of Ontario, Canada	Smith Responses
Thursday, 2nd January 2025	5.00pm	Evensong	Quire	sung by the Cathedral Singers of Ontario, Canada	Walmisley Evening Canticles in D minor
Thursday, 2nd January 2025	5.00pm	Evensong	Quire	sung by the Cathedral Singers of Ontario, Canada	Emery Torches
Friday, 3rd January 2025	5.00pm	Evensong	Quire	sung by the Cathedral Singers of Ontario, Canada	Smith Responses
Friday, 3rd January 2025	5.00pm	Evensong	Quire	sung by the Cathedral Singers of Ontario, Canada	Wood Evening Canticles in D
Friday, 3rd January 2025	5.00pm	Evensong	Quire	sung by the Cathedral Singers of Ontario, Canada	Berkeley I sing of a maiden
Saturday, 4th January 2025	5.00pm	Evensong	Quire	sung by the Cathedral Singers of Ontario, Canada	Smith Responses
Saturday, 4th January 2025	5.00pm	Evensong	Quire	sung by the Cathedral Singers of Ontario, Canada	Murrill Evening Canticles in E
Saturday, 4th January 2025	5.00pm	Evensong	Quire	sung by the Cathedral Singers of Ontario, Canada	Watson Henderson Lullaby for the Christ Child
Saturday, 4th January 2025	5.00pm	Evensong	Quire	sung by the Cathedral Singers of Ontario, Canada	Bach Vom Himmel hoch, da komm ich her
Sunday, 5th January 2025	11.15am	Sung Eucharist	High Altar	sung by the Cathedral Singers of Ontario, Canada	Darke Communion Service in F
Sunday, 5th January 2025	11.15am	Sung Eucharist	High Altar	sung by the Cathedral Singers of Ontario, Canada	Willan O sacred feast
Sunday, 5th January 2025	11.15am	Sung Eucharist	High Altar	sung by the Cathedral Singers of Ontario, Canada	Messiaen Dieu parmi nous
Sunday, 5th January 2025	3.00pm	First Evensong of the Epiphany of Our Lord	Quire	sung by the Cathedral Singers of Ontario, Canada	Smith Responses
Sunday, 5th January 2025	3.00pm	First Evensong of the Epiphany of Our Lord	Quire	sung by the Cathedral Singers of Ontario, Canada	Howells Collegium Regale
Sunday, 5th January 2025	3.00pm	First Evensong of the Epiphany of Our Lord	Quire	sung by the Cathedral Singers of Ontario, Canada	Howells Here is the little door
Sunday, 5th January 2025	3.00pm	First Evensong of the Epiphany of Our Lord	Quire	sung by the Cathedral Singers of Ontario, Canada	Howells Master Tallis's Testament
Monday, 6th January 2025	5.00pm	Sung Eucharist	High Altar	sung by the Westminster Abbey Special Service Choir	Tallis Missa Puer natus est nobis
Monday, 6th January 2025	5.00pm	Sung Eucharist	High Altar	sung by the Westminster Abbey Special Service Choir	Handl Omnes de Saba venient
Monday, 6th January 2025	5.00pm	Sung Eucharist	High Altar	sung by the Westminster Abbey Special Service Choir	Buxtehude Wie schön leuchtet der Morgenstern
Tuesday, 7th January 2025	5.00pm	Evensong	Quire	sung by the Lay Vicars of Westminster Abbey	plainsong Ecce advenit Dominatur Dominus
Tuesday, 7th January 2025	5.00pm	Evensong	Quire	sung by the Lay Vicars of Westminster Abbey	Tallis Responses
Tuesday, 7th January 2025	5.00pm	Evensong	Quire	sung by the Lay Vicars of Westminster Abbey	Victoria Magnificat quarti toni
Tuesday, 7th January 2025	5.00pm	Evensong	Quire	sung by the Lay Vicars of Westminster Abbey	Victoria Magi viderunt stella
Thursday, 9th January 2025	5.00pm	Evensong	Quire	sung by the Lay Vicars of Westminster Abbey	plainsong Ecce advenit Dominator Dominus
Thursday, 9th January 2025	5.00pm	Evensong	Quire	sung by the Lay Vicars of Westminster Abbey	Tallis Responses
Thursday, 9th January 2025	5.00pm	Evensong	Quire	sung by the Lay Vicars of Westminster Abbey	Ortiz Magnificat primi toni
Thursday, 9th January 2025	5.00pm	Evensong	Quire	sung by the Lay Vicars of Westminster Abbey	Ortiz Nunc dimittis tertii toni
Thursday, 9th January 2025	5.00pm	Evensong	Quire	sung by the Lay Vicars of Westminster Abbey	Morales Cum natus esset Jesus
Friday, 10th January 2025	5.00pm	Evensong	Quire	sung by the Lay Vicars of Westminster Abbey	plainsong Ecce advenit Dominator Dominus 
Friday, 10th January 2025	5.00pm	Evensong	Quire	sung by the Lay Vicars of Westminster Abbey	Tallis Responses
Friday, 10th January 2025	5.00pm	Evensong	Quire	sung by the Lay Vicars of Westminster Abbey	Tomkins The First Service
Friday, 10th January 2025	5.00pm	Evensong	Quire	sung by the Lay Vicars of Westminster Abbey	Byrd Reges Tharsis et insulae
Saturday, 11th January 2025	5.00pm	First Evensong of the Baptism of Christ	Quire	sung by the Lay Vicars of Westminster Abbey	Plainsong Ecce advenit Dominator Dominus 
Saturday, 11th January 2025	5.00pm	First Evensong of the Baptism of Christ	Quire	sung by the Lay Vicars of Westminster Abbey	Tallis Responses
Saturday, 11th January 2025	5.00pm	First Evensong of the Baptism of Christ	Quire	sung by the Lay Vicars of Westminster Abbey	Moore Evening Canticles in A
Saturday, 11th January 2025	5.00pm	First Evensong of the Baptism of Christ	Quire	sung by the Lay Vicars of Westminster Abbey	Moore Lo! that is a marvellous change
Saturday, 11th January 2025	5.00pm	First Evensong of the Baptism of Christ	Quire	sung by the Lay Vicars of Westminster Abbey	Howells Psalm Prelude Set 1 no 3
Sunday, 12th January 2025	10.00am	Matins	Quire	sung by the Lay Vicars of Westminster Abbey	Tallis Responses
Sunday, 12th January 2025	10.00am	Matins	Quire	sung by the Lay Vicars of Westminster Abbey	Clucas Te Deum (Westminster Service)
Sunday, 12th January 2025	10.00am	Matins	Quire	sung by the Lay Vicars of Westminster Abbey	Duruflé Prélude sur l'introït de l'Épiphanie
Sunday, 12th January 2025	11.15am	Sung Eucharist	High Altar	sung by the Lay Vicars of Westminster Abbey	Chapple Missa brevis 2024
Sunday, 12th January 2025	11.15am	Sung Eucharist	High Altar	sung by the Lay Vicars of Westminster Abbey	Kennedy O nata lux de lumine
Sunday, 12th January 2025	11.15am	Sung Eucharist	High Altar	sung by the Lay Vicars of Westminster Abbey	Litaize Épiphanie
Sunday, 12th January 2025	3.00pm	Evensong	Quire	sung by the Lay Vicars of Westminster Abbey	plainsong Ecce advenit Dominator Dominus 
Sunday, 12th January 2025	3.00pm	Evensong	Quire	sung by the Lay Vicars of Westminster Abbey	Tallis Responses
Sunday, 12th January 2025	3.00pm	Evensong	Quire	sung by the Lay Vicars of Westminster Abbey	Anerio Magnificat octavi toni
Sunday, 12th January 2025	3.00pm	Evensong	Quire	sung by the Lay Vicars of Westminster Abbey	Reid Nunc dimittis tertii toni
Sunday, 12th January 2025	3.00pm	Evensong	Quire	sung by the Lay Vicars of Westminster Abbey	Palestrina Tribus miraculus
Sunday, 12th January 2025	3.00pm	Evensong	Quire	sung by the Lay Vicars of Westminster Abbey	Buxtehude Praeludium in D
Sunday, 12th January 2025	6.00pm	Sung Eucharist	St Margaret's Church	sung by the St Margaret's Choristers and Consort	Haydn Missa brevis Sancti Joannis de Deo
Sunday, 12th January 2025	6.00pm	Sung Eucharist	St Margaret's Church	sung by the St Margaret's Choristers and Consort	Tallis O nata lux de lumine
Sunday, 12th January 2025	6.00pm	Sung Eucharist	St Margaret's Church	sung by the St Margaret's Choristers and Consort	Elgar Ave verum corpus
Sunday, 12th January 2025	6.00pm	Sung Eucharist	St Margaret's Church	sung by the St Margaret's Choristers and Consort	Bach Fugue in D
Monday, 13th January 2025	5.00pm	Evensong	Quire	sung by the Lay Vicars of Westminster Abbey	plainsong Hostis Herodes impie
Monday, 13th January 2025	5.00pm	Evensong	Quire	sung by the Lay Vicars of Westminster Abbey	Tallis Responses
Monday, 13th January 2025	5.00pm	Evensong	Quire	sung by the Lay Vicars of Westminster Abbey	Guerrero Magnificat primi toni
Monday, 13th January 2025	5.00pm	Evensong	Quire	sung by the Lay Vicars of Westminster Abbey	Guerrero Pastores loquebantur ad invicem
Tuesday, 14th January 2025	5.00pm	Evensong	Quire	sung by the Choir of Westminster Abbey	Poulenc Videntes stellam magi gavisi
Tuesday, 14th January 2025	5.00pm	Evensong	Quire	sung by the Choir of Westminster Abbey	Rose Responses
Tuesday, 14th January 2025	5.00pm	Evensong	Quire	sung by the Choir of Westminster Abbey	Sumsion Evening Service in G
Tuesday, 14th January 2025	5.00pm	Evensong	Quire	sung by the Choir of Westminster Abbey	Poulenc Quem vidistis pastores
Thursday, 16th January 2025	5.00pm	Evensong	Quire	sung by the Choir of Westminster Abbey	Poulenc Videntes stellam magi gavisi
Thursday, 16th January 2025	5.00pm	Evensong	Quire	sung by the Choir of Westminster Abbey	Rose Responses
Thursday, 16th January 2025	5.00pm	Evensong	Quire	sung by the Choir of Westminster Abbey	Purcell Evening Service in G minor
Thursday, 16th January 2025	5.00pm	Evensong	Quire	sung by the Choir of Westminster Abbey	Bull Almighty God, which by the leading of a star
Friday, 17th January 2025	5.00pm	Evensong	Quire	sung by the Choir of Westminster Abbey	Poulenc Videntes stellam magi gavisi
Friday, 17th January 2025	5.00pm	Evensong	Quire	sung by the Choir of Westminster Abbey	Rose Responses
Friday, 17th January 2025	5.00pm	Evensong	Quire	sung by the Choir of Westminster Abbey	Palestrina Magnificat quarti toni
Friday, 17th January 2025	5.00pm	Evensong	Quire	sung by the Choir of Westminster Abbey	Poulenc O magnum mysterium
Saturday, 18th January 2025	5.00pm	Evensong	Quire	sung by the Choir of Westminster Abbey	Poulenc Videntes stellam
Saturday, 18th January 2025	5.00pm	Evensong	Quire	sung by the Choir of Westminster Abbey	Rose Responses
Saturday, 18th January 2025	5.00pm	Evensong	Quire	sung by the Choir of Westminster Abbey	Muhly Westminster Service
Saturday, 18th January 2025	5.00pm	Evensong	Quire	sung by the Choir of Westminster Abbey	McDowall O sing unto the Lord
Saturday, 18th January 2025	5.00pm	Evensong	Quire	sung by the Choir of Westminster Abbey	Parry The Old Hundredth
Sunday, 19th January 2025	10.00am	Matins	Quire	sung by the Choir of Westminster Abbey	Rose Responses
Sunday, 19th January 2025	10.00am	Matins	Quire	sung by the Choir of Westminster Abbey	Britten Te Deum in C
Sunday, 19th January 2025	10.00am	Matins	Quire	sung by the Choir of Westminster Abbey	Britten Jubilate Deo in C
Sunday, 19th January 2025	10.00am	Matins	Quire	sung by the Choir of Westminster Abbey	Britten arr Lapwood Sunday Morning (Four Sea Interludes Op 33a)
Sunday, 19th January 2025	11.15am	Sung Eucharist	High Altar	sung by the Choir of Westminster Abbey	Victoria Missa O magnum mysterium
Sunday, 19th January 2025	11.15am	Sung Eucharist	High Altar	sung by the Choir of Westminster Abbey	Victoria O magnum mysterium
Sunday, 19th January 2025	11.15am	Sung Eucharist	High Altar	sung by the Choir of Westminster Abbey	Bach Prelude in C
Sunday, 19th January 2025	3.00pm	Evensong	Quire	sung by the Choir of Westminster Abbey	Swayne O my dear heart
Sunday, 19th January 2025	3.00pm	Evensong	Quire	sung by the Choir of Westminster Abbey	Rose Responses
Sunday, 19th January 2025	3.00pm	Evensong	Quire	sung by the Choir of Westminster Abbey	Dyson Evening Canticles in D
Sunday, 19th January 2025	3.00pm	Evensong	Quire	sung by the Choir of Westminster Abbey	arr Jackson Noël nouvelet
Sunday, 19th January 2025	3.00pm	Evensong	Quire	sung by the Choir of Westminster Abbey	Howells Rhapsody III
Sunday, 19th January 2025	6.00pm	Sung Eucharist	St Margaret's Church	sung by the St Margaret's Choristers	Rheinberger Missa Puerorum
Sunday, 19th January 2025	6.00pm	Sung Eucharist	St Margaret's Church	sung by the St Margaret's Choristers	Rheinberger Verbum supernum prodiens
Sunday, 19th January 2025	6.00pm	Sung Eucharist	St Margaret's Church	sung by the St Margaret's Choristers	Grigny Dialogue sur les grands jeux (Ave Maris Stella)
Monday, 20th January 2025	5.00pm	Evensong	Quire	sung by the Choristers of Westminster Abbey	plainsong Lucis Creator optime
Monday, 20th January 2025	5.00pm	Evensong	Quire	sung by the Choristers of Westminster Abbey	plainsong Responses
Monday, 20th January 2025	5.00pm	Evensong	Quire	sung by the Choristers of Westminster Abbey	Malcolm Magnificat secundi toni
Monday, 20th January 2025	5.00pm	Evensong	Quire	sung by the Choristers of Westminster Abbey	Weir Holy Innocents
Tuesday, 21st January 2025	5.00pm	Evensong	Quire	sung by the Choir of Westminster Abbey	Handl Omnes de Saba venient
Tuesday, 21st January 2025	5.00pm	Evensong	Quire	sung by the Choir of Westminster Abbey	Clucas Responses
Tuesday, 21st January 2025	5.00pm	Evensong	Quire	sung by the Choir of Westminster Abbey	Tomkins The First Service
Tuesday, 21st January 2025	5.00pm	Evensong	Quire	sung by the Choir of Westminster Abbey	Gibbons See, see the Word is incarnate
Wednesday, 22nd January 2025	5.00pm	Evensong	Quire	sung by the St Margaret's Choristers and Consort	Tallis O nata lux de lumine
Wednesday, 22nd January 2025	5.00pm	Evensong	Quire	sung by the St Margaret's Choristers and Consort	Smith Responses
Wednesday, 22nd January 2025	5.00pm	Evensong	Quire	sung by the St Margaret's Choristers and Consort	Stanford Evening Service in C
Wednesday, 22nd January 2025	5.00pm	Evensong	Quire	sung by the St Margaret's Choristers and Consort	Bach O Jesu Christ, meins lebens licht
Thursday, 23rd January 2025	5.00pm	Evensong	Quire	sung by the Choir of Westminster Abbey	Handl Omnes de Saba venient
Thursday, 23rd January 2025	5.00pm	Evensong	Quire	sung by the Choir of Westminster Abbey	Clucas Responses
Thursday, 23rd January 2025	5.00pm	Evensong	Quire	sung by the Choir of Westminster Abbey	Praetorius Magnificat quinti toni
Thursday, 23rd January 2025	5.00pm	Evensong	Quire	sung by the Choir of Westminster Abbey	Dering Quem vidistis pastores
Friday, 24th January 2025	5.00pm	First Evensong of the Conversion of St Paul	Quire	sung by the Choir of Westminster Abbey; attended by HE The High Commissioner for Australia	Victoria O quam gloriosum est regnum
Friday, 24th January 2025	5.00pm	First Evensong of the Conversion of St Paul	Quire	sung by the Choir of Westminster Abbey; attended by HE The High Commissioner for Australia	Clucas Responses
Friday, 24th January 2025	5.00pm	First Evensong of the Conversion of St Paul	Quire	sung by the Choir of Westminster Abbey; attended by HE The High Commissioner for Australia	Farrant The Short Service
Friday, 24th January 2025	5.00pm	First Evensong of the Conversion of St Paul	Quire	sung by the Choir of Westminster Abbey; attended by HE The High Commissioner for Australia	Gibbons Almighty and everlasting God
Saturday, 25th January 2025	5.00pm	Evensong	Quire	part of the Chorister Experience Day; sung by the Choir of Westminster Abbey	Vaughan Williams The Call
Saturday, 25th January 2025	5.00pm	Evensong	Quire	part of the Chorister Experience Day; sung by the Choir of Westminster Abbey	Clucas Responses
Saturday, 25th January 2025	5.00pm	Evensong	Quire	part of the Chorister Experience Day; sung by the Choir of Westminster Abbey	Stanford Evening Service in B flat
Saturday, 25th January 2025	5.00pm	Evensong	Quire	part of the Chorister Experience Day; sung by the Choir of Westminster Abbey	Betinis Cedit, Hyems
Saturday, 25th January 2025	5.00pm	Evensong	Quire	part of the Chorister Experience Day; sung by the Choir of Westminster Abbey	Stanford Postlude in D minor
Sunday, 26th January 2025	10.00am	Matins	Quire	sung by the Choir of Westminster Abbey	Clucas Responses
Sunday, 26th January 2025	10.00am	Matins	Quire	sung by the Choir of Westminster Abbey	Gibbons Te Deum (Short Service)
Sunday, 26th January 2025	10.00am	Matins	Quire	sung by the Choir of Westminster Abbey	Byrd Fantasia in G
Sunday, 26th January 2025	11.15am	Sung Eucharist	High Altar	sung by the Choir of Westminster Abbey	Kodály Missa brevis
Sunday, 26th January 2025	11.15am	Sung Eucharist	High Altar	sung by the Choir of Westminster Abbey	Weir Holy Innocents
Sunday, 26th January 2025	11.15am	Sung Eucharist	High Altar	sung by the Choir of Westminster Abbey	Reger Präludium
Sunday, 26th January 2025	3.00pm	Evensong	Quire	sung by the Choir of Westminster Abbey	Gibbons Almighty and everlasting God
Sunday, 26th January 2025	3.00pm	Evensong	Quire	sung by the Choir of Westminster Abbey	Clucas Responses
Sunday, 26th January 2025	3.00pm	Evensong	Quire	sung by the Choir of Westminster Abbey	Blair Evening Canticles in B minor
Sunday, 26th January 2025	3.00pm	Evensong	Quire	sung by the Choir of Westminster Abbey	Holst A Hymne to Christ
Sunday, 26th January 2025	3.00pm	Evensong	Quire	sung by the Choir of Westminster Abbey	Tournemire Fantaisie (L'Orgue Mystique)
Sunday, 26th January 2025	6.00pm	Sung Eucharist	St Margaret's Church	sung by the St Margaret's Choristers and Consort	Ireland Communion Service in C
Sunday, 26th January 2025	6.00pm	Sung Eucharist	St Margaret's Church	sung by the St Margaret's Choristers and Consort	Elgar The Spirit of the Lord is upon me
Sunday, 26th January 2025	6.00pm	Sung Eucharist	St Margaret's Church	sung by the St Margaret's Choristers and Consort	Langlais Chant Héroïque
Monday, 27th January 2025	5.00pm	Evensong	Quire	sung by the Lay Vicars; attended by HE The High Commissioner for India	Mendelssohn Beati mortui in Domino morientes
Monday, 27th January 2025	5.00pm	Evensong	Quire	sung by the Lay Vicars; attended by HE The High Commissioner for India	plainsong Responses
Monday, 27th January 2025	5.00pm	Evensong	Quire	sung by the Lay Vicars; attended by HE The High Commissioner for India	Palestrina Magnificat quarti toni
Monday, 27th January 2025	5.00pm	Evensong	Quire	sung by the Lay Vicars; attended by HE The High Commissioner for India	Palestrina Super flumina Babylonis illic sedimus et flevimus
Tuesday, 28th January 2025	5.00pm	Evensong	Quire	sung by the Choir of Westminster Abbey	Harris Holy is the true light
Tuesday, 28th January 2025	5.00pm	Evensong	Quire	sung by the Choir of Westminster Abbey	Smith Responses
Tuesday, 28th January 2025	5.00pm	Evensong	Quire	sung by the Choir of Westminster Abbey	Gray Evening Canticles in F minor
Tuesday, 28th January 2025	5.00pm	Evensong	Quire	sung by the Choir of Westminster Abbey	Duruflé Ubi caritas et amor
Thursday, 30th January 2025	5.00pm	Evensong	Quire	sung by the Choir of Westminster Abbey	Harris Holy is the true light
Thursday, 30th January 2025	5.00pm	Evensong	Quire	sung by the Choir of Westminster Abbey	Smith Responses
Thursday, 30th January 2025	5.00pm	Evensong	Quire	sung by the Choir of Westminster Abbey	Batten The Fourth Service
Thursday, 30th January 2025	5.00pm	Evensong	Quire	sung by the Choir of Westminster Abbey	Weelkes Alleluia! I heard a voice
Friday, 31st January 2025	5.00pm	Evensong	Quire	sung by the Choir of Westminster Abbey; attended by the Honorary Consul for Nauru	Harris Holy is the true light
Friday, 31st January 2025	5.00pm	Evensong	Quire	sung by the Choir of Westminster Abbey; attended by the Honorary Consul for Nauru	Smith Responses
Friday, 31st January 2025	5.00pm	Evensong	Quire	sung by the Choir of Westminster Abbey; attended by the Honorary Consul for Nauru	Byrd The Third Service
Friday, 31st January 2025	5.00pm	Evensong	Quire	sung by the Choir of Westminster Abbey; attended by the Honorary Consul for Nauru	Neeves Alma Redemptoris Mater
Saturday, 1st February 2025	5.00pm	First Evensong of the Presentation of Christ in the Temple	Quire	sung by the Choir of Westminster Abbey, accompanied by The English Concert	Smith Responses
Saturday, 1st February 2025	5.00pm	First Evensong of the Presentation of Christ in the Temple	Quire	sung by the Choir of Westminster Abbey, accompanied by The English Concert	Buxtehude Magnificat
Saturday, 1st February 2025	5.00pm	First Evensong of the Presentation of Christ in the Temple	Quire	sung by the Choir of Westminster Abbey, accompanied by The English Concert	Bach Mit Fried und Freud ich fahr dahin
Saturday, 1st February 2025	5.00pm	First Evensong of the Presentation of Christ in the Temple	Quire	sung by the Choir of Westminster Abbey, accompanied by The English Concert	Buxtehude Mit Fried und Freud ich fahr dahin
Sunday, 2nd February 2025	11.15am	Sung Eucharist with Blessing of Candles	High Altar	sung by the Choir of Westminster Abbey; attended by The King's Scholars of Westminster School	Dvorák Mass in D
Sunday, 2nd February 2025	11.15am	Sung Eucharist with Blessing of Candles	High Altar	sung by the Choir of Westminster Abbey; attended by The King's Scholars of Westminster School	Grieg Ave Maris Stella
Sunday, 2nd February 2025	11.15am	Sung Eucharist with Blessing of Candles	High Altar	sung by the Choir of Westminster Abbey; attended by The King's Scholars of Westminster School	Tye Nunc dimittis
Sunday, 2nd February 2025	11.15am	Sung Eucharist with Blessing of Candles	High Altar	sung by the Choir of Westminster Abbey; attended by The King's Scholars of Westminster School	Dubois Fiat lux
Sunday, 2nd February 2025	3.00pm	Evensong	Quire	sung by the Choir of Westminster Abbey	Harris Holy is the true light
Sunday, 2nd February 2025	3.00pm	Evensong	Quire	sung by the Choir of Westminster Abbey	Smith Responses
Sunday, 2nd February 2025	3.00pm	Evensong	Quire	sung by the Choir of Westminster Abbey	Dyson in F
Sunday, 2nd February 2025	3.00pm	Evensong	Quire	sung by the Choir of Westminster Abbey	Tallis Videte miraculum Matris Domini
Sunday, 2nd February 2025	3.00pm	Evensong	Quire	sung by the Choir of Westminster Abbey	Britten Prelude and Fugue on a Theme of Vittoria
Sunday, 2nd February 2025	6.00pm	Sung Eucharist with the Blessing of Candles	St Margaret's Church	sung by the St Margaret's Choristers and Consort	Schubert Mass II in G
Sunday, 2nd February 2025	6.00pm	Sung Eucharist with the Blessing of Candles	St Margaret's Church	sung by the St Margaret's Choristers and Consort	Holst Nunc dimittis
Sunday, 2nd February 2025	6.00pm	Sung Eucharist with the Blessing of Candles	St Margaret's Church	sung by the St Margaret's Choristers and Consort	Handel Overture and Allegro (Organ Concerto XVI)
Monday, 3rd February 2025	5.00pm	Evensong	Quire	sung by the Choristers of Westminster Abbey	plainsong Lucis Creator optime
Monday, 3rd February 2025	5.00pm	Evensong	Quire	sung by the Choristers of Westminster Abbey	plainsong Responses
Monday, 3rd February 2025	5.00pm	Evensong	Quire	sung by the Choristers of Westminster Abbey	Dyson Evening Canticles in C minor
Monday, 3rd February 2025	5.00pm	Evensong	Quire	sung by the Choristers of Westminster Abbey	Stanford A Song of Wisdom
Tuesday, 4th February 2025	5.00pm	Evensong	Quire	sung by the Choir of Westminster Abbey; attended by the Deputy High Commissioner for Sri Lanka	Byrd Prevent us, O Lord, in all our doings
Tuesday, 4th February 2025	5.00pm	Evensong	Quire	sung by the Choir of Westminster Abbey; attended by the Deputy High Commissioner for Sri Lanka	Ayleward Responses
Tuesday, 4th February 2025	5.00pm	Evensong	Quire	sung by the Choir of Westminster Abbey; attended by the Deputy High Commissioner for Sri Lanka	Howells Evening Canticles in G
Tuesday, 4th February 2025	5.00pm	Evensong	Quire	sung by the Choir of Westminster Abbey; attended by the Deputy High Commissioner for Sri Lanka	Poulenc Salve Regina
Thursday, 6th February 2025	5.00pm	Evensong	Quire	sung by the Choir of Westminster Abbey; attended by the Deputy High Commissioner for New Zealand	Byrd Prevent us, O Lord, in all our doings
Thursday, 6th February 2025	5.00pm	Evensong	Quire	sung by the Choir of Westminster Abbey; attended by the Deputy High Commissioner for New Zealand	Ayleward Responses
Thursday, 6th February 2025	5.00pm	Evensong	Quire	sung by the Choir of Westminster Abbey; attended by the Deputy High Commissioner for New Zealand	Bingham York Service
Thursday, 6th February 2025	5.00pm	Evensong	Quire	sung by the Choir of Westminster Abbey; attended by the Deputy High Commissioner for New Zealand	MacMillan A New Song
Friday, 7th February 2025	5.00pm	Evensong	Quire	sung by the Choir of Westminster Abbey; attended by HE The High Commissioner for Grenada	Byrd Prevent us, O Lord, in all our doingsAyleward ResponsesHooper Short ServiceHooper Behold, it is Christ which was ordained by God
Saturday, 8th February 2025	5.00pm	Evensong	Quire	sung by the Choir of Westminster Abbey together with members of the Westminster Abbey Old Choristers' Association	Byrd Prevent us, O Lord, in all our doings
Saturday, 8th February 2025	5.00pm	Evensong	Quire	sung by the Choir of Westminster Abbey together with members of the Westminster Abbey Old Choristers' Association	Ayleward Responses
Saturday, 8th February 2025	5.00pm	Evensong	Quire	sung by the Choir of Westminster Abbey together with members of the Westminster Abbey Old Choristers' Association	Stanford Evening Service in C
Saturday, 8th February 2025	5.00pm	Evensong	Quire	sung by the Choir of Westminster Abbey together with members of the Westminster Abbey Old Choristers' Association	Elgar Light of the world
Saturday, 8th February 2025	5.00pm	Evensong	Quire	sung by the Choir of Westminster Abbey together with members of the Westminster Abbey Old Choristers' Association	Harris Flourish for an Occasion
Sunday, 9th February 2025	10.00am	Matins	Quire	sung by the Choir of Westminster Abbey	Ayleward Responses
Sunday, 9th February 2025	10.00am	Matins	Quire	sung by the Choir of Westminster Abbey	Stanford Morning Service in B flat
Sunday, 9th February 2025	10.00am	Matins	Quire	sung by the Choir of Westminster Abbey	Bairstow Maestoso (Sonata in E flat)
Sunday, 9th February 2025	11.15am	Sung Eucharist	High Altar	sung by the Choir of Westminster Abbey	Langlais Messe Solennelle
Sunday, 9th February 2025	11.15am	Sung Eucharist	High Altar	sung by the Choir of Westminster Abbey	Hakim Prayer for Faith, Hope, and Charity
Sunday, 9th February 2025	11.15am	Sung Eucharist	High Altar	sung by the Choir of Westminster Abbey	Langlais Hymne d'actions de grâces 'Te Deum'
Sunday, 9th February 2025	3.00pm	Evensong	Quire	sung by the Choir of Westminster Abbey	Byrd Prevent us, O Lord, in all our doings
Sunday, 9th February 2025	3.00pm	Evensong	Quire	sung by the Choir of Westminster Abbey	Ayleward Responses
Sunday, 9th February 2025	3.00pm	Evensong	Quire	sung by the Choir of Westminster Abbey	Tomkins The Fifth Service
Sunday, 9th February 2025	3.00pm	Evensong	Quire	sung by the Choir of Westminster Abbey	Gibbons Glorious and powerful God
Sunday, 9th February 2025	3.00pm	Evensong	Quire	sung by the Choir of Westminster Abbey	attr Sweelinck Ballo del Granduca
Sunday, 9th February 2025	6.00pm	Sung Eucharist	St Margaret's Church	sung by the St Margaret's Choristers	Chaminade Messe pour deux voix égales
Sunday, 9th February 2025	6.00pm	Sung Eucharist	St Margaret's Church	sung by the St Margaret's Choristers	Parry He delivered the poor in his affliction
Sunday, 9th February 2025	6.00pm	Sung Eucharist	St Margaret's Church	sung by the St Margaret's Choristers	Mendelssohn Con moto maestoso (Sonata III)
Monday, 10th February 2025	5.00pm	Evensong	Quire	sung by the Lay Vicars of Westminster Abbey	plainsong Te lucis ante terminum
Monday, 10th February 2025	5.00pm	Evensong	Quire	sung by the Lay Vicars of Westminster Abbey	Rose Responses
Monday, 10th February 2025	5.00pm	Evensong	Quire	sung by the Lay Vicars of Westminster Abbey	Clucas Westminster Service
Monday, 10th February 2025	5.00pm	Evensong	Quire	sung by the Lay Vicars of Westminster Abbey	Fauré Cantique de Jean Racine
Tuesday, 11th February 2025	5.00pm	Evensong	Quire	sung by the Choir of Westminster Abbey	Batten O praise the Lord
Tuesday, 11th February 2025	5.00pm	Evensong	Quire	sung by the Choir of Westminster Abbey	Martin Responses
Tuesday, 11th February 2025	5.00pm	Evensong	Quire	sung by the Choir of Westminster Abbey	Durante Magnificat
Tuesday, 11th February 2025	5.00pm	Evensong	Quire	sung by the Choir of Westminster Abbey	Tallis O nata lux de lumine
Wednesday, 12th February 2025	5.00pm	Evensong	Quire	sung by the St Margaret's Choristers and Consort	Thalben-Ball I would find thee
Wednesday, 12th February 2025	5.00pm	Evensong	Quire	sung by the St Margaret's Choristers and Consort	Smith Responses
Wednesday, 12th February 2025	5.00pm	Evensong	Quire	sung by the St Margaret's Choristers and Consort	Lassus Magnificat octavi toni
Wednesday, 12th February 2025	5.00pm	Evensong	Quire	sung by the St Margaret's Choristers and Consort	Holst Nunc dimittis
Wednesday, 12th February 2025	5.00pm	Evensong	Quire	sung by the St Margaret's Choristers and Consort	Chilcott Even such is time
Thursday, 13th February 2025	5.00pm	Evensong	Quire	sung by the Choir of Westminster Abbey	Batten O praise the Lord, all ye heathen
Thursday, 13th February 2025	5.00pm	Evensong	Quire	sung by the Choir of Westminster Abbey	Martin Responses
Thursday, 13th February 2025	5.00pm	Evensong	Quire	sung by the Choir of Westminster Abbey	Morley The First Service
Thursday, 13th February 2025	5.00pm	Evensong	Quire	sung by the Choir of Westminster Abbey	attr Morley Nolo mortem peccatoris
Friday, 14th February 2025	5.00pm	Evensong	Quire	sung by the Choir of Westminster Abbey	Batten O praise the Lord
Friday, 14th February 2025	5.00pm	Evensong	Quire	sung by the Choir of Westminster Abbey	Martin Responses
Friday, 14th February 2025	5.00pm	Evensong	Quire	sung by the Choir of Westminster Abbey	Frances-Hoad Merton Service
Friday, 14th February 2025	5.00pm	Evensong	Quire	sung by the Choir of Westminster Abbey	Byrd Beati mundo corde
Saturday, 15th February 2025	5.00pm	Evensong	Quire	sung by the Lay Vicars of Westminster Abbey	plainsong Deus tuorum militum
Saturday, 15th February 2025	5.00pm	Evensong	Quire	sung by the Lay Vicars of Westminster Abbey	Tallis Responses
Saturday, 15th February 2025	5.00pm	Evensong	Quire	sung by the Lay Vicars of Westminster Abbey	Guerrero Magnificat quinti toni
Saturday, 15th February 2025	5.00pm	Evensong	Quire	sung by the Lay Vicars of Westminster Abbey	Quinney Nunc dimittis tertii toni
Saturday, 15th February 2025	5.00pm	Evensong	Quire	sung by the Lay Vicars of Westminster Abbey	Tallis Laudate Dominum omnes gentes
Saturday, 15th February 2025	5.00pm	Evensong	Quire	sung by the Lay Vicars of Westminster Abbey	Buxtehude Chaconne in E minor
Sunday, 16th February 2025	10.00am	Matins	Quire	sung by the Lay Vicars of Westminster Abbey	Tallis Responses
Sunday, 16th February 2025	10.00am	Matins	Quire	sung by the Lay Vicars of Westminster Abbey	Wood Morning Service in E
Sunday, 16th February 2025	10.00am	Matins	Quire	sung by the Lay Vicars of Westminster Abbey	Harwood Andante (Sonata in C sharp minor)
Sunday, 16th February 2025	11.15am	Sung Eucharist	High Altar	sung by the Lay Vicars of Westminster Abbey	Tallis Mass for four voices
Sunday, 16th February 2025	11.15am	Sung Eucharist	High Altar	sung by the Lay Vicars of Westminster Abbey	A Gabrieli O sacrum convivium
Sunday, 16th February 2025	11.15am	Sung Eucharist	High Altar	sung by the Lay Vicars of Westminster Abbey	Bach Fugue in C
Sunday, 16th February 2025	3.00pm	Evensong	Quire	sung by the Lay Vicars of Westminster Abbey	Tomkins O how amiable are thy dwellings
Sunday, 16th February 2025	3.00pm	Evensong	Quire	sung by the Lay Vicars of Westminster Abbey	Tallis Responses
Sunday, 16th February 2025	3.00pm	Evensong	Quire	sung by the Lay Vicars of Westminster Abbey	G Gabrieli Magnificat a 8
Sunday, 16th February 2025	3.00pm	Evensong	Quire	sung by the Lay Vicars of Westminster Abbey	Byrd Domine secundum multitudinem
Sunday, 16th February 2025	3.00pm	Evensong	Quire	sung by the Lay Vicars of Westminster Abbey	Muffat Toccata quinta
Monday, 17th February 2025	5.00pm	Evensong	Quire	sung by the Lay Vicars of Westminster Abbey	plainsong Lucis Creator optime
Monday, 17th February 2025	5.00pm	Evensong	Quire	sung by the Lay Vicars of Westminster Abbey	plainsong Responses
Monday, 17th February 2025	5.00pm	Evensong	Quire	sung by the Lay Vicars of Westminster Abbey	Sumsion in G
Monday, 17th February 2025	5.00pm	Evensong	Quire	sung by the Lay Vicars of Westminster Abbey	Howells My eyes for beauty pine
Tuesday, 18th February 2025	5.00pm	Evensong	Quire	sung by the Lay Vicars of Westminster Abbey; attended by a representative of the High Commissioner for The Gambia	plainsong Lucis Creator optime
Tuesday, 18th February 2025	5.00pm	Evensong	Quire	sung by the Lay Vicars of Westminster Abbey; attended by a representative of the High Commissioner for The Gambia	plainsong Responses
Tuesday, 18th February 2025	5.00pm	Evensong	Quire	sung by the Lay Vicars of Westminster Abbey; attended by a representative of the High Commissioner for The Gambia	Sheppard Second Service
Tuesday, 18th February 2025	5.00pm	Evensong	Quire	sung by the Lay Vicars of Westminster Abbey; attended by a representative of the High Commissioner for The Gambia	Sheppard I give you a new commandment
Thursday, 20th February 2025	5.00pm	Evensong	Quire	sung by the Lay Vicars of Westminster Abbey; attended by HE The High Commissioner for St Lucia	plainsong Lucis Creator optime
Thursday, 20th February 2025	5.00pm	Evensong	Quire	sung by the Lay Vicars of Westminster Abbey; attended by HE The High Commissioner for St Lucia	plainsong Responses
Thursday, 20th February 2025	5.00pm	Evensong	Quire	sung by the Lay Vicars of Westminster Abbey; attended by HE The High Commissioner for St Lucia	Whytbroke Evening Service
Thursday, 20th February 2025	5.00pm	Evensong	Quire	sung by the Lay Vicars of Westminster Abbey; attended by HE The High Commissioner for St Lucia	White The Lord bless us and keep us
Friday, 21st February 2025	5.00pm	Evensong	Quire	sung by the Lay Vicars of Westminster Abbey	plainsong Lucis Creator optime
Friday, 21st February 2025	5.00pm	Evensong	Quire	sung by the Lay Vicars of Westminster Abbey	plainsong Responses
Friday, 21st February 2025	5.00pm	Evensong	Quire	sung by the Lay Vicars of Westminster Abbey	Victoria Magnificat septimi toni
Friday, 21st February 2025	5.00pm	Evensong	Quire	sung by the Lay Vicars of Westminster Abbey	Quinney Nunc dimittis tertii toni
Friday, 21st February 2025	5.00pm	Evensong	Quire	sung by the Lay Vicars of Westminster Abbey	Byrd Domine non sum dignus
Saturday, 22nd February 2025	5.00pm	Evensong	Quire	sung by the Lay Vicars of Westminster Abbey	Sheppard I give you a new commandmentMoore ResponsesWest Evening Service in CWalker I will lift up mine eyes unto the hillsBach Toccata and Fugue in D minor
Sunday, 23rd February 2025	10.00am	Matins	Quire	sung by the Lay Vicars of Westminster Abbey	Tallis Responses
Sunday, 23rd February 2025	10.00am	Matins	Quire	sung by the Lay Vicars of Westminster Abbey	Byrd The Short Service
Sunday, 23rd February 2025	10.00am	Matins	Quire	sung by the Lay Vicars of Westminster Abbey	Byrd Fantasia in C
Sunday, 23rd February 2025	11.15am	Sung Eucharist	High Altar	sung by the Choir of Westminster Abbey	Byrd Mass for three voices
Sunday, 23rd February 2025	11.15am	Sung Eucharist	High Altar	sung by the Choir of Westminster Abbey	Victoria Ave verum corpus
Sunday, 23rd February 2025	11.15am	Sung Eucharist	High Altar	sung by the Choir of Westminster Abbey	Bruhns Praeludium in E minor
Sunday, 23rd February 2025	3.00pm	Evensong	Quire	sung by the Choir of Westminster Abbey	Sheppard I give you a new commandment
Sunday, 23rd February 2025	3.00pm	Evensong	Quire	sung by the Choir of Westminster Abbey	Rose Responses
Sunday, 23rd February 2025	3.00pm	Evensong	Quire	sung by the Choir of Westminster Abbey	Howells Evening Service in E
Sunday, 23rd February 2025	3.00pm	Evensong	Quire	sung by the Choir of Westminster Abbey	Elgar Seek him that maketh the seven stars
Sunday, 23rd February 2025	3.00pm	Evensong	Quire	sung by the Choir of Westminster Abbey	Bairstow Evening Song
Sunday, 23rd February 2025	6.00pm	Sung Eucharist	St Margaret's Church	sung by the St Margaret's Choristers and Consort	Byrd Mass for four voices
Sunday, 23rd February 2025	6.00pm	Sung Eucharist	St Margaret's Church	sung by the St Margaret's Choristers and Consort	Brahms Geistliches Lied
Sunday, 23rd February 2025	6.00pm	Sung Eucharist	St Margaret's Church	sung by the St Margaret's Choristers and Consort	Mulet Tu es petra
Monday, 24th February 2025	5.00pm	Evensong	Quire	sung by the Choristers of Westminster Abbey; attended by HE The High Commissioner for Guyana	Hurford Litany to the Holy Spirit
Monday, 24th February 2025	5.00pm	Evensong	Quire	sung by the Choristers of Westminster Abbey; attended by HE The High Commissioner for Guyana	plainsong Responses
Monday, 24th February 2025	5.00pm	Evensong	Quire	sung by the Choristers of Westminster Abbey; attended by HE The High Commissioner for Guyana	Moore The Second Service
Monday, 24th February 2025	5.00pm	Evensong	Quire	sung by the Choristers of Westminster Abbey; attended by HE The High Commissioner for Guyana	Mendelssohn If with all your hearts ye truly seek me
Tuesday, 25th February 2025	5.00pm	Evensong	Quire	sung by the Choir of Westminster Abbey	Clucas Keep me as the apple of an eye 
Tuesday, 25th February 2025	5.00pm	Evensong	Quire	sung by the Choir of Westminster Abbey	Leighton Responses
Tuesday, 25th February 2025	5.00pm	Evensong	Quire	sung by the Choir of Westminster Abbey	Blow Evening Service in F
Tuesday, 25th February 2025	5.00pm	Evensong	Quire	sung by the Choir of Westminster Abbey	Rutter The Lord bless you and keep you
Wednesday, 26th February 2025	5.00pm	Evensong	Quire	sung by the St Margaret's Choristers and Consort	Rheinberger Abendlied
Wednesday, 26th February 2025	5.00pm	Evensong	Quire	sung by the St Margaret's Choristers and Consort	Smith Responses
Wednesday, 26th February 2025	5.00pm	Evensong	Quire	sung by the St Margaret's Choristers and Consort	Howells Collegium Regale
Wednesday, 26th February 2025	5.00pm	Evensong	Quire	sung by the St Margaret's Choristers and Consort	Brahms Geistliches Lied
Thursday, 27th February 2025	5.00pm	Evensong	Quire	sung by the Choir of Westminster Abbey	Clucas Keep me as the apple of an eye
Thursday, 27th February 2025	5.00pm	Evensong	Quire	sung by the Choir of Westminster Abbey	Leighton Responses
Thursday, 27th February 2025	5.00pm	Evensong	Quire	sung by the Choir of Westminster Abbey	Walmisley Evening Service in D minor
Thursday, 27th February 2025	5.00pm	Evensong	Quire	sung by the Choir of Westminster Abbey	Vaughan Williams Love bade me welcome
Friday, 28th February 2025	5.00pm	Evensong	Quire	sung by the Choir of Westminster Abbey	Clucas Keep me as the apple of an eye 
Friday, 28th February 2025	5.00pm	Evensong	Quire	sung by the Choir of Westminster Abbey	Leighton Responses
Friday, 28th February 2025	5.00pm	Evensong	Quire	sung by the Choir of Westminster Abbey	Palestrina Magnificat quarti toni
Friday, 28th February 2025	5.00pm	Evensong	Quire	sung by the Choir of Westminster Abbey	Chesnokov Nunc dimittis
Friday, 28th February 2025	5.00pm	Evensong	Quire	sung by the Choir of Westminster Abbey	Parry My soul, there is a country
Saturday, 1st March 2025	5.00pm	Evensong	Quire	sung by the Choir of Westminster Abbey	Victoria O quam gloriosum est regnum
Saturday, 1st March 2025	5.00pm	Evensong	Quire	sung by the Choir of Westminster Abbey	Leighton Responses
Saturday, 1st March 2025	5.00pm	Evensong	Quire	sung by the Choir of Westminster Abbey	Parry The Great Service
Saturday, 1st March 2025	5.00pm	Evensong	Quire	sung by the Choir of Westminster Abbey	Vaughan Williams Antiphon
Saturday, 1st March 2025	5.00pm	Evensong	Quire	sung by the Choir of Westminster Abbey	Whitlock Fanfare
Sunday, 2nd March 2025	10.00am	Matins	Quire	sung by the Choir of Westminster Abbey	Leighton Responses
Sunday, 2nd March 2025	10.00am	Matins	Quire	sung by the Choir of Westminster Abbey	Howells Te Deum (Collegium Regale)
Sunday, 2nd March 2025	10.00am	Matins	Quire	sung by the Choir of Westminster Abbey	Howells Master Tallis's Testament
Sunday, 2nd March 2025	11.15am	Sung Eucharist	High Altar	sung by the Choir of Westminster Abbey	Byrd Mass for four voices 
Sunday, 2nd March 2025	11.15am	Sung Eucharist	High Altar	sung by the Choir of Westminster Abbey	Guerrero O sacrum convivium
Sunday, 2nd March 2025	11.15am	Sung Eucharist	High Altar	sung by the Choir of Westminster Abbey	Buxtehude Praeludium in A minor
Sunday, 2nd March 2025	3.00pm	Evensong	Quire	sung by the Choir of Westminster Abbey	Clucas Keep me as the apple of an eye
Sunday, 2nd March 2025	3.00pm	Evensong	Quire	sung by the Choir of Westminster Abbey	Leighton Responses
Sunday, 2nd March 2025	3.00pm	Evensong	Quire	sung by the Choir of Westminster Abbey	Stanford Evening Service in B flat
Sunday, 2nd March 2025	3.00pm	Evensong	Quire	sung by the Choir of Westminster Abbey	Martin Behold, now praise the Lord
Sunday, 2nd March 2025	3.00pm	Evensong	Quire	sung by the Choir of Westminster Abbey	Franck Pièce héroïque
Sunday, 2nd March 2025	6.00pm	Sung Eucharist	St Margaret's Church	sung by the St Margaret's Choristers	Rheinberger Missa Puerorum
Sunday, 2nd March 2025	6.00pm	Sung Eucharist	St Margaret's Church	sung by the St Margaret's Choristers	Pergolesi Quando corpus morietur
Sunday, 2nd March 2025	6.00pm	Sung Eucharist	St Margaret's Church	sung by the St Margaret's Choristers	Bach Pièce d'orgue
Monday, 3rd March 2025	5.00pm	Evensong	Quire	sung by the Lay Vicars of Westminster Abbey	plainsong Lucis Creator optime
Monday, 3rd March 2025	5.00pm	Evensong	Quire	sung by the Lay Vicars of Westminster Abbey	plainsong Responses
Monday, 3rd March 2025	5.00pm	Evensong	Quire	sung by the Lay Vicars of Westminster Abbey	Marson The Verse Service
Monday, 3rd March 2025	5.00pm	Evensong	Quire	sung by the Lay Vicars of Westminster Abbey	Hooper Teach me thy way, O Lord
Wednesday, 5th March 2025	5.00pm	Sung Eucharist with the Imposition of Ashes	High Altar	sung by the Choir of Westminster Abbey	Byrd Mass for four voices
Wednesday, 5th March 2025	5.00pm	Sung Eucharist with the Imposition of Ashes	High Altar	sung by the Choir of Westminster Abbey	Allegri Miserere mei Deus
Wednesday, 5th March 2025	5.00pm	Sung Eucharist with the Imposition of Ashes	High Altar	sung by the Choir of Westminster Abbey	Byrd Memento homo quod cinis es
Thursday, 6th March 2025	5.00pm	Evensong	Quire	sung by the Choir of Westminster Abbey; attended by the Chargé d'Affaires for Ghana	Farrant Call to remembrance, O Lord
Thursday, 6th March 2025	5.00pm	Evensong	Quire	sung by the Choir of Westminster Abbey; attended by the Chargé d'Affaires for Ghana	Tomkins Responses
Thursday, 6th March 2025	5.00pm	Evensong	Quire	sung by the Choir of Westminster Abbey; attended by the Chargé d'Affaires for Ghana	Palestrina Magnificat primi toni
Thursday, 6th March 2025	5.00pm	Evensong	Quire	sung by the Choir of Westminster Abbey; attended by the Chargé d'Affaires for Ghana	Byrd Miserere mei Deus
Friday, 7th March 2025	5.00pm	Evensong	Quire	sung by the Choir of Westminster Abbey	Farrant Call to remembrance, O Lord
Friday, 7th March 2025	5.00pm	Evensong	Quire	sung by the Choir of Westminster Abbey	Tomkins Responses
Friday, 7th March 2025	5.00pm	Evensong	Quire	sung by the Choir of Westminster Abbey	Weekles The Short Service
Friday, 7th March 2025	5.00pm	Evensong	Quire	sung by the Choir of Westminster Abbey	Gibbons O Lord, in thy wrath rebuke me not
Saturday, 8th March 2025	5.00pm	Evensong	Quire	sung by the Choir of Westminster Abbey	Farrant Call to remembrance, O Lord
Saturday, 8th March 2025	5.00pm	Evensong	Quire	sung by the Choir of Westminster Abbey	Tomkins Responses
Saturday, 8th March 2025	5.00pm	Evensong	Quire	sung by the Choir of Westminster Abbey	Gibbons The Second Service
Saturday, 8th March 2025	5.00pm	Evensong	Quire	sung by the Choir of Westminster Abbey	Tomkins My shepherd is the living Lord
Saturday, 8th March 2025	5.00pm	Evensong	Quire	sung by the Choir of Westminster Abbey	Bach Fantasia and Fugue in C minor
Sunday, 9th March 2025	10.00am	Matins	Quire	sung by the Choir of Westminster Abbey	Tomkins Responses
Sunday, 9th March 2025	10.00am	Matins	Quire	sung by the Choir of Westminster Abbey	Dyson Benedicite in F
Sunday, 9th March 2025	10.00am	Matins	Quire	sung by the Choir of Westminster Abbey	Tournemire Cantilène improvisée
Sunday, 9th March 2025	11.15am	Sung Eucharist	High Altar	sung by the Choir of Westminster Abbey	Sheppard Western Wind Mass
Sunday, 9th March 2025	11.15am	Sung Eucharist	High Altar	sung by the Choir of Westminster Abbey	Gibbons O Lord, in thy wrath rebuke me not
Sunday, 9th March 2025	11.15am	Sung Eucharist	High Altar	sung by the Choir of Westminster Abbey	Buxtehude Passacaglia in D minor
Sunday, 9th March 2025	3.00pm	Evensong	Quire	sung by the Choir of Westminster Abbey	Farrant Call to remembrance, O Lord
Sunday, 9th March 2025	3.00pm	Evensong	Quire	sung by the Choir of Westminster Abbey	Tomkins Responses
Sunday, 9th March 2025	3.00pm	Evensong	Quire	sung by the Choir of Westminster Abbey	Watson Evening Service in E
Sunday, 9th March 2025	3.00pm	Evensong	Quire	sung by the Choir of Westminster Abbey	Wesley Wash me throughly from my wickedness
Sunday, 9th March 2025	3.00pm	Evensong	Quire	sung by the Choir of Westminster Abbey	Dupré Prelude and Fugue in F minor
Sunday, 9th March 2025	6.00pm	Sung Eucharist	St Margaret's Church	sung by the St Margaret's Choristers and Consort	Palestrina Missa Aeterna Christi munera
Sunday, 9th March 2025	6.00pm	Sung Eucharist	St Margaret's Church	sung by the St Margaret's Choristers and Consort	Vivaldi Domine Deus Agnus Dei
Sunday, 9th March 2025	6.00pm	Sung Eucharist	St Margaret's Church	sung by the St Margaret's Choristers and Consort	Frances-Hoad Taking Your Leave
Tuesday, 11th March 2025	5.00pm	Evensong	Quire	sung by the Choir of Westminster Abbey	Farrant Hide not thou thy face from us, O Lord
Tuesday, 11th March 2025	5.00pm	Evensong	Quire	sung by the Choir of Westminster Abbey	Morley Responses
Tuesday, 11th March 2025	5.00pm	Evensong	Quire	sung by the Choir of Westminster Abbey	Weelkes The Sixth Service
Tuesday, 11th March 2025	5.00pm	Evensong	Quire	sung by the Choir of Westminster Abbey	Palestrina Stabat Mater dolorosa
Wednesday, 12th March 2025	5.00pm	Evensong	Quire	sung by the St Margaret's Choristers and Consort; attended by the Deputy High Commissioner for Mauritius	Purcell Thou knowest, Lord, the secrets of our hearts
Wednesday, 12th March 2025	5.00pm	Evensong	Quire	sung by the St Margaret's Choristers and Consort; attended by the Deputy High Commissioner for Mauritius	Smith Responses
Wednesday, 12th March 2025	5.00pm	Evensong	Quire	sung by the St Margaret's Choristers and Consort; attended by the Deputy High Commissioner for Mauritius	Purcell Evening Service in G minor
Wednesday, 12th March 2025	5.00pm	Evensong	Quire	sung by the St Margaret's Choristers and Consort; attended by the Deputy High Commissioner for Mauritius	Vivaldi Domine Deus Agnus Dei
Thursday, 13th March 2025	5.00pm	Evensong	Quire	sung by the Choir of Westminster Abbey	Farrant Hide not thou thy face from us, O Lord
Thursday, 13th March 2025	5.00pm	Evensong	Quire	sung by the Choir of Westminster Abbey	Morley Responses
Thursday, 13th March 2025	5.00pm	Evensong	Quire	sung by the Choir of Westminster Abbey	Purcell Evening Service in B flat
Thursday, 13th March 2025	5.00pm	Evensong	Quire	sung by the Choir of Westminster Abbey	Purcell Jehova quam multi sunt hostes mei 
Friday, 14th March 2025	5.00pm	Evensong	Quire	sung by the Choir of Westminster Abbey	Farrant Hide not thou thy face from us, O Lord
Friday, 14th March 2025	5.00pm	Evensong	Quire	sung by the Choir of Westminster Abbey	Morley Responses
Friday, 14th March 2025	5.00pm	Evensong	Quire	sung by the Choir of Westminster Abbey	Victoria Magnificat primi toni
Friday, 14th March 2025	5.00pm	Evensong	Quire	sung by the Choir of Westminster Abbey	Byrd Emendemus in melius quae ignoranter peccavimus
Saturday, 15th March 2025	5.00pm	Evensong	Quire	sung by the Lay Vicars of Westminster Abbey	plainsong Audi benigne Conditor
Saturday, 15th March 2025	5.00pm	Evensong	Quire	sung by the Lay Vicars of Westminster Abbey	plainsong Responses
Saturday, 15th March 2025	5.00pm	Evensong	Quire	sung by the Lay Vicars of Westminster Abbey	Ward The First Service
Saturday, 15th March 2025	5.00pm	Evensong	Quire	sung by the Lay Vicars of Westminster Abbey	Vecchi Peccantem me quotidie 
Saturday, 15th March 2025	5.00pm	Evensong	Quire	sung by the Lay Vicars of Westminster Abbey	Vierne Adagio (Symphonie III)
Sunday, 16th March 2025	10.00am	Matins	Quire	sung by the Lay Vicars of Westminster Abbey	plainsong Responses
Sunday, 16th March 2025	10.00am	Matins	Quire	sung by the Lay Vicars of Westminster Abbey	Tallis Benedictus (The Short Service)
Sunday, 16th March 2025	10.00am	Matins	Quire	sung by the Lay Vicars of Westminster Abbey	Farnaby Nobodyes Gigge
Sunday, 16th March 2025	11.15am	Sung Eucharist	High Altar	sung by the Lay Vicars of Westminster Abbey	Byrd Mass for three voices
Sunday, 16th March 2025	11.15am	Sung Eucharist	High Altar	sung by the Lay Vicars of Westminster Abbey	Venturi del Nibbio Adoramus te Christe
Sunday, 16th March 2025	3.00pm	Evensong	Quire	sung by the Lay Vicars of Westminster Abbey	plainsong Audi benigne Conditor
Sunday, 16th March 2025	3.00pm	Evensong	Quire	sung by the Lay Vicars of Westminster Abbey	plainsong Responses
Sunday, 16th March 2025	3.00pm	Evensong	Quire	sung by the Lay Vicars of Westminster Abbey	Ortiz Magnificat primi toni
Sunday, 16th March 2025	3.00pm	Evensong	Quire	sung by the Lay Vicars of Westminster Abbey	Byrd Tribulationes civitatum audivimus 
Sunday, 16th March 2025	3.00pm	Evensong	Quire	sung by the Lay Vicars of Westminster Abbey	Bach Passacaglia in C minor
Sunday, 16th March 2025	6.00pm	Sung Eucharist	St Margaret's Church	sung by the St Margaret's Choristers	Fauré Messe basse
Sunday, 16th March 2025	6.00pm	Sung Eucharist	St Margaret's Church	sung by the St Margaret's Choristers	Pergolesi Quis est homo qui non fleret
Sunday, 16th March 2025	6.00pm	Sung Eucharist	St Margaret's Church	sung by the St Margaret's Choristers	Bach Prelude in A minor
Monday, 17th March 2025	5.00pm	Evensong	Quire	sung by the Choristers of Westminster Abbey	Vaughan Williams The Call
Monday, 17th March 2025	5.00pm	Evensong	Quire	sung by the Choristers of Westminster Abbey	plainsong Responses
Monday, 17th March 2025	5.00pm	Evensong	Quire	sung by the Choristers of Westminster Abbey	Robinson Evening Service in C
Monday, 17th March 2025	5.00pm	Evensong	Quire	sung by the Choristers of Westminster Abbey	Stopford Stabat mater dolorosa
Tuesday, 18th March 2025	5.00pm	Evensong	Quire	sung by the Choir of Westminster Abbey	Ferguson It was in that train
Tuesday, 18th March 2025	5.00pm	Evensong	Quire	sung by the Choir of Westminster Abbey	Byrd Responses
Tuesday, 18th March 2025	5.00pm	Evensong	Quire	sung by the Choir of Westminster Abbey	Palestrina Magnificat quarti toni
Tuesday, 18th March 2025	5.00pm	Evensong	Quire	sung by the Choir of Westminster Abbey	Tallis In jejunio et fletu
Thursday, 20th March 2025	5.00pm	Evensong	Quire	sung by the Choir of Westminster Abbey	Ferguson It was in that train
Thursday, 20th March 2025	5.00pm	Evensong	Quire	sung by the Choir of Westminster Abbey	Byrd Responses
Thursday, 20th March 2025	5.00pm	Evensong	Quire	sung by the Choir of Westminster Abbey	Sumsion Evening Service in G
Thursday, 20th March 2025	5.00pm	Evensong	Quire	sung by the Choir of Westminster Abbey	Purcell Remember not, Lord, our offences
Friday, 21st March 2025	5.00pm	Evensong	Quire	sung by the Choir of Westminster Abbey; attended by the Chargé d'Affaires for the High Commissioner for Namibia	Hakim Prayer for Faith, Hope, and Charity
Friday, 21st March 2025	5.00pm	Evensong	Quire	sung by the Choir of Westminster Abbey; attended by the Chargé d'Affaires for the High Commissioner for Namibia	Byrd Responses
Friday, 21st March 2025	5.00pm	Evensong	Quire	sung by the Choir of Westminster Abbey; attended by the Chargé d'Affaires for the High Commissioner for Namibia	Farrant The Short Service
Friday, 21st March 2025	5.00pm	Evensong	Quire	sung by the Choir of Westminster Abbey; attended by the Chargé d'Affaires for the High Commissioner for Namibia	LeFanu O Lord, from whom all good things do come
Saturday, 22nd March 2025	5.00pm	Evensong	Quire	sung by the Choir of Westminster Abbey	Ferguson It was in that train
Saturday, 22nd March 2025	5.00pm	Evensong	Quire	sung by the Choir of Westminster Abbey	Byrd Responses
Saturday, 22nd March 2025	5.00pm	Evensong	Quire	sung by the Choir of Westminster Abbey	Byrd The Second Service
Saturday, 22nd March 2025	5.00pm	Evensong	Quire	sung by the Choir of Westminster Abbey	Byrd Ne irasacaris Domine satis
Saturday, 22nd March 2025	5.00pm	Evensong	Quire	sung by the Choir of Westminster Abbey	Bach Fantasia in C minor
Sunday, 23rd March 2025	10.00am	Matins	Quire	sung by the Choir of Westminster Abbey	Byrd Responses
Sunday, 23rd March 2025	10.00am	Matins	Quire	sung by the Choir of Westminster Abbey	Batten Benedicite (Short Service)
Sunday, 23rd March 2025	10.00am	Matins	Quire	sung by the Choir of Westminster Abbey	Gibbons Benedictus (Short Service)
Sunday, 23rd March 2025	10.00am	Matins	Quire	sung by the Choir of Westminster Abbey	Bull Ut re mi fa so la
Sunday, 23rd March 2025	11.15am	Sung Eucharist	High Altar	sung by the Choir of Westminster Abbey; attended by The King's Scholars of Westminster School	Byrd Mass for five voices
Sunday, 23rd March 2025	11.15am	Sung Eucharist	High Altar	sung by the Choir of Westminster Abbey; attended by The King's Scholars of Westminster School	Guerrero O Domine Jesu Christe
Sunday, 23rd March 2025	11.15am	Sung Eucharist	High Altar	sung by the Choir of Westminster Abbey; attended by The King's Scholars of Westminster School	Buxtehude Toccata in F
Sunday, 23rd March 2025	3.00pm	Evensong with Presentation of a Surplice	Quire	sung by the Choir of Westminster Abbey	Ferguson It was in that train
Sunday, 23rd March 2025	3.00pm	Evensong with Presentation of a Surplice	Quire	sung by the Choir of Westminster Abbey	Byrd Responses
Sunday, 23rd March 2025	3.00pm	Evensong with Presentation of a Surplice	Quire	sung by the Choir of Westminster Abbey	Murrill Evening Service in E
Sunday, 23rd March 2025	3.00pm	Evensong with Presentation of a Surplice	Quire	sung by the Choir of Westminster Abbey	Parry There is an old belief
Sunday, 23rd March 2025	3.00pm	Evensong with Presentation of a Surplice	Quire	sung by the Choir of Westminster Abbey	Bach Prelude in B minor
Sunday, 23rd March 2025	6.00pm	Sung Eucharist	St Margaret's Church	sung by the St Margaret's Choristers and Consort	Darke Communion Service in F
Sunday, 23rd March 2025	6.00pm	Sung Eucharist	St Margaret's Church	sung by the St Margaret's Choristers and Consort	Mendelssohn Verleih uns Frieden gnädiglich
Sunday, 23rd March 2025	6.00pm	Sung Eucharist	St Margaret's Church	sung by the St Margaret's Choristers and Consort	Bach Fugue in A minor
Monday, 24th March 2025	5.00pm	First Evensong of the Annunciation of Our Lord to the Blessed Virgin Mary	Quire	sung by the Lay Vicars of Westminster Abbey; attended by HE The High Commissioner for Pakistan	plainsong Ave Maris Stella
Monday, 24th March 2025	5.00pm	First Evensong of the Annunciation of Our Lord to the Blessed Virgin Mary	Quire	sung by the Lay Vicars of Westminster Abbey; attended by HE The High Commissioner for Pakistan	plainsong Responses
Monday, 24th March 2025	5.00pm	First Evensong of the Annunciation of Our Lord to the Blessed Virgin Mary	Quire	sung by the Lay Vicars of Westminster Abbey; attended by HE The High Commissioner for Pakistan	Moore The First Service
Monday, 24th March 2025	5.00pm	First Evensong of the Annunciation of Our Lord to the Blessed Virgin Mary	Quire	sung by the Lay Vicars of Westminster Abbey; attended by HE The High Commissioner for Pakistan	Morales Missus est Gabriel angelus ad Mariam virginem
Tuesday, 25th March 2025	5.00pm	Sung Eucharist	High Altar	sung by the Choir of Westminster Abbey	Tallis Missa Salve intemerata
Tuesday, 25th March 2025	5.00pm	Sung Eucharist	High Altar	sung by the Choir of Westminster Abbey	Byrd Ecce virgo concipiet
Tuesday, 25th March 2025	5.00pm	Sung Eucharist	High Altar	sung by the Choir of Westminster Abbey	Peeters Toccata, Fugue, and hymn on 'Ave Maris Stella'
Wednesday, 26th March 2025	5.00pm	Evensong	Quire	sung by the St Margaret's Choristers and Consort; attended by HE The High Commissioner for Bangladesh	Tallis O nata lux de lumine
Wednesday, 26th March 2025	5.00pm	Evensong	Quire	sung by the St Margaret's Choristers and Consort; attended by HE The High Commissioner for Bangladesh	Smith Responses
Wednesday, 26th March 2025	5.00pm	Evensong	Quire	sung by the St Margaret's Choristers and Consort; attended by HE The High Commissioner for Bangladesh	Byrd The Second Service
Wednesday, 26th March 2025	5.00pm	Evensong	Quire	sung by the St Margaret's Choristers and Consort; attended by HE The High Commissioner for Bangladesh	Mendelssohn Verleih uns Frieden gnädiglich
Thursday, 27th March 2025	5.00pm	Evensong	Quire	sung by the Lay Vicars of Westminster Abbey	plainsong Audi benigne Conditor
Thursday, 27th March 2025	5.00pm	Evensong	Quire	sung by the Lay Vicars of Westminster Abbey	plainsong Responses
Thursday, 27th March 2025	5.00pm	Evensong	Quire	sung by the Lay Vicars of Westminster Abbey	Mundy Magnificat secundi toni
Thursday, 27th March 2025	5.00pm	Evensong	Quire	sung by the Lay Vicars of Westminster Abbey	Reid Nunc dimittis tertii toni
Thursday, 27th March 2025	5.00pm	Evensong	Quire	sung by the Lay Vicars of Westminster Abbey	Byrd Circumdederunt me funes mortis
Friday, 28th March 2025	5.00pm	Evensong	Quire	sung by the Choir of Westminster Abbey	attr Farrant Lord, for thy tender mercy's sake
Friday, 28th March 2025	5.00pm	Evensong	Quire	sung by the Choir of Westminster Abbey	Radcliffe Responses
Friday, 28th March 2025	5.00pm	Evensong	Quire	sung by the Choir of Westminster Abbey	Gibbons The Short Service
Friday, 28th March 2025	5.00pm	Evensong	Quire	sung by the Choir of Westminster Abbey	Poulenc Timor et tremor venerunt super me
Saturday, 29th March 2025	5.00pm	Evensong	Quire	sung by the Lay Vicars of Westminster Abbey	Martin Justorum animae in manu Dei sunt
Saturday, 29th March 2025	5.00pm	Evensong	Quire	sung by the Lay Vicars of Westminster Abbey	Rose Responses
Saturday, 29th March 2025	5.00pm	Evensong	Quire	sung by the Lay Vicars of Westminster Abbey	MacPherson Evening Service in E
Saturday, 29th March 2025	5.00pm	Evensong	Quire	sung by the Lay Vicars of Westminster Abbey	Martin Circumdederunt me gemitus mortis
Saturday, 29th March 2025	5.00pm	Evensong	Quire	sung by the Lay Vicars of Westminster Abbey	Alain Litanies
Sunday, 30th March 2025	10.00am	Matins	Quire	sung by the Lay Vicars of Westminster Abbey	plainsong Responses
Sunday, 30th March 2025	10.00am	Matins	Quire	sung by the Lay Vicars of Westminster Abbey	Parsley Benedictus
Sunday, 30th March 2025	10.00am	Matins	Quire	sung by the Lay Vicars of Westminster Abbey	Parsley Parsley's Clock
Sunday, 30th March 2025	11.15am	Sung Eucharist	Quire	sung by the Lay Vicars of Westminster Abbey	Palestrina Missa Eripe me
Sunday, 30th March 2025	11.15am	Sung Eucharist	Quire	sung by the Lay Vicars of Westminster Abbey	Byrd Ave verum corpus
Sunday, 30th March 2025	11.15am	Sung Eucharist	Quire	sung by the Lay Vicars of Westminster Abbey	Bach Aus tiefer Not schrei ich zu dir
Sunday, 30th March 2025	3.00pm	Evensong	Quire	sung by the Lay Vicars of Westminster Abbey	Sheppard Rejoice in the Lord always
Sunday, 30th March 2025	3.00pm	Evensong	Quire	sung by the Lay Vicars of Westminster Abbey	plainsong Responses
Sunday, 30th March 2025	3.00pm	Evensong	Quire	sung by the Lay Vicars of Westminster Abbey	Palestrina Magnificat tertii toni
Sunday, 30th March 2025	3.00pm	Evensong	Quire	sung by the Lay Vicars of Westminster Abbey	Palestrina Nunc dimittis tertii toni
Sunday, 30th March 2025	3.00pm	Evensong	Quire	sung by the Lay Vicars of Westminster Abbey	Palestrina Sicut cervus desiderat ad fontes aquarum
Sunday, 30th March 2025	3.00pm	Evensong	Quire	sung by the Lay Vicars of Westminster Abbey	Bach Fugue in C
Monday, 31st March 2025	5.00pm	Evensong	Quire	sung by Lancing College Choir	Radcliffe Responses
Monday, 31st March 2025	5.00pm	Evensong	Quire	sung by Lancing College Choir	Batten The Fourth Service
Monday, 31st March 2025	5.00pm	Evensong	Quire	sung by Lancing College Choir	Byrd Civitas sancti tui facta est deserta
Tuesday, 1st April 2025	5.00pm	Evensong	Quire	sung by Bristol University Madrigal Ensemble	Leighton Responses
Tuesday, 1st April 2025	5.00pm	Evensong	Quire	sung by Bristol University Madrigal Ensemble	Palestrina Magnificat primi toni
Tuesday, 1st April 2025	5.00pm	Evensong	Quire	sung by Bristol University Madrigal Ensemble	Palestrina Nunc dimittis
Tuesday, 1st April 2025	5.00pm	Evensong	Quire	sung by Bristol University Madrigal Ensemble	Victoria O vos omnes qui transitis per viam
Thursday, 3rd April 2025	5.00pm	Evensong	Quire	sung by The Chapel Choir of St Hild and St Bede College, Durham	Ayleward Responses
Thursday, 3rd April 2025	5.00pm	Evensong	Quire	sung by The Chapel Choir of St Hild and St Bede College, Durham	Howells Collegium Regale
Thursday, 3rd April 2025	5.00pm	Evensong	Quire	sung by The Chapel Choir of St Hild and St Bede College, Durham	Bainton And I saw a new heaven
Friday, 4th April 2025	5.00pm	Evensong	Quire	sung by Hertford Chamber Choir	Tallis Responses
Friday, 4th April 2025	5.00pm	Evensong	Quire	sung by Hertford Chamber Choir	Palestrina Magnificat primi toni
Friday, 4th April 2025	5.00pm	Evensong	Quire	sung by Hertford Chamber Choir	Palestrina Nunc dimittis primi toni
Friday, 4th April 2025	5.00pm	Evensong	Quire	sung by Hertford Chamber Choir	Liszt Ave Maria
Saturday, 5th April 2025	5.00pm	Evensong	Quire	sung by the Choir from the Rodolfus Choral Weekend Course	Radcliffe Responses
Saturday, 5th April 2025	5.00pm	Evensong	Quire	sung by the Choir from the Rodolfus Choral Weekend Course	Dyson in F
Saturday, 5th April 2025	5.00pm	Evensong	Quire	sung by the Choir from the Rodolfus Choral Weekend Course	Brahms Wie lieblich sind deine Wohnungen
Saturday, 5th April 2025	5.00pm	Evensong	Quire	sung by the Choir from the Rodolfus Choral Weekend Course	Rowley Benedictus
Sunday, 6th April 2025	11.15am	Sung Eucharist	Quire	sung by Worcester Cathedral Chamber Choir	Vaughan Williams Mass in G minor
Sunday, 6th April 2025	11.15am	Sung Eucharist	Quire	sung by Worcester Cathedral Chamber Choir	Vaughan Williams O taste and see how gracious the Lord is
Sunday, 6th April 2025	11.15am	Sung Eucharist	Quire	sung by Worcester Cathedral Chamber Choir	Greally Sei gegrüßet, Jesu gütig
Sunday, 6th April 2025	3.00pm	Evensong	Quire	sung by Worcester Cathedral Chamber Choir	Tomkins Responses
Sunday, 6th April 2025	3.00pm	Evensong	Quire	sung by Worcester Cathedral Chamber Choir	Stanford Evening Service in A
Sunday, 6th April 2025	3.00pm	Evensong	Quire	sung by Worcester Cathedral Chamber Choir	Greene Lord, let me know mine end
Sunday, 6th April 2025	3.00pm	Evensong	Quire	sung by Worcester Cathedral Chamber Choir	Brahms O Traurigkeit, o Herzelied
Monday, 7th April 2025	5.00pm	Evensong	Quire	sung by the Lay Vicars of Westminster Abbey	plainsong Vexilla regis prodeunt
Monday, 7th April 2025	5.00pm	Evensong	Quire	sung by the Lay Vicars of Westminster Abbey	plainsong Responses
Monday, 7th April 2025	5.00pm	Evensong	Quire	sung by the Lay Vicars of Westminster Abbey	Lassus Magnificat tertii toni
Monday, 7th April 2025	5.00pm	Evensong	Quire	sung by the Lay Vicars of Westminster Abbey	Tye Nunc dimittis
Monday, 7th April 2025	5.00pm	Evensong	Quire	sung by the Lay Vicars of Westminster Abbey	Mudd God, who hast prepared for them that love thee
Tuesday, 8th April 2025	5.00pm	Evensong	Quire	sung by the Lay Vicars of Westminster Abbey	plainsong Vexilla regis prodeunt
Tuesday, 8th April 2025	5.00pm	Evensong	Quire	sung by the Lay Vicars of Westminster Abbey	plainsong Responses
Tuesday, 8th April 2025	5.00pm	Evensong	Quire	sung by the Lay Vicars of Westminster Abbey	Monte Magnificat octavi toni
Tuesday, 8th April 2025	5.00pm	Evensong	Quire	sung by the Lay Vicars of Westminster Abbey	Andreas Nunc dimittis tertii toni
Tuesday, 8th April 2025	5.00pm	Evensong	Quire	sung by the Lay Vicars of Westminster Abbey	Victoria Vere languores nostros ipse tulit
Thursday, 10th April 2025	5.00pm	Evensong	Quire	sung by the Lay Vicars of Westminster Abbey	plainsong Vexilla regis prodeunt
Thursday, 10th April 2025	5.00pm	Evensong	Quire	sung by the Lay Vicars of Westminster Abbey	plainsong Responses
Thursday, 10th April 2025	5.00pm	Evensong	Quire	sung by the Lay Vicars of Westminster Abbey	Soriano Magnificat septimi toni
Thursday, 10th April 2025	5.00pm	Evensong	Quire	sung by the Lay Vicars of Westminster Abbey	plainsong Nunc dimittis tertii toni
Thursday, 10th April 2025	5.00pm	Evensong	Quire	sung by the Lay Vicars of Westminster Abbey	Byrd Tristitia et anxietas occupaverunt interiora mea
Friday, 11th April 2025	5.00pm	Evensong	Quire	sung by the Lay Vicars of Westminster Abbey	plainsong Vexilla regis prodeunt
Friday, 11th April 2025	5.00pm	Evensong	Quire	sung by the Lay Vicars of Westminster Abbey	plainsong Responses
Friday, 11th April 2025	5.00pm	Evensong	Quire	sung by the Lay Vicars of Westminster Abbey	plainsong Magnificat primi toni
Friday, 11th April 2025	5.00pm	Evensong	Quire	sung by the Lay Vicars of Westminster Abbey	plainsong Nunc dimittis quarti toni
Friday, 11th April 2025	5.00pm	Evensong	Quire	sung by the Lay Vicars of Westminster Abbey	Parsley Lamentations
Saturday, 12th April 2025	5.00pm	Evensong	Quire	sung by the Choir of Westminster Abbey	plainsong Vexilla regis prodeunt
Saturday, 12th April 2025	5.00pm	Evensong	Quire	sung by the Choir of Westminster Abbey	Radcliffe Responses
Saturday, 12th April 2025	5.00pm	Evensong	Quire	sung by the Choir of Westminster Abbey	Dyson Evening Service in F
Saturday, 12th April 2025	5.00pm	Evensong	Quire	sung by the Choir of Westminster Abbey	Poulenc Vinea mea electa
Saturday, 12th April 2025	5.00pm	Evensong	Quire	sung by the Choir of Westminster Abbey	Rheinberger Tempo moderato (Sonata IV)
Sunday, 13th April 2025	10.30am	Sung Eucharist with the Blessing of Palms	Abbey		Malcolm Ingrediente Domino
Sunday, 13th April 2025	10.30am	Sung Eucharist with the Blessing of Palms	Abbey		Palestrina Missa Papae Marcelli
Sunday, 13th April 2025	10.30am	Sung Eucharist with the Blessing of Palms	Abbey		Lassus The Passion according to Luke
Sunday, 13th April 2025	10.30am	Sung Eucharist with the Blessing of Palms	Abbey		Guerrero O Domine Jesu Christe
Sunday, 13th April 2025	10.30am	Sung Eucharist with the Blessing of Palms	Abbey		Bach Valet will ich dir geben
Sunday, 13th April 2025	3.00pm	Evensong	Quire	sung by the Lay Vicars of Westminster Abbey	plainsong Vexilla regis prodeunt
Sunday, 13th April 2025	3.00pm	Evensong	Quire	sung by the Lay Vicars of Westminster Abbey	plainsong Responses
Sunday, 13th April 2025	3.00pm	Evensong	Quire	sung by the Lay Vicars of Westminster Abbey	Palestrina Magnificat quarti toni
Sunday, 13th April 2025	3.00pm	Evensong	Quire	sung by the Lay Vicars of Westminster Abbey	Reid Nunc dimittis tertii toni
Sunday, 13th April 2025	3.00pm	Evensong	Quire	sung by the Lay Vicars of Westminster Abbey	Tallis Salvator mundi salva nos
Sunday, 13th April 2025	3.00pm	Evensong	Quire	sung by the Lay Vicars of Westminster Abbey	Bach Prelude in C minor
Monday, 14th April 2025	5.00pm	Evensong	Quire	sung by the Lay Vicars of Westminster Abbey	plainsong Vexilla regis prodeunt
Monday, 14th April 2025	5.00pm	Evensong	Quire	sung by the Lay Vicars of Westminster Abbey	plainsong Responses
Monday, 14th April 2025	5.00pm	Evensong	Quire	sung by the Lay Vicars of Westminster Abbey	Mundy Evening Service in four parts
Monday, 14th April 2025	5.00pm	Evensong	Quire	sung by the Lay Vicars of Westminster Abbey	Blitheman In pace in idipsum dormiam et requiescam
Thursday, 17th April 2025	5.00pm	Sung Eucharist with the Washing of the Feet, followed by The Watch	High Altar	sung by the Choir of Westminster Abbey	Byrd Mass for five voices
Thursday, 17th April 2025	5.00pm	Sung Eucharist with the Washing of the Feet, followed by The Watch	High Altar	sung by the Choir of Westminster Abbey	Duruflé Ubi caritas et amor
Thursday, 17th April 2025	5.00pm	Sung Eucharist with the Washing of the Feet, followed by The Watch	High Altar	sung by the Choir of Westminster Abbey	Poulenc Vinea mea electa
Thursday, 17th April 2025	5.00pm	Sung Eucharist with the Washing of the Feet, followed by The Watch	High Altar	sung by the Choir of Westminster Abbey	Séverac Tantum ergo sacramentum
Friday, 18th April 2025	3.00pm	Solemn Liturgy of the Passion and Death of Our Lord	High Altar	sung by the Choir of Westminster Abbey	Victoria Passion according to John
Friday, 18th April 2025	3.00pm	Solemn Liturgy of the Passion and Death of Our Lord	High Altar	sung by the Choir of Westminster Abbey	Victoria The Reproaches
Friday, 18th April 2025	3.00pm	Solemn Liturgy of the Passion and Death of Our Lord	High Altar	sung by the Choir of Westminster Abbey	Bruckner Christus factus est pro nobis
Saturday, 19th April 2025	8.00pm	Vigil and First Eucharist of Easter	High Altar	sung by the Choir of Westminster Abbey	Palestrina Sicut cervus desiderat ad fontes aquarum
Saturday, 19th April 2025	8.00pm	Vigil and First Eucharist of Easter	High Altar	sung by the Choir of Westminster Abbey	Kodály Missa brevis
Saturday, 19th April 2025	8.00pm	Vigil and First Eucharist of Easter	High Altar	sung by the Choir of Westminster Abbey	Byrd Haec dies quam fecit Dominus
Saturday, 19th April 2025	8.00pm	Vigil and First Eucharist of Easter	High Altar	sung by the Choir of Westminster Abbey	Tournemire Choral-Improvisation sur le ‘Victimae paschali’
Sunday, 20th April 2025	10.30am	Sung Eucharist	High Altar	sung by the Choir of Westminster Abbey	Vierne Messe solennelle
Sunday, 20th April 2025	10.30am	Sung Eucharist	High Altar	sung by the Choir of Westminster Abbey	Scheidt Surrexit Christus hodie
Sunday, 20th April 2025	10.30am	Sung Eucharist	High Altar	sung by the Choir of Westminster Abbey	Widor Surrexit a mortuis Christus Dei Filius
Sunday, 20th April 2025	10.30am	Sung Eucharist	High Altar	sung by the Choir of Westminster Abbey	Gigout arr Hosking Grand choeur dialogué
Sunday, 20th April 2025	3.00pm	Evensong	Quire	sung by the Choir of Westminster Abbey	Handel Since by man came death
Sunday, 20th April 2025	3.00pm	Evensong	Quire	sung by the Choir of Westminster Abbey	Rose Responses
Sunday, 20th April 2025	3.00pm	Evensong	Quire	sung by the Choir of Westminster Abbey	Murrill Evening Service in E
Sunday, 20th April 2025	3.00pm	Evensong	Quire	sung by the Choir of Westminster Abbey	Taverner Dum transisset sabbatum
Sunday, 20th April 2025	3.00pm	Evensong	Quire	sung by the Choir of Westminster Abbey	Dupré Prelude and Fugue in B
Sunday, 20th April 2025	6.00pm	Sung Eucharist	St Margaret's Church	sung by the St Margaret's Choristers and Consort	Mozart Missa brevis in D
Sunday, 20th April 2025	6.00pm	Sung Eucharist	St Margaret's Church	sung by the St Margaret's Choristers and Consort	Hadley My beloved spake
Sunday, 20th April 2025	6.00pm	Sung Eucharist	St Margaret's Church	sung by the St Margaret's Choristers and Consort	Bach Christ lag in Todesbanden
Sunday, 20th April 2025	6.00pm	Sung Eucharist	St Margaret's Church	sung by the St Margaret's Choristers and Consort	Widor Finale (Symphonie II)
Monday, 21st April 2025	5.00pm	Evensong	Quire	sung by the Choir of All Saints East Sheen	Cryer Savoy Responses
Monday, 21st April 2025	5.00pm	Evensong	Quire	sung by the Choir of All Saints East Sheen	Stanford Evening Service in C
Monday, 21st April 2025	5.00pm	Evensong	Quire	sung by the Choir of All Saints East Sheen	Elgar Light out of darkness thou hast brought
Tuesday, 22nd April 2025	5.00pm	Evensong	Quire	sung by the Chapel Choir of Wellington College	Rose Responses
Tuesday, 22nd April 2025	5.00pm	Evensong	Quire	sung by the Chapel Choir of Wellington College	Stanford Evening Service in A
Tuesday, 22nd April 2025	5.00pm	Evensong	Quire	sung by the Chapel Choir of Wellington College	MacMillan A New Song
Wednesday, 23rd April 2025	5.00pm	Evensong	Quire	sung by the St Margaret's Choristers and Consort	arr Wood This joyful Eastertide
Wednesday, 23rd April 2025	5.00pm	Evensong	Quire	sung by the St Margaret's Choristers and Consort	Smith Responses
Wednesday, 23rd April 2025	5.00pm	Evensong	Quire	sung by the St Margaret's Choristers and Consort	Howells Collegium Regale
Wednesday, 23rd April 2025	5.00pm	Evensong	Quire	sung by the St Margaret's Choristers and Consort	Hadley My beloved spake
Wednesday, 23rd April 2025	5.00pm	Evensong	Quire	sung by the St Margaret's Choristers and Consort	Howells Saraband (for the morning of Easter)
Thursday, 24th April 2025	5.00pm	Evensong	Quire	sung by the Choir of Sidney Sussex College, Cambridge; attended by HE the High Commissioner of Tanzania to the United Kingdom	Smith Responses
Thursday, 24th April 2025	5.00pm	Evensong	Quire	sung by the Choir of Sidney Sussex College, Cambridge; attended by HE the High Commissioner of Tanzania to the United Kingdom	Byrd The Second Service
Thursday, 24th April 2025	5.00pm	Evensong	Quire	sung by the Choir of Sidney Sussex College, Cambridge; attended by HE the High Commissioner of Tanzania to the United Kingdom	Héritier Surrexit Pastor bonus
Friday, 25th April 2025	5.00pm	Evensong	Quire	sung by Magdalene College Choir, Cambridge; attended by the High Commissioner of the Republic of South Africa to the United Kingdom	Clucas Responses
Friday, 25th April 2025	5.00pm	Evensong	Quire	sung by Magdalene College Choir, Cambridge; attended by the High Commissioner of the Republic of South Africa to the United Kingdom	Howells St John's College Service
Friday, 25th April 2025	5.00pm	Evensong	Quire	sung by Magdalene College Choir, Cambridge; attended by the High Commissioner of the Republic of South Africa to the United Kingdom	McGlade When Mary through the garden went
Saturday, 26th April 2025	5.00pm	Evensong	Quire	sung by Shrewsbury School Chapel Choir	Sanders Responses
Saturday, 26th April 2025	5.00pm	Evensong	Quire	sung by Shrewsbury School Chapel Choir	Howells Collegium Regale
Saturday, 26th April 2025	5.00pm	Evensong	Quire	sung by Shrewsbury School Chapel Choir	Wood O thou the central orb
Saturday, 26th April 2025	5.00pm	Evensong	Quire	sung by Shrewsbury School Chapel Choir	Bach Prelude and Fugue in C
Sunday, 27th April 2025	11.15am	Sung Eucharist	Quire	sung by the Choir of St Martin-in-the-Fields	Rheinberger Cantus missae
Sunday, 27th April 2025	11.15am	Sung Eucharist	Quire	sung by the Choir of St Martin-in-the-Fields	Palestrina Ego sum panis vivus
Sunday, 27th April 2025	11.15am	Sung Eucharist	Quire	sung by the Choir of St Martin-in-the-Fields	Mendelssohn Con moto maestoso (Sonata III)
Sunday, 27th April 2025	3.00pm	Evensong with Admission of Chief Honorary Steward	Quire	sung by the Choir of St Martin-in-the-Fields	Rose Responses
Sunday, 27th April 2025	3.00pm	Evensong with Admission of Chief Honorary Steward	Quire	sung by the Choir of St Martin-in-the-Fields	Howells Gloucester Service
Sunday, 27th April 2025	3.00pm	Evensong with Admission of Chief Honorary Steward	Quire	sung by the Choir of St Martin-in-the-Fields	Stanford Ye choirs of new Jerusalem
Sunday, 27th April 2025	3.00pm	Evensong with Admission of Chief Honorary Steward	Quire	sung by the Choir of St Martin-in-the-Fields	Howells Paean
Sunday, 27th April 2025	6.00pm	Sung Eucharist	St Margaret's Church	sung by St Margaret's Choristers and Consort	Ireland Communion Service in C
Sunday, 27th April 2025	6.00pm	Sung Eucharist	St Margaret's Church	sung by St Margaret's Choristers and Consort	Vaughan Williams Easter
Sunday, 27th April 2025	6.00pm	Sung Eucharist	St Margaret's Church	sung by St Margaret's Choristers and Consort	Bach Toccata in C
Monday, 28th April 2025	5.00pm	Evensong	Quire	sung by the Lay Vicars of Westminster Abbey; attended by the Chargé d'Affaires for the Togolese Republic	Martin Justorum animae in manu Dei sunt
Monday, 28th April 2025	5.00pm	Evensong	Quire	sung by the Lay Vicars of Westminster Abbey; attended by the Chargé d'Affaires for the Togolese Republic	Moore Responses
Monday, 28th April 2025	5.00pm	Evensong	Quire	sung by the Lay Vicars of Westminster Abbey; attended by the Chargé d'Affaires for the Togolese Republic	Sumsion Evening Service in G
Monday, 28th April 2025	5.00pm	Evensong	Quire	sung by the Lay Vicars of Westminster Abbey; attended by the Chargé d'Affaires for the Togolese Republic	Howells My eyes for beauty pine
Tuesday, 29th April 2025	5.00pm	Evensong	Quire	sung by the Choir of Westminster Abbey; attended by the High Commissioner of the Republic of Sierra Leone to the United Kingdom	Harris Holy is the true light
Tuesday, 29th April 2025	5.00pm	Evensong	Quire	sung by the Choir of Westminster Abbey; attended by the High Commissioner of the Republic of Sierra Leone to the United Kingdom	Rose Responses
Tuesday, 29th April 2025	5.00pm	Evensong	Quire	sung by the Choir of Westminster Abbey; attended by the High Commissioner of the Republic of Sierra Leone to the United Kingdom	Weelkes The Sixth Service
Tuesday, 29th April 2025	5.00pm	Evensong	Quire	sung by the Choir of Westminster Abbey; attended by the High Commissioner of the Republic of Sierra Leone to the United Kingdom	Tomkins Almighty God, which hast instructed thy holy Church
Thursday, 1st May 2025	5.00pm	Evensong	Quire	sung by the Choir of Westminster Abbey	Harris Holy is the true light
Thursday, 1st May 2025	5.00pm	Evensong	Quire	sung by the Choir of Westminster Abbey	Rose Responses
Thursday, 1st May 2025	5.00pm	Evensong	Quire	sung by the Choir of Westminster Abbey	Noble Evening Service in B minor
Thursday, 1st May 2025	5.00pm	Evensong	Quire	sung by the Choir of Westminster Abbey	Rutter God is our hope and strength
Friday, 2nd May 2025	5.00pm	Evensong	Quire	sung by the Choir of Westminster Abbey	Wood Haec dies quem fecit Dominus
Friday, 2nd May 2025	5.00pm	Evensong	Quire	sung by the Choir of Westminster Abbey	Rose Responses
Friday, 2nd May 2025	5.00pm	Evensong	Quire	sung by the Choir of Westminster Abbey	Victoria Magnificat octavi toni
Friday, 2nd May 2025	5.00pm	Evensong	Quire	sung by the Choir of Westminster Abbey	Victoria Nunc dimittis tertii toni
Friday, 2nd May 2025	5.00pm	Evensong	Quire	sung by the Choir of Westminster Abbey	Phillips Christus resurgens ex mortuis
Saturday, 3rd May 2025	5.00pm	Evensong	Quire	sung by the Choir of Westminster Abbey	plainsong Aurora lucis rutilat
Saturday, 3rd May 2025	5.00pm	Evensong	Quire	sung by the Choir of Westminster Abbey	Rose Responses
Saturday, 3rd May 2025	5.00pm	Evensong	Quire	sung by the Choir of Westminster Abbey	Blair Evening Service in B minor
Saturday, 3rd May 2025	5.00pm	Evensong	Quire	sung by the Choir of Westminster Abbey	Stanford Ye choirs of new Jerusalem
Saturday, 3rd May 2025	5.00pm	Evensong	Quire	sung by the Choir of Westminster Abbey	Whitlock Fanfare
Sunday, 4th May 2025	10.00am	Matins	Quire	sung by the Choir of Westminster Abbey	Rose Responses
Sunday, 4th May 2025	10.00am	Matins	Quire	sung by the Choir of Westminster Abbey	Vaughan Williams Te Deum in G
Sunday, 4th May 2025	10.00am	Matins	Quire	sung by the Choir of Westminster Abbey	Stanford Jubilate in B flat
Sunday, 4th May 2025	10.00am	Matins	Quire	sung by the Choir of Westminster Abbey	Vaughan Williams Fugue in C
Sunday, 4th May 2025	11.15am	Sung Eucharist	Quire	sung by the Choir of Westminster Abbey	Taverner Western Wind Mass
Sunday, 4th May 2025	11.15am	Sung Eucharist	Quire	sung by the Choir of Westminster Abbey	Tallis O sacrum convivium
Sunday, 4th May 2025	11.15am	Sung Eucharist	Quire	sung by the Choir of Westminster Abbey	Bach Allabreve in D
Sunday, 4th May 2025	3.00pm	Evensong	Quire	sung by the Choir of Westminster Abbey	Handel Since by man came death
Sunday, 4th May 2025	3.00pm	Evensong	Quire	sung by the Choir of Westminster Abbey	Rose Responses
Sunday, 4th May 2025	3.00pm	Evensong	Quire	sung by the Choir of Westminster Abbey	Purcell Evening Service in B flat
Sunday, 4th May 2025	3.00pm	Evensong	Quire	sung by the Choir of Westminster Abbey	Gibbons If ye be risen again with Christ
Sunday, 4th May 2025	3.00pm	Evensong	Quire	sung by the Choir of Westminster Abbey	Bach Prelude and Fugue in G
Sunday, 4th May 2025	6.00pm	Sung Eucharist	St Margaret's Church	sung by the St Margaret's Choristers	Rheinberger Missa Puerorum
Sunday, 4th May 2025	6.00pm	Sung Eucharist	St Margaret's Church	sung by the St Margaret's Choristers	Bach Den Tod niemand zwingen kunnt
Sunday, 4th May 2025	6.00pm	Sung Eucharist	St Margaret's Church	sung by the St Margaret's Choristers	Buxtehude Praeludium in D
Monday, 5th May 2025	5.00pm	Evensong	Quire	sung by the Choristers of Westminster Abbey	Couperin Christo resurgenti
Monday, 5th May 2025	5.00pm	Evensong	Quire	sung by the Choristers of Westminster Abbey	plainsong Responses
Monday, 5th May 2025	5.00pm	Evensong	Quire	sung by the Choristers of Westminster Abbey	Dyson Evening Service in C minor
Monday, 5th May 2025	5.00pm	Evensong	Quire	sung by the Choristers of Westminster Abbey	Haydn Benedictus qui venit in nomine Domini
Tuesday, 6th May 2025	5.00pm	Evensong	Quire	sung by the Choir of Westminster Abbey	The National Anthem
Tuesday, 6th May 2025	5.00pm	Evensong	Quire	sung by the Choir of Westminster Abbey	Radcliffe Responses
Tuesday, 6th May 2025	5.00pm	Evensong	Quire	sung by the Choir of Westminster Abbey	Stanford Evening Service in B flat
Tuesday, 6th May 2025	5.00pm	Evensong	Quire	sung by the Choir of Westminster Abbey	Weelkes O Lord, grant the King a long life
Thursday, 8th May 2025	5.00pm	Evensong	St Margaret's Church	sung by the Lay Vicars of Westminster Abbey	plainsong Aurora lucis rutilat
Thursday, 8th May 2025	5.00pm	Evensong	St Margaret's Church	sung by the Lay Vicars of Westminster Abbey	plainsong Responses
Thursday, 8th May 2025	5.00pm	Evensong	St Margaret's Church	sung by the Lay Vicars of Westminster Abbey	Tallis The Short Service
Thursday, 8th May 2025	5.00pm	Evensong	St Margaret's Church	sung by the Lay Vicars of Westminster Abbey	Byrd O Rex gloriae
Friday, 9th May 2025	5.00pm	Evensong	Quire	sung by the Lay Vicars of Westminster Abbey	plainsong Aurora lucis rutilat
Friday, 9th May 2025	5.00pm	Evensong	Quire	sung by the Lay Vicars of Westminster Abbey	plainsong Responses
Friday, 9th May 2025	5.00pm	Evensong	Quire	sung by the Lay Vicars of Westminster Abbey	Victoria Magnificat septimi toni
Friday, 9th May 2025	5.00pm	Evensong	Quire	sung by the Lay Vicars of Westminster Abbey	plainsong Nunc dimittis secundi toni
Friday, 9th May 2025	5.00pm	Evensong	Quire	sung by the Lay Vicars of Westminster Abbey	Gabrieli Maria stabat ad monumentum foris
Saturday, 10th May 2025	5.00pm	Evensong	Quire	part of the Chorister Experience Day; sung by the Choir of Westminster Abbey	Vaughan Williams The Call
Saturday, 10th May 2025	5.00pm	Evensong	Quire	part of the Chorister Experience Day; sung by the Choir of Westminster Abbey	Radcliffe Responses
Saturday, 10th May 2025	5.00pm	Evensong	Quire	part of the Chorister Experience Day; sung by the Choir of Westminster Abbey	Leighton The Second Service
Saturday, 10th May 2025	5.00pm	Evensong	Quire	part of the Chorister Experience Day; sung by the Choir of Westminster Abbey	Wesley Blessed be the God and Father
Saturday, 10th May 2025	5.00pm	Evensong	Quire	part of the Chorister Experience Day; sung by the Choir of Westminster Abbey	Bach Prelude in C
Sunday, 11th May 2025	10.00am	Matins	Quire	sung by the Choir of Westminster Abbey	Radcliffe Responses
Sunday, 11th May 2025	10.00am	Matins	Quire	sung by the Choir of Westminster Abbey	Britten Te Deum in E
Sunday, 11th May 2025	10.00am	Matins	Quire	sung by the Choir of Westminster Abbey	Britten Jubilate in C
Sunday, 11th May 2025	10.00am	Matins	Quire	sung by the Choir of Westminster Abbey	Buxtehude Canzonetta in C
Sunday, 11th May 2025	11.15am	Sung Eucharist	High Altar	sung by the Choir of Westminster Abbey	Haydn Missa brevis Sancti Joannis de Deo
Sunday, 11th May 2025	11.15am	Sung Eucharist	High Altar	sung by the Choir of Westminster Abbey	Mozart Ave verum corpus
Sunday, 11th May 2025	11.15am	Sung Eucharist	High Altar	sung by the Choir of Westminster Abbey	Mozart Fantasia in F minor
Sunday, 11th May 2025	3.00pm	Evensong	Quire	sung by the Choir of Westminster Abbey	Wood Haec dies quam fecit Dominus
Sunday, 11th May 2025	3.00pm	Evensong	Quire	sung by the Choir of Westminster Abbey	Radcliffe Responses
Sunday, 11th May 2025	3.00pm	Evensong	Quire	sung by the Choir of Westminster Abbey	Sumsion Evening Service in G
Sunday, 11th May 2025	3.00pm	Evensong	Quire	sung by the Choir of Westminster Abbey	Vaughan Williams Easter
Sunday, 11th May 2025	3.00pm	Evensong	Quire	sung by the Choir of Westminster Abbey	Mendelssohn Sonata in D
Sunday, 11th May 2025	6.00pm	Sung Eucharist	St Margaret's Church	sung by the St Margaret's Choristers and Consort	Byrd Mass for four voices
Sunday, 11th May 2025	6.00pm	Sung Eucharist	St Margaret's Church	sung by the St Margaret's Choristers and Consort	Duruflé Ubi caritas et amor
Sunday, 11th May 2025	6.00pm	Sung Eucharist	St Margaret's Church	sung by the St Margaret's Choristers and Consort	Elgar Ave verum corpus
Sunday, 11th May 2025	6.00pm	Sung Eucharist	St Margaret's Church	sung by the St Margaret's Choristers and Consort	Bach Fugue in C
Tuesday, 13th May 2025	5.00pm	Evensong with Installation of a Member of College	Quire	sung by the Choir of Westminster Abbey	plainsong Ad coenam Agni providi
Tuesday, 13th May 2025	5.00pm	Evensong with Installation of a Member of College	Quire	sung by the Choir of Westminster Abbey	Ayleward Responses
Tuesday, 13th May 2025	5.00pm	Evensong with Installation of a Member of College	Quire	sung by the Choir of Westminster Abbey	Howells Evening Service in G
Tuesday, 13th May 2025	5.00pm	Evensong with Installation of a Member of College	Quire	sung by the Choir of Westminster Abbey	Hadley My beloved spake
Wednesday, 14th May 2025	5.00pm	Evensong	Quire	sung by the St Margaret's Choristers and Consort	Bach Wir essen und leben wohl
Wednesday, 14th May 2025	5.00pm	Evensong	Quire	sung by the St Margaret's Choristers and Consort	Purcell Evening Service in G minor
Wednesday, 14th May 2025	5.00pm	Evensong	Quire	sung by the St Margaret's Choristers and Consort	Bach Christ lag in Todes Banden
Friday, 16th May 2025	5.00pm	Evensong	Quire	sung by the Lay Vicars of Westminster Abbey	plainsong Ad coenam Agni providi
Friday, 16th May 2025	5.00pm	Evensong	Quire	sung by the Lay Vicars of Westminster Abbey	plainsong Responses
Friday, 16th May 2025	5.00pm	Evensong	Quire	sung by the Lay Vicars of Westminster Abbey	Morales Magnificat quinti toni
Friday, 16th May 2025	5.00pm	Evensong	Quire	sung by the Lay Vicars of Westminster Abbey	Viadana Nunc dimittis tertii toni
Friday, 16th May 2025	5.00pm	Evensong	Quire	sung by the Lay Vicars of Westminster Abbey	Tallis Sermone blando angelus
Saturday, 17th May 2025	5.00pm	Evensong	Quire	sung by the Choir of Westminster Abbey	plainsong Ad coenam Agni providi
Saturday, 17th May 2025	5.00pm	Evensong	Quire	sung by the Choir of Westminster Abbey	Ayleward Responses
Saturday, 17th May 2025	5.00pm	Evensong	Quire	sung by the Choir of Westminster Abbey	Gibbons The Second Service
Saturday, 17th May 2025	5.00pm	Evensong	Quire	sung by the Choir of Westminster Abbey	Purcell My beloved spake
Saturday, 17th May 2025	5.00pm	Evensong	Quire	sung by the Choir of Westminster Abbey	Buxtehude Toccata in F
Sunday, 18th May 2025	10.00am	Matins	Quire	sung by the Choir of Westminster Abbey	Ayleward Responses
Sunday, 18th May 2025	10.00am	Matins	Quire	sung by the Choir of Westminster Abbey	Gibbons Short Service
Sunday, 18th May 2025	10.00am	Matins	Quire	sung by the Choir of Westminster Abbey	Gibbons Fantasia for double organ in A minor
Sunday, 18th May 2025	11.15am	Sung Eucharist	Quire	sung by the Choir of Westminster Abbey; attended by The King's Scholars of Westminster School	Schubert Mass in G
Sunday, 18th May 2025	11.15am	Sung Eucharist	Quire	sung by the Choir of Westminster Abbey; attended by The King's Scholars of Westminster School	Elgar Ave verum corpus
Sunday, 18th May 2025	11.15am	Sung Eucharist	Quire	sung by the Choir of Westminster Abbey; attended by The King's Scholars of Westminster School	Elgar Allegro maestoso (Sonata in G)
Sunday, 18th May 2025	3.00pm	Evensong	Quire	sung by the Choir of Westminster Abbey	Ayleward Responses
Sunday, 18th May 2025	3.00pm	Evensong	Quire	sung by the Choir of Westminster Abbey	Howells St Paul's Service
Sunday, 18th May 2025	3.00pm	Evensong	Quire	sung by the Choir of Westminster Abbey	Vaughan Williams I got me flowers
Sunday, 18th May 2025	3.00pm	Evensong	Quire	sung by the Choir of Westminster Abbey	Stanford Fantasia in D minor
Sunday, 18th May 2025	6.00pm	Sung Eucharist	St Margaret's Church	sung by the St Margaret's Choristers	Langlais Gloria (Missa in simplicitate)
Sunday, 18th May 2025	6.00pm	Sung Eucharist	St Margaret's Church	sung by the St Margaret's Choristers	Fauré Sanctus and Agnus Dei (Messe basse)
Sunday, 18th May 2025	6.00pm	Sung Eucharist	St Margaret's Church	sung by the St Margaret's Choristers	Lesemann-Elliot Regina caeli laetare
Sunday, 18th May 2025	6.00pm	Sung Eucharist	St Margaret's Church	sung by the St Margaret's Choristers	Walton arr Murrill Crown Imperial
Monday, 19th May 2025	5.00pm	Evensong	Quire	sung by the Choristers of Westminster Abbey	plainsong Te lucis ante terminum
Monday, 19th May 2025	5.00pm	Evensong	Quire	sung by the Choristers of Westminster Abbey	plainsong Responses
Monday, 19th May 2025	5.00pm	Evensong	Quire	sung by the Choristers of Westminster Abbey	Malcolm Magnificat secundi toni
Monday, 19th May 2025	5.00pm	Evensong	Quire	sung by the Choristers of Westminster Abbey	plainsong Nunc dimittis secundi toni
Monday, 19th May 2025	5.00pm	Evensong	Quire	sung by the Choristers of Westminster Abbey	Mendelssohn If with all your hearts ye truly seek me
Tuesday, 20th May 2025	5.00pm	Evensong	Quire	sung by the Choir of Westminster Abbey	Byrd Terra tremuit et quievit
Tuesday, 20th May 2025	5.00pm	Evensong	Quire	sung by the Choir of Westminster Abbey	Tomkins Responses
Tuesday, 20th May 2025	5.00pm	Evensong	Quire	sung by the Choir of Westminster Abbey	Rubbra Evening Service in A flat
Tuesday, 20th May 2025	5.00pm	Evensong	Quire	sung by the Choir of Westminster Abbey	Tomkins My shepherd is the living Lord
Thursday, 22nd May 2025	5.00pm	Evensong	Quire	sung by the Choir of Westminster Abbey	Byrd Terra tremuit et quievit
Thursday, 22nd May 2025	5.00pm	Evensong	Quire	sung by the Choir of Westminster Abbey	Tomkins Responses
Thursday, 22nd May 2025	5.00pm	Evensong	Quire	sung by the Choir of Westminster Abbey	Leighton Magdalen College Service
Thursday, 22nd May 2025	5.00pm	Evensong	Quire	sung by the Choir of Westminster Abbey	Bassano Dic nobis Maria
Saturday, 24th May 2025	5.00pm	Evensong	Quire	sung by the Lay Vicars of Westminster Abbey	plainsong Ad coenam Agni providi
Saturday, 24th May 2025	5.00pm	Evensong	Quire	sung by the Lay Vicars of Westminster Abbey	Ward The First Service
Saturday, 24th May 2025	5.00pm	Evensong	Quire	sung by the Lay Vicars of Westminster Abbey	Palestrina Surrexit Pastor bonus
Saturday, 24th May 2025	5.00pm	Evensong	Quire	sung by the Lay Vicars of Westminster Abbey	Mendelssohn Prelude in C minor
Sunday, 25th May 2025	10.00am	Matins	Quire	sung by the Lay Vicars of Westminster Abbey	plainsong Responses
Sunday, 25th May 2025	10.00am	Matins	Quire	sung by the Lay Vicars of Westminster Abbey	plainsong Te Deum and Benedictus
Sunday, 25th May 2025	10.00am	Matins	Quire	sung by the Lay Vicars of Westminster Abbey	Byrd Fantasia in G
Sunday, 25th May 2025	11.15am	Sung Eucharist	High Altar	sung by the Lay Vicars of Westminster Abbey	Langlais Missa in simplicitate
Sunday, 25th May 2025	11.15am	Sung Eucharist	High Altar	sung by the Lay Vicars of Westminster Abbey	Tallis If ye love me
Sunday, 25th May 2025	11.15am	Sung Eucharist	High Altar	sung by the Lay Vicars of Westminster Abbey	Bach Prelude and Fugue in A
Sunday, 25th May 2025	3.00pm	Evensong	Quire	sung by the Lay Vicars of Westminster Abbey	Poulenc Seigneur, je vous en prie
Sunday, 25th May 2025	3.00pm	Evensong	Quire	sung by the Lay Vicars of Westminster Abbey	Tallis Responses
Sunday, 25th May 2025	3.00pm	Evensong	Quire	sung by the Lay Vicars of Westminster Abbey	Wood Evening Service in E
Sunday, 25th May 2025	3.00pm	Evensong	Quire	sung by the Lay Vicars of Westminster Abbey	Palestrina Haec dies quam fecit Dominus
Monday, 26th May 2025	5.00pm	Evensong	Quire	sung by the Lay Vicars of Westminster Abbey	Poulenc Seigneur, je vous en prie
Monday, 26th May 2025	5.00pm	Evensong	Quire	sung by the Lay Vicars of Westminster Abbey	plainsong Responses
Monday, 26th May 2025	5.00pm	Evensong	Quire	sung by the Lay Vicars of Westminster Abbey	Batten The Short Service
Monday, 26th May 2025	5.00pm	Evensong	Quire	sung by the Lay Vicars of Westminster Abbey	Parsons Credo quod redemptor meus vivit
Tuesday, 27th May 2025	5.00pm	Evensong	Quire	sung by the Lay Vicars of Westminster Abbey	Poulenc Seigneur, je vous en prie
Tuesday, 27th May 2025	5.00pm	Evensong	Quire	sung by the Lay Vicars of Westminster Abbey	plainsong Responses
Tuesday, 27th May 2025	5.00pm	Evensong	Quire	sung by the Lay Vicars of Westminster Abbey	Lassus Magnificat tertii toni
Tuesday, 27th May 2025	5.00pm	Evensong	Quire	sung by the Lay Vicars of Westminster Abbey	Viadana Nunc dimittis tertii toni
Tuesday, 27th May 2025	5.00pm	Evensong	Quire	sung by the Lay Vicars of Westminster Abbey	Lassus Benedicite gentes Dominum Deum nostrum
Thursday, 29th May 2025	5.00pm	Sung Eucharist	High Altar	sung by the Lay Vicars of Westminster Abbey	Palestrina Missa O Rex gloriae
Thursday, 29th May 2025	5.00pm	Sung Eucharist	High Altar	sung by the Lay Vicars of Westminster Abbey	Palestrina O Rex gloriae Domine virtutum
Thursday, 29th May 2025	5.00pm	Sung Eucharist	High Altar	sung by the Lay Vicars of Westminster Abbey	Böhm Jesu, du bist allzu schöne
Friday, 30th May 2025	5.00pm	Evensong	Quire	sung by the Lay Vicars of Westminster Abbey	Poulenc Seigneur, je vous en prie
Friday, 30th May 2025	5.00pm	Evensong	Quire	sung by the Lay Vicars of Westminster Abbey	plainsong Responses
Friday, 30th May 2025	5.00pm	Evensong	Quire	sung by the Lay Vicars of Westminster Abbey	Sheppard The First Service
Friday, 30th May 2025	5.00pm	Evensong	Quire	sung by the Lay Vicars of Westminster Abbey	Byrd Pascha nostrum immolatus est Christus
Saturday, 31st May 2025	5.00pm	Evensong	Quire	sung by the Lay Vicars of Westminster Abbey	plainsong Ave Maris Stella
Saturday, 31st May 2025	5.00pm	Evensong	Quire	sung by the Lay Vicars of Westminster Abbey	Tallis Responses
Saturday, 31st May 2025	5.00pm	Evensong	Quire	sung by the Lay Vicars of Westminster Abbey	Marson The Verse Service
Saturday, 31st May 2025	5.00pm	Evensong	Quire	sung by the Lay Vicars of Westminster Abbey	Cavalli Salve Regina
Saturday, 31st May 2025	5.00pm	Evensong	Quire	sung by the Lay Vicars of Westminster Abbey	Buxtehude Magnificat primi toni
Sunday, 1st June 2025	10.00am	Matins	Quire	sung by the Choir of Westminster Abbey	Smith Responses
Sunday, 1st June 2025	10.00am	Matins	Quire	sung by the Choir of Westminster Abbey	Ireland Te Deum (Morning Service in F)
Sunday, 1st June 2025	10.00am	Matins	Quire	sung by the Choir of Westminster Abbey	Howells Jubilate (Collegium Regale)
Sunday, 1st June 2025	10.00am	Matins	Quire	sung by the Choir of Westminster Abbey	Howells Psalm-Prelude Set 2 no 2
Sunday, 1st June 2025	11.15am	Sung Eucharist	High Altar	sung by the Choir of Westminster Abbey	Stravinsky Mass
Sunday, 1st June 2025	11.15am	Sung Eucharist	High Altar	sung by the Choir of Westminster Abbey	Vaughan Williams O taste and see how gracious the Lord is
Sunday, 1st June 2025	11.15am	Sung Eucharist	High Altar	sung by the Choir of Westminster Abbey	Olsson Prelude and Fugue in F sharp minor
Sunday, 1st June 2025	3.00pm	Evensong	Quire	sung by the Choir of Westminster Abbey	Stanford Coelos ascendit hodie
Sunday, 1st June 2025	3.00pm	Evensong	Quire	sung by the Choir of Westminster Abbey	Smith Responses
Sunday, 1st June 2025	3.00pm	Evensong	Quire	sung by the Choir of Westminster Abbey	Stanford Evening Service in C
Sunday, 1st June 2025	3.00pm	Evensong	Quire	sung by the Choir of Westminster Abbey	Gowers Viri Galilaei
Sunday, 1st June 2025	3.00pm	Evensong	Quire	sung by the Choir of Westminster Abbey	Martin Prelude and Fugue
Sunday, 1st June 2025	6.00pm	Sung Eucharist	St Margaret's Church	sung by the St Margaret's Choristers	Rheinberger Missa puerorum
Sunday, 1st June 2025	6.00pm	Sung Eucharist	St Margaret's Church	sung by the St Margaret's Choristers	Leighton An Easter Sequence
Sunday, 1st June 2025	6.00pm	Sung Eucharist	St Margaret's Church	sung by the St Margaret's Choristers	Leighton Paean
Monday, 2nd June 2025	5.00pm	Evensong	Quire	sung by the Lay Vicars of Westminster Abbey; attended by a representative of the Honorary Consul for Samoa	plainsong Aeterne Rex altissime
Monday, 2nd June 2025	5.00pm	Evensong	Quire	sung by the Lay Vicars of Westminster Abbey; attended by a representative of the Honorary Consul for Samoa	Tallis Responses
Monday, 2nd June 2025	5.00pm	Evensong	Quire	sung by the Lay Vicars of Westminster Abbey; attended by a representative of the Honorary Consul for Samoa	Tallis Short Service
Monday, 2nd June 2025	5.00pm	Evensong	Quire	sung by the Lay Vicars of Westminster Abbey; attended by a representative of the Honorary Consul for Samoa	Tomkins Thou art my King, O God
Monday, 2nd June 2025	5.00pm	Evensong	Quire	sung by the Lay Vicars of Westminster Abbey; attended by a representative of the Honorary Consul for Samoa	Byrd Fantasia in G
Tuesday, 3rd June 2025	5.00pm	Evensong	Quire	sung by the Choir of Westminster Abbey	Byrd Psallite Domino
Tuesday, 3rd June 2025	5.00pm	Evensong	Quire	sung by the Choir of Westminster Abbey	Smith Responses
Tuesday, 3rd June 2025	5.00pm	Evensong	Quire	sung by the Choir of Westminster Abbey	Wise Evening Service in E flat
Tuesday, 3rd June 2025	5.00pm	Evensong	Quire	sung by the Choir of Westminster Abbey	Gibbons O God, the King of glory
Thursday, 5th June 2025	5.00pm	Evensong	Quire	sung by the Choir of Westminster Abbey	Byrd Psallite Domino
Thursday, 5th June 2025	5.00pm	Evensong	Quire	sung by the Choir of Westminster Abbey	Smith Responses
Thursday, 5th June 2025	5.00pm	Evensong	Quire	sung by the Choir of Westminster Abbey	Gibbons The Short Service
Thursday, 5th June 2025	5.00pm	Evensong	Quire	sung by the Choir of Westminster Abbey	Finzi God is gone up with a triumphant shout
Friday, 6th June 2025	5.00pm	Evensong	Quire	sung by the Choir of Westminster Abbey	Byrd Psallite Domino
Friday, 6th June 2025	5.00pm	Evensong	Quire	sung by the Choir of Westminster Abbey	Smith Responses
Friday, 6th June 2025	5.00pm	Evensong	Quire	sung by the Choir of Westminster Abbey	Victoria Magnificat primi toni
Friday, 6th June 2025	5.00pm	Evensong	Quire	sung by the Choir of Westminster Abbey	Victoria Nunc dimittis tertii toni
Friday, 6th June 2025	5.00pm	Evensong	Quire	sung by the Choir of Westminster Abbey	Philips Ascendit Deus in jubilatione
Saturday, 7th June 2025	5.00pm	First Evensong of the Day of Pentecost	Quire	sung by the Choir of Westminster Abbey	plainsong Veni creator Spiritus
Saturday, 7th June 2025	5.00pm	First Evensong of the Day of Pentecost	Quire	sung by the Choir of Westminster Abbey	Smith Responses
Saturday, 7th June 2025	5.00pm	First Evensong of the Day of Pentecost	Quire	sung by the Choir of Westminster Abbey	Wesley Evening Service in E
Saturday, 7th June 2025	5.00pm	First Evensong of the Day of Pentecost	Quire	sung by the Choir of Westminster Abbey	Palestrina Dum complerentur dies Pentecostes
Saturday, 7th June 2025	5.00pm	First Evensong of the Day of Pentecost	Quire	sung by the Choir of Westminster Abbey	Duruflé Choral varié sur le thème du Veni Creator Op 4iii
Sunday, 8th June 2025	11.15am	Sung Eucharist	High Altar	sung by the Choir of Westminster Abbey	Palestrina Missa Dum complerentur
Sunday, 8th June 2025	11.15am	Sung Eucharist	High Altar	sung by the Choir of Westminster Abbey	Palestrina Dum complerentur dies Pentecostes
Sunday, 8th June 2025	11.15am	Sung Eucharist	High Altar	sung by the Choir of Westminster Abbey	Bach Komm, heiliger Geist
Sunday, 8th June 2025	3.00pm	Evensong	Quire	sung by the Choir of Westminster Abbey	Tallis O Lord, give thy Holy Spirit into our hearts
Sunday, 8th June 2025	3.00pm	Evensong	Quire	sung by the Choir of Westminster Abbey	Smith Responses
Sunday, 8th June 2025	3.00pm	Evensong	Quire	sung by the Choir of Westminster Abbey	attr Buxtehude Magnificat
Sunday, 8th June 2025	3.00pm	Evensong	Quire	sung by the Choir of Westminster Abbey	Victoria Nunc dimittis tertii toni
Sunday, 8th June 2025	3.00pm	Evensong	Quire	sung by the Choir of Westminster Abbey	Elgar The spirit of the Lord is upon me
Sunday, 8th June 2025	3.00pm	Evensong	Quire	sung by the Choir of Westminster Abbey	Elgar Presto (Sonata in G)
Sunday, 8th June 2025	6.00pm	Sung Eucharist	St Margaret's Church	sung by the St Margaret's Choristers and Consort	Schubert Mass in G
Sunday, 8th June 2025	6.00pm	Sung Eucharist	St Margaret's Church	sung by the St Margaret's Choristers and Consort	Elgar The spirit of the Lord is upon me
Sunday, 8th June 2025	6.00pm	Sung Eucharist	St Margaret's Church	sung by the St Margaret's Choristers and Consort	Price Toccato (Suite)
Monday, 9th June 2025	5.00pm	Evensong	Quire	sung by the Choristers of Westminster Abbey	Hurford Litany to the Holy Spirit
Monday, 9th June 2025	5.00pm	Evensong	Quire	sung by the Choristers of Westminster Abbey	plainsong Responses
Monday, 9th June 2025	5.00pm	Evensong	Quire	sung by the Choristers of Westminster Abbey	plainsong Magnificat primi toni
Monday, 9th June 2025	5.00pm	Evensong	Quire	sung by the Choristers of Westminster Abbey	Burgon Nunc dimittis
Monday, 9th June 2025	5.00pm	Evensong	Quire	sung by the Choristers of Westminster Abbey	Fauré Ave verum corpus
Tuesday, 10th June 2025	5.00pm	Evensong	Quire	sung by the Choir of Westminster Abbey	Tallis O Lord, give thy Holy Spirit into our hearts
Tuesday, 10th June 2025	5.00pm	Evensong	Quire	sung by the Choir of Westminster Abbey	Clucas Responses
Tuesday, 10th June 2025	5.00pm	Evensong	Quire	sung by the Choir of Westminster Abbey	Tomkins The Sixth Service
Tuesday, 10th June 2025	5.00pm	Evensong	Quire	sung by the Choir of Westminster Abbey	Tomkins God, who as at this time
Thursday, 12th June 2025	5.00pm	Evensong	Quire	sung by the Lay Vicars of Westminster Abbey	plainsong Veni creator Spiritus
Thursday, 12th June 2025	5.00pm	Evensong	Quire	sung by the Lay Vicars of Westminster Abbey	plainsong Responses
Thursday, 12th June 2025	5.00pm	Evensong	Quire	sung by the Lay Vicars of Westminster Abbey	Soriano Magnificat septimi toni
Thursday, 12th June 2025	5.00pm	Evensong	Quire	sung by the Lay Vicars of Westminster Abbey	Tye Nunc dimittis
Thursday, 12th June 2025	5.00pm	Evensong	Quire	sung by the Lay Vicars of Westminster Abbey	Tallis Loquebantur variis linguis
Friday, 13th June 2025	5.00pm	Evensong	Quire	sung by the Lay Vicars of Westminster Abbey	plainsong Veni creator Spiritus
Friday, 13th June 2025	5.00pm	Evensong	Quire	sung by the Lay Vicars of Westminster Abbey	plainsong Responses
Friday, 13th June 2025	5.00pm	Evensong	Quire	sung by the Lay Vicars of Westminster Abbey	Victoria Magnificat sexti toni
Friday, 13th June 2025	5.00pm	Evensong	Quire	sung by the Lay Vicars of Westminster Abbey	Palestrina Nunc dimittis tertii toni
Friday, 13th June 2025	5.00pm	Evensong	Quire	sung by the Lay Vicars of Westminster Abbey	Palestrina Loquebantur variis linguis
Saturday, 14th June 2025	5.00pm	First Evensong of Trinity Sunday	Quire	sung by the Choir of Westminster Abbey	plainsong O lux beata Trinitas
Saturday, 14th June 2025	5.00pm	First Evensong of Trinity Sunday	Quire	sung by the Choir of Westminster Abbey	Clucas Responses
Saturday, 14th June 2025	5.00pm	First Evensong of Trinity Sunday	Quire	sung by the Choir of Westminster Abbey	Watson Evening Service in E
Saturday, 14th June 2025	5.00pm	First Evensong of Trinity Sunday	Quire	sung by the Choir of Westminster Abbey	Bainton And I saw a new heaven
Saturday, 14th June 2025	5.00pm	First Evensong of Trinity Sunday	Quire	sung by the Choir of Westminster Abbey	Dupré Prelude and Fugue in G minor
Sunday, 15th June 2025	10.00am	Matins	Quire	sung by the Choir of Westminster Abbey	Clucas Responses
Sunday, 15th June 2025	10.00am	Matins	Quire	sung by the Choir of Westminster Abbey	Stanford Morning Service in B flat
Sunday, 15th June 2025	10.00am	Matins	Quire	sung by the Choir of Westminster Abbey	Stanford Allegro maestoso (Sonata IV)
Sunday, 15th June 2025	11.15am	Sung Eucharist	Quire	sung by the Choir of Westminster Abbey	Mozart Missa brevis in F
Sunday, 15th June 2025	11.15am	Sung Eucharist	Quire	sung by the Choir of Westminster Abbey	Séverac Tantum ergo sacramentum
Sunday, 15th June 2025	11.15am	Sung Eucharist	Quire	sung by the Choir of Westminster Abbey	Buxtehude Passacaglia in D minor
Sunday, 15th June 2025	3.00pm	Evensong	Quire	sung by the Choir of Westminster Abbey	plainsong O lux beata Trinitas
Sunday, 15th June 2025	3.00pm	Evensong	Quire	sung by the Choir of Westminster Abbey	Clucas Responses
Sunday, 15th June 2025	3.00pm	Evensong	Quire	sung by the Choir of Westminster Abbey	Ireland Evening Service in F
Sunday, 15th June 2025	3.00pm	Evensong	Quire	sung by the Choir of Westminster Abbey	Sheppard Libera nos
Sunday, 15th June 2025	6.00pm	Sung Eucharist	St Margaret's Church	sung by St Margaret's Choristers and Consort	Haydn Missa brevis Sancti Joannis de Deo
Sunday, 15th June 2025	6.00pm	Sung Eucharist	St Margaret's Church	sung by St Margaret's Choristers and Consort	Vivaldi Quoniam to solus sanctus
Sunday, 15th June 2025	6.00pm	Sung Eucharist	St Margaret's Church	sung by St Margaret's Choristers and Consort	Bach Fugue in E flat
Monday, 16th June 2025	5.00pm	Evensong	Quire	sung by the Lay Vicars of Westminster Abbey	plainsong O lux beata Trinitas
Monday, 16th June 2025	5.00pm	Evensong	Quire	sung by the Lay Vicars of Westminster Abbey	plainsong Responses
Monday, 16th June 2025	5.00pm	Evensong	Quire	sung by the Lay Vicars of Westminster Abbey	Tye The Short Service
Monday, 16th June 2025	5.00pm	Evensong	Quire	sung by the Lay Vicars of Westminster Abbey	Lassus Tibi laus
Thursday, 19th June 2025	5.00pm	Sung Eucharist	High Altar	sung by the Choir of Westminster Abbey	Josquin Missa Pange lingua
Thursday, 19th June 2025	5.00pm	Sung Eucharist	High Altar	sung by the Choir of Westminster Abbey	Tallis O sacrum convivium
Thursday, 19th June 2025	5.00pm	Sung Eucharist	High Altar	sung by the Choir of Westminster Abbey	Bach Schmücke dich, o liebe Seele
Friday, 20th June 2025	5.00pm	Evensong	Quire	sung by the Choir of Westminster Abbey	attr Farrant Lord, for thy tender mercy's sake
Friday, 20th June 2025	5.00pm	Evensong	Quire	sung by the Choir of Westminster Abbey	Martin Responses
Friday, 20th June 2025	5.00pm	Evensong	Quire	sung by the Choir of Westminster Abbey	Tomkins The First Service
Friday, 20th June 2025	5.00pm	Evensong	Quire	sung by the Choir of Westminster Abbey	Tallis O salutaris hostia
Saturday, 21st June 2025	5.00pm	Evensong	Quire	sung by the Choir of Westminster Abbey	attr Farrant Lord, for thy tender mercy's sake
Saturday, 21st June 2025	5.00pm	Evensong	Quire	sung by the Choir of Westminster Abbey	Martin Responses
Saturday, 21st June 2025	5.00pm	Evensong	Quire	sung by the Choir of Westminster Abbey	Howells St Paul's Service
Saturday, 21st June 2025	5.00pm	Evensong	Quire	sung by the Choir of Westminster Abbey	Holst A Hymne to Christ
Saturday, 21st June 2025	5.00pm	Evensong	Quire	sung by the Choir of Westminster Abbey	Mendelssohn Prelude and Fugue in D minor
Sunday, 22nd June 2025	11.15am	Sung Eucharist with Baptism and Confirmation	High Altar	sung by the Choir of Westminster Abbey and the St Margaret's Choristers	Vaughan Williams Mass in G minor
Sunday, 22nd June 2025	11.15am	Sung Eucharist with Baptism and Confirmation	High Altar	sung by the Choir of Westminster Abbey and the St Margaret's Choristers	Elgar The spirit of the Lord is upon me
Sunday, 22nd June 2025	11.15am	Sung Eucharist with Baptism and Confirmation	High Altar	sung by the Choir of Westminster Abbey and the St Margaret's Choristers	Bach Fugue in E flat
Sunday, 22nd June 2025	3.00pm	Evensong	Quire	sung by the Choir of Westminster Abbey	attr Farrant Lord, for thy tender mercy's sake
Sunday, 22nd June 2025	3.00pm	Evensong	Quire	sung by the Choir of Westminster Abbey	Martin Responses
Sunday, 22nd June 2025	3.00pm	Evensong	Quire	sung by the Choir of Westminster Abbey	Stanford Evening Service in A
Sunday, 22nd June 2025	3.00pm	Evensong	Quire	sung by the Choir of Westminster Abbey	Bairstow Blessed city, heavenly Salem
Sunday, 22nd June 2025	3.00pm	Evensong	Quire	sung by the Choir of Westminster Abbey	Harwood Maestoso—Con moto (Sonata in C sharp minor)
Monday, 23rd June 2025	5.00pm	First Evensong of the Birth of St John the Baptist	Quire	sung by the Lay Vicars of Westminster Abbey	plainsong O lux beata Trinitas
Monday, 23rd June 2025	5.00pm	First Evensong of the Birth of St John the Baptist	Quire	sung by the Lay Vicars of Westminster Abbey	plainsong Responses
Monday, 23rd June 2025	5.00pm	First Evensong of the Birth of St John the Baptist	Quire	sung by the Lay Vicars of Westminster Abbey	Mundy Magnificat secundi toni
Monday, 23rd June 2025	5.00pm	First Evensong of the Birth of St John the Baptist	Quire	sung by the Lay Vicars of Westminster Abbey	Tye Nunc dimittis
Monday, 23rd June 2025	5.00pm	First Evensong of the Birth of St John the Baptist	Quire	sung by the Lay Vicars of Westminster Abbey	Morales Inter natos mulierum
Tuesday, 24th June 2025	5.00pm	Evensong	Quire	sung by the Choir of Westminster Abbey; attended by the High Commissioner of the Republic of Mozambique	Palestrina Fuit homo missus a Deo
Tuesday, 24th June 2025	5.00pm	Evensong	Quire	sung by the Choir of Westminster Abbey; attended by the High Commissioner of the Republic of Mozambique	Byrd Responses
Tuesday, 24th June 2025	5.00pm	Evensong	Quire	sung by the Choir of Westminster Abbey; attended by the High Commissioner of the Republic of Mozambique	Batten The Fourth Service
Tuesday, 24th June 2025	5.00pm	Evensong	Quire	sung by the Choir of Westminster Abbey; attended by the High Commissioner of the Republic of Mozambique	Gibbons This is the record of John
Tuesday, 24th June 2025	5.00pm	Evensong	Quire	sung by the Choir of Westminster Abbey; attended by the High Commissioner of the Republic of Mozambique	Richardson Galiarda
Thursday, 26th June 2025	5.00pm	Evensong	Quire	sung by the Choir of Westminster Abbey	Palestrina Exaltabo te Domine
Thursday, 26th June 2025	5.00pm	Evensong	Quire	sung by the Choir of Westminster Abbey	Byrd Responses
Thursday, 26th June 2025	5.00pm	Evensong	Quire	sung by the Choir of Westminster Abbey	Noble Evening Service in B minor
Thursday, 26th June 2025	5.00pm	Evensong	Quire	sung by the Choir of Westminster Abbey	Bairstow Let all mortal flesh keep silence
Friday, 27th June 2025	5.00pm	Evensong	Quire	sung by the Choir of Westminster Abbey; attended by the High Commissioner of the Republic of Rwanda	Palestrina Exaltabo te Domine
Friday, 27th June 2025	5.00pm	Evensong	Quire	sung by the Choir of Westminster Abbey; attended by the High Commissioner of the Republic of Rwanda	Byrd Responses
Friday, 27th June 2025	5.00pm	Evensong	Quire	sung by the Choir of Westminster Abbey; attended by the High Commissioner of the Republic of Rwanda	Gibbons The Short Service
Friday, 27th June 2025	5.00pm	Evensong	Quire	sung by the Choir of Westminster Abbey; attended by the High Commissioner of the Republic of Rwanda	Palestrina Sicut cervus desiderat ad fontes aquarum
Saturday, 28th June 2025	5.00pm	First Evensong of St Peter	Quire	sung by the Lay Vicars of Westminster Abbey	plainsong O lux beata Trinitas
Saturday, 28th June 2025	5.00pm	First Evensong of St Peter	Quire	sung by the Lay Vicars of Westminster Abbey	Tallis Responses
Saturday, 28th June 2025	5.00pm	First Evensong of St Peter	Quire	sung by the Lay Vicars of Westminster Abbey	Mundy Evening Service in three parts
Saturday, 28th June 2025	5.00pm	First Evensong of St Peter	Quire	sung by the Lay Vicars of Westminster Abbey	Byrd Petrus beatus catenarum laqueos
Saturday, 28th June 2025	5.00pm	First Evensong of St Peter	Quire	sung by the Lay Vicars of Westminster Abbey	Harwood Allegro appassionato (Sonata in C sharp minor)
Sunday, 29th June 2025	10.00am	Matins	Quire	sung by the Westminster Abbey Special Service Choir	Rose Responses
Sunday, 29th June 2025	10.00am	Matins	Quire	sung by the Westminster Abbey Special Service Choir	Purcell Morning Service in B flat
Sunday, 29th June 2025	10.00am	Matins	Quire	sung by the Westminster Abbey Special Service Choir	Grigny Pange lingua
Sunday, 29th June 2025	11.15am	Sung Eucharist	Quire	sung by the Westminster Abbey Special Service Choir	Victoria Missa Vidi speciosam
Sunday, 29th June 2025	11.15am	Sung Eucharist	Quire	sung by the Westminster Abbey Special Service Choir	Monteverdi Adoramus te Christe
Sunday, 29th June 2025	11.15am	Sung Eucharist	Quire	sung by the Westminster Abbey Special Service Choir	Bach Fugue in B minor
Sunday, 29th June 2025	3.00pm	Evensong	Quire	sung by the Westminster Abbey Special Service Choir	Pearsall Tu es Petrus
Sunday, 29th June 2025	3.00pm	Evensong	Quire	sung by the Westminster Abbey Special Service Choir	Rose Responses
Sunday, 29th June 2025	3.00pm	Evensong	Quire	sung by the Westminster Abbey Special Service Choir	Howells Collegium Regale
Sunday, 29th June 2025	3.00pm	Evensong	Quire	sung by the Westminster Abbey Special Service Choir	Walton The Twelve
Sunday, 29th June 2025	3.00pm	Evensong	Quire	sung by the Westminster Abbey Special Service Choir	Parry Chorale Prelude on 'Dundee'
Sunday, 29th June 2025	6.00pm	Sung Eucharist	St Margaret's Church	sung by the St Margaret's Choristers and Consort	Darke Communion Service in F
Sunday, 29th June 2025	6.00pm	Sung Eucharist	St Margaret's Church	sung by the St Margaret's Choristers and Consort	Duruflé Ubi caritas et amor
Sunday, 29th June 2025	6.00pm	Sung Eucharist	St Margaret's Church	sung by the St Margaret's Choristers and Consort	Duruflé Tu es Petrus
Sunday, 29th June 2025	6.00pm	Sung Eucharist	St Margaret's Church	sung by the St Margaret's Choristers and Consort	Mulet Tu es petra
Monday, 30th June 2025	5.00pm	Collegiate Evensong of St Peter	Quire	sung by the Choir of Westminster Abbey	Duruflé Tu es Petrus
Monday, 30th June 2025	5.00pm	Collegiate Evensong of St Peter	Quire	sung by the Choir of Westminster Abbey	Rose Responses
Monday, 30th June 2025	5.00pm	Collegiate Evensong of St Peter	Quire	sung by the Choir of Westminster Abbey	Howells Evening Service in G
Monday, 30th June 2025	5.00pm	Collegiate Evensong of St Peter	Quire	sung by the Choir of Westminster Abbey	Palestrina Tu es Petrus
Monday, 30th June 2025	5.00pm	Collegiate Evensong of St Peter	Quire	sung by the Choir of Westminster Abbey	Mulet Tu es petra
Tuesday, 1st July 2025	5.00pm	Evensong	Quire	sung by the Choristers of Westminster Abbey; attended by the Acting High Commissioner of Seychelles	plainsong O lux beata Trinitas
Tuesday, 1st July 2025	5.00pm	Evensong	Quire	sung by the Choristers of Westminster Abbey; attended by the Acting High Commissioner of Seychelles	plainsong Responses
Tuesday, 1st July 2025	5.00pm	Evensong	Quire	sung by the Choristers of Westminster Abbey; attended by the Acting High Commissioner of Seychelles	Frances-Hoad The Merton Service
Tuesday, 1st July 2025	5.00pm	Evensong	Quire	sung by the Choristers of Westminster Abbey; attended by the Acting High Commissioner of Seychelles	Bach Zerfliesse, mein Herze, in Fluten der Zähren
Thursday, 3rd July 2025	5.00pm	Evensong	Quire	sung by the Choir of Westminster Abbey; attended by the High Commissioner of Canada	Weelkes All people, clap your hands
Thursday, 3rd July 2025	5.00pm	Evensong	Quire	sung by the Choir of Westminster Abbey; attended by the High Commissioner of Canada	Rose Responses
Thursday, 3rd July 2025	5.00pm	Evensong	Quire	sung by the Choir of Westminster Abbey; attended by the High Commissioner of Canada	Purcell Evening Service in E minor
Thursday, 3rd July 2025	5.00pm	Evensong	Quire	sung by the Choir of Westminster Abbey; attended by the High Commissioner of Canada	Gibbons See, see the Word is incarnate
Friday, 4th July 2025	5.00pm	Evensong with the Commissioning of Duty Chaplains	Quire	sung by the Choir of Westminster Abbey	Weelkes All people, clap your hands
Friday, 4th July 2025	5.00pm	Evensong with the Commissioning of Duty Chaplains	Quire	sung by the Choir of Westminster Abbey	Rose Responses
Friday, 4th July 2025	5.00pm	Evensong with the Commissioning of Duty Chaplains	Quire	sung by the Choir of Westminster Abbey	Bingham The York Service
Friday, 4th July 2025	5.00pm	Evensong with the Commissioning of Duty Chaplains	Quire	sung by the Choir of Westminster Abbey	Byrd Sing joyfully unto God our strength
Saturday, 5th July 2025	5.00pm	Evensong	Quire	sung by the Choir of Westminster Abbey	Weelkes All people, clap your hands
Saturday, 5th July 2025	5.00pm	Evensong	Quire	sung by the Choir of Westminster Abbey	Rose Responses
Saturday, 5th July 2025	5.00pm	Evensong	Quire	sung by the Choir of Westminster Abbey	Williams Westminster Service
Saturday, 5th July 2025	5.00pm	Evensong	Quire	sung by the Choir of Westminster Abbey	Vaughan Williams Love bade me welcome
Saturday, 5th July 2025	5.00pm	Evensong	Quire	sung by the Choir of Westminster Abbey	Bach Fugue in F
Sunday, 6th July 2025	11.00am	Matins, attended in Civic State by The Lord Mayor of Westminster	Quire	sung by the Choir of Westminster Abbey	Bruckner Locus iste a Deo factus est
Sunday, 6th July 2025	11.00am	Matins, attended in Civic State by The Lord Mayor of Westminster	Quire	sung by the Choir of Westminster Abbey	Rose Responses
Sunday, 6th July 2025	11.00am	Matins, attended in Civic State by The Lord Mayor of Westminster	Quire	sung by the Choir of Westminster Abbey	Howells Collegium Regale
Sunday, 6th July 2025	11.00am	Matins, attended in Civic State by The Lord Mayor of Westminster	Quire	sung by the Choir of Westminster Abbey	Vaughan Williams Antiphon
Sunday, 6th July 2025	11.00am	Matins, attended in Civic State by The Lord Mayor of Westminster	Quire	sung by the Choir of Westminster Abbey	Brewer Marche Héroïque
Sunday, 6th July 2025	3.00pm	Evensong with Presentation of a Surplice	Quire	sung by the Choir of Westminster Abbey	Rutter The Lord bless you and keep you
Sunday, 6th July 2025	3.00pm	Evensong with Presentation of a Surplice	Quire	sung by the Choir of Westminster Abbey	Rose Responses
Sunday, 6th July 2025	3.00pm	Evensong with Presentation of a Surplice	Quire	sung by the Choir of Westminster Abbey	Howells Gloucester Service
Sunday, 6th July 2025	3.00pm	Evensong with Presentation of a Surplice	Quire	sung by the Choir of Westminster Abbey	Stanford Beati quorum via integra est
Sunday, 6th July 2025	3.00pm	Evensong with Presentation of a Surplice	Quire	sung by the Choir of Westminster Abbey	Howells Psalm Prelude Set 1 no 3
Sunday, 6th July 2025	6.00pm	Sung Eucharist	St Margaret's Church	sung by the St Margaret's Choristers and Consort	Howells Collegium Regale
Sunday, 6th July 2025	6.00pm	Sung Eucharist	St Margaret's Church	sung by the St Margaret's Choristers and Consort	Weir Leaf from leaf Christ knows
Sunday, 6th July 2025	6.00pm	Sung Eucharist	St Margaret's Church	sung by the St Margaret's Choristers and Consort	Handel Grave—Allegro (Organ Concerto XVI)
Monday, 7th July 2025	5.00pm	Evensong	Quire	sung by the Choristers of Westminster Abbey; attended by the Honorary Consul for Solomon Islands	Fauré Pie Jesu Domine
Monday, 7th July 2025	5.00pm	Evensong	Quire	sung by the Choristers of Westminster Abbey; attended by the Honorary Consul for Solomon Islands	plainsong Responses
Monday, 7th July 2025	5.00pm	Evensong	Quire	sung by the Choristers of Westminster Abbey; attended by the Honorary Consul for Solomon Islands	Robinson Evening Service in C
Monday, 7th July 2025	5.00pm	Evensong	Quire	sung by the Choristers of Westminster Abbey; attended by the Honorary Consul for Solomon Islands	Franck Panis angelicus fit panis hominum
Tuesday, 8th July 2025	5.00pm	Evensong	Quire	sung by the Choir of Westminster Abbey; attended by the High Commissioner of the Republic of Malawi	Weelkes All people, clap your hands
Tuesday, 8th July 2025	5.00pm	Evensong	Quire	sung by the Choir of Westminster Abbey; attended by the High Commissioner of the Republic of Malawi	Rose Responses
Tuesday, 8th July 2025	5.00pm	Evensong	Quire	sung by the Choir of Westminster Abbey; attended by the High Commissioner of the Republic of Malawi	Gibbons The Second Service
Tuesday, 8th July 2025	5.00pm	Evensong	Quire	sung by the Choir of Westminster Abbey; attended by the High Commissioner of the Republic of Malawi	Gibbons Great Lord of lords
Wednesday, 9th July 2025	5.00pm	Evensong	Quire	sung by the St Margaret's Choristers and Consort	Duruflé Ubi caritas et amor
Wednesday, 9th July 2025	5.00pm	Evensong	Quire	sung by the St Margaret's Choristers and Consort	Smith Responses
Wednesday, 9th July 2025	5.00pm	Evensong	Quire	sung by the St Margaret's Choristers and Consort	Brewer Evening Service in D
Wednesday, 9th July 2025	5.00pm	Evensong	Quire	sung by the St Margaret's Choristers and Consort	Weir Leaf from leaf Christ knows
Thursday, 10th July 2025	5.00pm	Evensong	Quire	sung by the Choir of Westminster Abbey	Bairstow Jesu, the very thought of thee
Thursday, 10th July 2025	5.00pm	Evensong	Quire	sung by the Choir of Westminster Abbey	Leighton Responses
Thursday, 10th July 2025	5.00pm	Evensong	Quire	sung by the Choir of Westminster Abbey	Howells Westminster Service
Thursday, 10th July 2025	5.00pm	Evensong	Quire	sung by the Choir of Westminster Abbey	Wood Hail, gladdening light
Friday, 11th July 2025	5.00pm	Evensong	Quire	sung by the Choir of Westminster Abbey	Bairstow Jesu, the very thought of thee
Friday, 11th July 2025	5.00pm	Evensong	Quire	sung by the Choir of Westminster Abbey	Leighton Responses
Friday, 11th July 2025	5.00pm	Evensong	Quire	sung by the Choir of Westminster Abbey	Victoria Magnificat primi toni
Friday, 11th July 2025	5.00pm	Evensong	Quire	sung by the Choir of Westminster Abbey	Victoria Nunc dimittis tertii toni
Friday, 11th July 2025	5.00pm	Evensong	Quire	sung by the Choir of Westminster Abbey	Clemens non Papa Ego flos campi
Saturday, 12th July 2025	5.00pm	Evensong	Quire	sung by the Choir of Westminster Abbey	Leighton Responses
Saturday, 12th July 2025	5.00pm	Evensong	Quire	sung by the Choir of Westminster Abbey	Sumsion Evening Service in G
Saturday, 12th July 2025	5.00pm	Evensong	Quire	sung by the Choir of Westminster Abbey	Bernstein Chichester Psalms
Saturday, 12th July 2025	5.00pm	Evensong	Quire	sung by the Choir of Westminster Abbey	Parry Fugue in G
Sunday, 13th July 2025	10.30am	Sung Eucharist	High Altar	sung by the Choir of Westminster Abbey	Langlais Messe solennelle
Sunday, 13th July 2025	10.30am	Sung Eucharist	High Altar	sung by the Choir of Westminster Abbey	Messiaen O sacrum convivium
Sunday, 13th July 2025	10.30am	Sung Eucharist	High Altar	sung by the Choir of Westminster Abbey	Duruflé Fugue sur le nom d'Alain
Sunday, 13th July 2025	3.00pm	Evensong with Valediction of Choristers	Quire	sung by the Choir of Westminster Abbey	Bairstow Jesu, the very thought of thee
Sunday, 13th July 2025	3.00pm	Evensong with Valediction of Choristers	Quire	sung by the Choir of Westminster Abbey	Leighton Responses
Sunday, 13th July 2025	3.00pm	Evensong with Valediction of Choristers	Quire	sung by the Choir of Westminster Abbey	Dyson Evening Service in D
Sunday, 13th July 2025	3.00pm	Evensong with Valediction of Choristers	Quire	sung by the Choir of Westminster Abbey	Parry Blest pair of sirens
Sunday, 13th July 2025	3.00pm	Evensong with Valediction of Choristers	Quire	sung by the Choir of Westminster Abbey	Vierne Carillon de Westminster
Sunday, 13th July 2025	6.00pm	Sung Eucharist with Valediction of Choristers	St Margaret's Church	sung by the St Margaret's Choristers and Consort	Vaughan Williams Mass in G minor
Sunday, 13th July 2025	6.00pm	Sung Eucharist with Valediction of Choristers	St Margaret's Church	sung by the St Margaret's Choristers and Consort	Rheinberger Abendlied
Sunday, 13th July 2025	6.00pm	Sung Eucharist with Valediction of Choristers	St Margaret's Church	sung by the St Margaret's Choristers and Consort	Rutter The Lord bless you and keep you
Monday, 14th July 2025	5.00pm	Evensong	Quire	sung by University College Chapel Choir, Durham	Shephard Responses
Monday, 14th July 2025	5.00pm	Evensong	Quire	sung by University College Chapel Choir, Durham	Dyson Evening Service in D
Monday, 14th July 2025	5.00pm	Evensong	Quire	sung by University College Chapel Choir, Durham	Wood Expectans expectavi
Tuesday, 15th July 2025	5.00pm	Evensong	Quire	sung by University College Chapel Choir, Durham	Leighton Responses
Tuesday, 15th July 2025	5.00pm	Evensong	Quire	sung by University College Chapel Choir, Durham	Noble Evening Service in B minor
Tuesday, 15th July 2025	5.00pm	Evensong	Quire	sung by University College Chapel Choir, Durham	Elgar The spirit of the Lord is upon me
Thursday, 17th July 2025	5.00pm	Evensong	Quire	sung by the English Chamber Choir	Smith Responses
Thursday, 17th July 2025	5.00pm	Evensong	Quire	sung by the English Chamber Choir	Leighton Second Service
Thursday, 17th July 2025	5.00pm	Evensong	Quire	sung by the English Chamber Choir	Tallis Sancte Deus
Friday, 18th July 2025	5.00pm	Evensong	Quire	sung by The Lacock Scholars	Leighton Responses
Friday, 18th July 2025	5.00pm	Evensong	Quire	sung by The Lacock Scholars	Lassus Magnificat Ultimi mei sospiri
Friday, 18th July 2025	5.00pm	Evensong	Quire	sung by The Lacock Scholars	Lassus Nunc dimittis quinti toni
Friday, 18th July 2025	5.00pm	Evensong	Quire	sung by The Lacock Scholars	Lassus Vide homo quae pro te patior
Friday, 18th July 2025	6.30pm	Sung Eucharist of Our Lady of Pew	High Altar	sung by The Lacock Scholars	Palestrina Missa Regina caeli
Friday, 18th July 2025	6.30pm	Sung Eucharist of Our Lady of Pew	High Altar	sung by The Lacock Scholars	Lusitano Regina caeli laetare
Friday, 18th July 2025	6.30pm	Sung Eucharist of Our Lady of Pew	High Altar	sung by The Lacock Scholars	Lassus Salve Regina
Friday, 18th July 2025	6.30pm	Sung Eucharist of Our Lady of Pew	High Altar	sung by The Lacock Scholars	Palestrina Ave Regina caelorum
Friday, 18th July 2025	6.30pm	Sung Eucharist of Our Lady of Pew	High Altar	sung by The Lacock Scholars	Peeters Toccata on Ave Maris Stella
Sunday, 20th July 2025	11.15am	Sung Eucharist	Quire	sung by the Happenstance Singers	Vaughan Williams Mass in G minor
Sunday, 20th July 2025	11.15am	Sung Eucharist	Quire	sung by the Happenstance Singers	Harris Faire is the heaven
Sunday, 20th July 2025	11.15am	Sung Eucharist	Quire	sung by the Happenstance Singers	Vaughan Williams Fugue in C
Sunday, 20th July 2025	3.00pm	Evensong	Quire	sung by the Happenstance Singers	Smith Responses
Sunday, 20th July 2025	3.00pm	Evensong	Quire	sung by the Happenstance Singers	Howells Gloucester Service
Sunday, 20th July 2025	3.00pm	Evensong	Quire	sung by the Happenstance Singers	Parry There is an old belief
Sunday, 20th July 2025	3.00pm	Evensong	Quire	sung by the Happenstance Singers	Howells Paean
Tuesday, 22nd July 2025	5.00pm	Evensong	Quire	sung by a the University of Tennessee Chamber Singers, Knoxville, USA	Smith Responses
Tuesday, 22nd July 2025	5.00pm	Evensong	Quire	sung by a the University of Tennessee Chamber Singers, Knoxville, USA	Stanford in B flat
Tuesday, 22nd July 2025	5.00pm	Evensong	Quire	sung by a the University of Tennessee Chamber Singers, Knoxville, USA	Caldarella Domine Deus
Thursday, 24th July 2025	5.00pm	Evensong	Quire	sung by Ripon Cathedral Choir	Reading Responses
Thursday, 24th July 2025	5.00pm	Evensong	Quire	sung by Ripon Cathedral Choir	Harwood Evening Service in A flat
Thursday, 24th July 2025	5.00pm	Evensong	Quire	sung by Ripon Cathedral Choir	Harwood O how glorious is the kingdom
Friday, 25th July 2025	5.00pm	Evensong	Quire	sung by Ripon Cathedral Choir	Reading Responses
Friday, 25th July 2025	5.00pm	Evensong	Quire	sung by Ripon Cathedral Choir	Purcell Evening Service in G minor
Friday, 25th July 2025	5.00pm	Evensong	Quire	sung by Ripon Cathedral Choir	Parsons Ave Maria
Saturday, 26th July 2025	5.00pm	Evensong	Quire	sung by Ripon Cathedral Choir	Radcliffe Responses
Saturday, 26th July 2025	5.00pm	Evensong	Quire	sung by Ripon Cathedral Choir	Purcell in B flat
Saturday, 26th July 2025	5.00pm	Evensong	Quire	sung by Ripon Cathedral Choir	Stanford Justorum animae in manu Dei sunt
Saturday, 26th July 2025	5.00pm	Evensong	Quire	sung by Ripon Cathedral Choir	Bruhns Praeludium in G
Sunday, 27th July 2025	11.15am	Sung Eucharist	Quire	sung by Ripon Cathedral Choir	Stanford Communion Service in B flat
Sunday, 27th July 2025	11.15am	Sung Eucharist	Quire	sung by Ripon Cathedral Choir	Byrd Ave verum corpus
Sunday, 27th July 2025	11.15am	Sung Eucharist	Quire	sung by Ripon Cathedral Choir	Bach Toccata, Adagio, and Fugue in C
Sunday, 27th July 2025	3.00pm	Evensong	Quire	sung by Ripon Cathedral Choir	Radcliffe Responses
Sunday, 27th July 2025	3.00pm	Evensong	Quire	sung by Ripon Cathedral Choir	Blair Evening Service in B minor
Sunday, 27th July 2025	3.00pm	Evensong	Quire	sung by Ripon Cathedral Choir	Ireland Greater Love Hath No Man
Sunday, 27th July 2025	3.00pm	Evensong	Quire	sung by Ripon Cathedral Choir	Dubois Toccata
Monday, 28th July 2025	5.00pm	Evensong	Quire	sung by the Choir of St Mary Merton	Ayleward Responses
Monday, 28th July 2025	5.00pm	Evensong	Quire	sung by the Choir of St Mary Merton	Brewer Evening Service in D
Monday, 28th July 2025	5.00pm	Evensong	Quire	sung by the Choir of St Mary Merton	Mendelssohn O for the wings of a dove
Tuesday, 29th July 2025	5.00pm	Evensong	Quire	sung by VocalEssence Ensemble Singers; attended by the Honorary Consul for the Republic of Vanuatu	Clucas Responses
Tuesday, 29th July 2025	5.00pm	Evensong	Quire	sung by VocalEssence Ensemble Singers; attended by the Honorary Consul for the Republic of Vanuatu	Howells Hereford Service
Tuesday, 29th July 2025	5.00pm	Evensong	Quire	sung by VocalEssence Ensemble Singers; attended by the Honorary Consul for the Republic of Vanuatu	Kantor River Holy
Thursday, 31st July 2025	5.00pm	Evensong	Quire	sung by The English Choir Berlin	Radcliffe Responses
Thursday, 31st July 2025	5.00pm	Evensong	Quire	sung by The English Choir Berlin	Noble Evening Service in B minor
Thursday, 31st July 2025	5.00pm	Evensong	Quire	sung by The English Choir Berlin	Wood Expactans expectavi
Friday, 1st August 2025	5.00pm	Evensong	Quire	sung by The English Choir Berlin	Radcliffe Responses
Friday, 1st August 2025	5.00pm	Evensong	Quire	sung by The English Choir Berlin	Gibbons The Short Service
Friday, 1st August 2025	5.00pm	Evensong	Quire	sung by The English Choir Berlin	Stanford Beati quorum via integra est
Saturday, 2nd August 2025	5.00pm	Evensong	Quire	sung by Exultate	Rose Responses
Saturday, 2nd August 2025	5.00pm	Evensong	Quire	sung by Exultate	Stanford Evening Service in G
Saturday, 2nd August 2025	5.00pm	Evensong	Quire	sung by Exultate	Mathias Let the people praise thee, O God
Sunday, 3rd August 2025	11.15am	Sung Eucharist	Quire	sung by Exultate	Rheinberger Mass in E flat
Sunday, 3rd August 2025	11.15am	Sung Eucharist	Quire	sung by Exultate	Brahms Geistliches Lied
Sunday, 3rd August 2025	11.15am	Sung Eucharist	Quire	sung by Exultate	Bach Alla breve in D
Sunday, 3rd August 2025	3.00pm	Evensong	Quire	sung by Exultate	Rose Responses
Sunday, 3rd August 2025	3.00pm	Evensong	Quire	sung by Exultate	Dyson Evening Service in D
Sunday, 3rd August 2025	3.00pm	Evensong	Quire	sung by Exultate	Brahms How lovely are thy dwellings fair
Sunday, 3rd August 2025	3.00pm	Evensong	Quire	sung by Exultate	Cook Fanfare
Friday, 8th August 2025	5.00pm	Evensong	Quire	sung by the Plaxtol Scholars; attended by the High Commissioner of the Republic of Singapore	Ives Responses
Friday, 8th August 2025	5.00pm	Evensong	Quire	sung by the Plaxtol Scholars; attended by the High Commissioner of the Republic of Singapore	Willan Evening Service in E flat
Friday, 8th August 2025	5.00pm	Evensong	Quire	sung by the Plaxtol Scholars; attended by the High Commissioner of the Republic of Singapore	Aston I am the true vine
Saturday, 9th August 2025	5.00pm	Evensong	Quire	sung by the Plaxtol Scholars	Ives Responses
Saturday, 9th August 2025	5.00pm	Evensong	Quire	sung by the Plaxtol Scholars	Wood Collegium Regale
Saturday, 9th August 2025	5.00pm	Evensong	Quire	sung by the Plaxtol Scholars	Stopford The Beatitudes
Saturday, 9th August 2025	5.00pm	Evensong	Quire	sung by the Plaxtol Scholars	Bairstow Allegro giocoso (Organ Sonata in E flat)
Sunday, 10th August 2025	11.15am	Sung Eucharist	Quire	sung by the Choir of St Luke's Church, Chelsea	Darke Communion Service in A minor
Sunday, 10th August 2025	11.15am	Sung Eucharist	Quire	sung by the Choir of St Luke's Church, Chelsea	Elgar Ave verum corpus
Sunday, 10th August 2025	11.15am	Sung Eucharist	Quire	sung by the Choir of St Luke's Church, Chelsea	Elgar arr Farrington Pomp and Circumstance March V
Sunday, 10th August 2025	3.00pm	Evensong	Quire	sung by the Choir of St Luke's Church, Chelsea	Clucas Responses
Sunday, 10th August 2025	3.00pm	Evensong	Quire	sung by the Choir of St Luke's Church, Chelsea	Dyson Evening Service in F
Sunday, 10th August 2025	3.00pm	Evensong	Quire	sung by the Choir of St Luke's Church, Chelsea	Hogan Hear my prayer
Sunday, 10th August 2025	3.00pm	Evensong	Quire	sung by the Choir of St Luke's Church, Chelsea	Howells Master Tallis's Testament
Tuesday, 12th August 2025	5.00pm	Evensong	Quire	sung by The Police Consort	Ayleward Responses
Tuesday, 12th August 2025	5.00pm	Evensong	Quire	sung by The Police Consort	Gibbons The Short Service
Tuesday, 12th August 2025	5.00pm	Evensong	Quire	sung by The Police Consort	Purcell Remember not, Lord, our offences
Thursday, 14th August 2025	5.00pm	First Evensong of the Blessed Virgin Mary	Quire	sung by the Willan Singers	Neary Responses
Thursday, 14th August 2025	5.00pm	First Evensong of the Blessed Virgin Mary	Quire	sung by the Willan Singers	Arnold Evening Service in A
Thursday, 14th August 2025	5.00pm	First Evensong of the Blessed Virgin Mary	Quire	sung by the Willan Singers	Nanino Diffusa est gratia in labiis tuis
Friday, 15th August 2025	5.00pm	Sung Eucharist	High Altar	sung by the Choir of The Queen's College, Oxford	Leighton Missa Christi
Friday, 15th August 2025	5.00pm	Sung Eucharist	High Altar	sung by the Choir of The Queen's College, Oxford	Holst Ave Maria
Friday, 15th August 2025	5.00pm	Sung Eucharist	High Altar	sung by the Choir of The Queen's College, Oxford	Peeters Toccata, Fugue, and Hymn on Ave Maris Stella
Saturday, 16th August 2025	5.00pm	Evensong	Quire	sung by the Adoremus Consort	Rose Responses
Saturday, 16th August 2025	5.00pm	Evensong	Quire	sung by the Adoremus Consort	Stanford Evening Service in A
Saturday, 16th August 2025	5.00pm	Evensong	Quire	sung by the Adoremus Consort	Ireland Greater Love Hath No Man
Saturday, 16th August 2025	5.00pm	Evensong	Quire	sung by the Adoremus Consort	Harris Flourish for an Occasion
Sunday, 17th August 2025	11.15am	Sung Eucharist	Quire	sung by St John's College Chapel Choir, Durham	Stanford Communion Service in C and F
Sunday, 17th August 2025	11.15am	Sung Eucharist	Quire	sung by St John's College Chapel Choir, Durham	Wood True love's the gift which God has given
Sunday, 17th August 2025	3.00pm	Evensong	Quire	marking the eightieth anniversary of the end of the Second World War in the Pacific; sung by St John's College Chapel Choir, Durham	Leighton Responses
Sunday, 17th August 2025	3.00pm	Evensong	Quire	marking the eightieth anniversary of the end of the Second World War in the Pacific; sung by St John's College Chapel Choir, Durham	Jackson Evening Service in G
Sunday, 17th August 2025	3.00pm	Evensong	Quire	marking the eightieth anniversary of the end of the Second World War in the Pacific; sung by St John's College Chapel Choir, Durham	Bairstow Though I speak with the tongues of men
Sunday, 17th August 2025	3.00pm	Evensong	Quire	marking the eightieth anniversary of the end of the Second World War in the Pacific; sung by St John's College Chapel Choir, Durham	Bach Prelude in C minor
Monday, 18th August 2025	5.00pm	Evensong	Quire	sung by the Girl Choristers of Merton College, Oxford	plainsong Responses
Monday, 18th August 2025	5.00pm	Evensong	Quire	sung by the Girl Choristers of Merton College, Oxford	Dyson Evening Service in C minor
Monday, 18th August 2025	5.00pm	Evensong	Quire	sung by the Girl Choristers of Merton College, Oxford	Pärt Vater unser
Tuesday, 19th August 2025	5.00pm	Evensong	Quire	sung by the Girl Choristers of Merton College, Oxford	plainsong Responses
Tuesday, 19th August 2025	5.00pm	Evensong	Quire	sung by the Girl Choristers of Merton College, Oxford	Sumsion Evening Service in G
Tuesday, 19th August 2025	5.00pm	Evensong	Quire	sung by the Girl Choristers of Merton College, Oxford	Stanford A Song of Wisdom
Thursday, 21st August 2025	5.00pm	Evensong	Quire	sung by the Girl Choristers and Lower Voices of Merton College, Oxford	Clucas Responses
Thursday, 21st August 2025	5.00pm	Evensong	Quire	sung by the Girl Choristers and Lower Voices of Merton College, Oxford	Howells Collegium Regale
Thursday, 21st August 2025	5.00pm	Evensong	Quire	sung by the Girl Choristers and Lower Voices of Merton College, Oxford	Fauré Cantique de Jean Racine
Friday, 22nd August 2025	5.00pm	Evensong	Quire	sung by The Ramsey Singers	Nardone Responses
Friday, 22nd August 2025	5.00pm	Evensong	Quire	sung by The Ramsey Singers	Woodside Fauxbourdon Service
Friday, 22nd August 2025	5.00pm	Evensong	Quire	sung by The Ramsey Singers	MacDonald Crux Fidelis
Saturday, 23rd August 2025	5.00pm	Evensong	Quire	sung by The Ramsey Singers	Nardone Responses
Saturday, 23rd August 2025	5.00pm	Evensong	Quire	sung by The Ramsey Singers	Jackson Evening Service in G
Saturday, 23rd August 2025	5.00pm	Evensong	Quire	sung by The Ramsey Singers	Cox Keep me as the apple of an eye
Saturday, 23rd August 2025	5.00pm	Evensong	Quire	sung by The Ramsey Singers	Cox Creation Dance
Sunday, 24th August 2025	11.15am	Sung Eucharist	Quire	sung by The Ramsey Singers	Ives Missa brevis
Sunday, 24th August 2025	11.15am	Sung Eucharist	Quire	sung by The Ramsey Singers	Tallis O sacrum convivium
Sunday, 24th August 2025	3.00pm	Evensong	Quire	sung by The Ramsey Singers	Nardone Responses
Sunday, 24th August 2025	3.00pm	Evensong	Quire	sung by The Ramsey Singers	Howells Westminster Service
Sunday, 24th August 2025	3.00pm	Evensong	Quire	sung by The Ramsey Singers	Bairstow Blessed city, heavenly Salem
Tuesday, 26th August 2025	5.00pm	Evensong	Quire	sung by the Choir of St Wulfram's Parish Church, Grantham	Leighton Responses
Tuesday, 26th August 2025	5.00pm	Evensong	Quire	sung by the Choir of St Wulfram's Parish Church, Grantham	Dyson Evening Service in D
Tuesday, 26th August 2025	5.00pm	Evensong	Quire	sung by the Choir of St Wulfram's Parish Church, Grantham	MacMillan A New Song
Thursday, 28th August 2025	5.00pm	Evensong	Quire	sung by Mumbles A Cappella	Smith Responses
Thursday, 28th August 2025	5.00pm	Evensong	Quire	sung by Mumbles A Cappella	Stanford Evening Service in C
Thursday, 28th August 2025	5.00pm	Evensong	Quire	sung by Mumbles A Cappella	Orrin Invoco te Deus meus
Friday, 29th August 2025	5.00pm	Evensong	Quire	sung by the King Charles Singers	Smith Responses
Friday, 29th August 2025	5.00pm	Evensong	Quire	sung by the King Charles Singers	Dyson Evening Service in F
Friday, 29th August 2025	5.00pm	Evensong	Quire	sung by the King Charles Singers	Bairstow Save us, O Lord, waking
Saturday, 30th August 2025	5.00pm	Evensong	Quire	sung by the King Charles Singers	Rose Responses
Saturday, 30th August 2025	5.00pm	Evensong	Quire	sung by the King Charles Singers	Sumsion Evening Service in A
Saturday, 30th August 2025	5.00pm	Evensong	Quire	sung by the King Charles Singers	Wood Expectans expectavi
Sunday, 31st August 2025	11.15am	Sung Eucharist	High Altar	sung by the Choir of St Barnabas, Dulwich	Stanford Communion Service in C
Sunday, 31st August 2025	11.15am	Sung Eucharist	High Altar	sung by the Choir of St Barnabas, Dulwich	Hubbard O Holy Spirit
Sunday, 31st August 2025	3.00pm	Evensong	Quire	sung by the Choir of St Barnabas, Dulwich	Ayleward Responses
Sunday, 31st August 2025	3.00pm	Evensong	Quire	sung by the Choir of St Barnabas, Dulwich	Wood Collegium Regale
Sunday, 31st August 2025	3.00pm	Evensong	Quire	sung by the Choir of St Barnabas, Dulwich	Moore All wisdom cometh from the Lord
Monday, 1st September 2025	5.00pm	Evensong	Quire	sung by the Lay Vicars of Westminster Abbey; attended by a representative of the High Commissioner of Malaysia	plainsong Lucis Creator optime
Monday, 1st September 2025	5.00pm	Evensong	Quire	sung by the Lay Vicars of Westminster Abbey; attended by a representative of the High Commissioner of Malaysia	plainsong Responses
Monday, 1st September 2025	5.00pm	Evensong	Quire	sung by the Lay Vicars of Westminster Abbey; attended by a representative of the High Commissioner of Malaysia	Sumsion Evening Service in G
Monday, 1st September 2025	5.00pm	Evensong	Quire	sung by the Lay Vicars of Westminster Abbey; attended by a representative of the High Commissioner of Malaysia	Tallis A new commandment give I unto you
Tuesday, 2nd September 2025	5.00pm	Evensong	Quire	sung by the Lay Vicars of Westminster Abbey; attended by the Acting High Commissioner of the Republic of Trinidad and Tobago	plainsong Lucis Creator optime
Tuesday, 2nd September 2025	5.00pm	Evensong	Quire	sung by the Lay Vicars of Westminster Abbey; attended by the Acting High Commissioner of the Republic of Trinidad and Tobago	plainsong Responses
Tuesday, 2nd September 2025	5.00pm	Evensong	Quire	sung by the Lay Vicars of Westminster Abbey; attended by the Acting High Commissioner of the Republic of Trinidad and Tobago	Drakett The Wells Service
Tuesday, 2nd September 2025	5.00pm	Evensong	Quire	sung by the Lay Vicars of Westminster Abbey; attended by the Acting High Commissioner of the Republic of Trinidad and Tobago	Martin Justorum animae in manu Dei sunt
Tuesday, 2nd September 2025	5.00pm	Evensong	Quire	sung by the Lay Vicars of Westminster Abbey; attended by the Acting High Commissioner of the Republic of Trinidad and Tobago	Martin Intermezzo (Triptych)
Thursday, 4th September 2025	5.00pm	Evensong	Quire	sung by the Lay Vicars of Westminster Abbey	plainsong Lucis Creator optime
Thursday, 4th September 2025	5.00pm	Evensong	Quire	sung by the Lay Vicars of Westminster Abbey	plainsong Responses
Thursday, 4th September 2025	5.00pm	Evensong	Quire	sung by the Lay Vicars of Westminster Abbey	Marson The Verse Service
Thursday, 4th September 2025	5.00pm	Evensong	Quire	sung by the Lay Vicars of Westminster Abbey	Gibbons So God loved the world
Friday, 5th September 2025	5.00pm	Evensong	Quire	sung by the Lay Vicars of Westminster Abbey; attended by the High Commissioner of the Kingdom of Eswatini	Desmond Almighty and everlasting God
Friday, 5th September 2025	5.00pm	Evensong	Quire	sung by the Lay Vicars of Westminster Abbey; attended by the High Commissioner of the Kingdom of Eswatini	plainsong Responses
Friday, 5th September 2025	5.00pm	Evensong	Quire	sung by the Lay Vicars of Westminster Abbey; attended by the High Commissioner of the Kingdom of Eswatini	Desmond Evening Service
Friday, 5th September 2025	5.00pm	Evensong	Quire	sung by the Lay Vicars of Westminster Abbey; attended by the High Commissioner of the Kingdom of Eswatini	White The Lord bless us and keep us
Saturday, 6th September 2025	3.00pm	Evensong	Quire	sung by the Lay Vicars of Westminster Abbey	Desmond Almighty and everlasting God
Saturday, 6th September 2025	3.00pm	Evensong	Quire	sung by the Lay Vicars of Westminster Abbey	Rose Responses
Saturday, 6th September 2025	3.00pm	Evensong	Quire	sung by the Lay Vicars of Westminster Abbey	Byrd The Third Service
Saturday, 6th September 2025	3.00pm	Evensong	Quire	sung by the Lay Vicars of Westminster Abbey	Byrd Viri Galilaei
Saturday, 6th September 2025	3.00pm	Evensong	Quire	sung by the Lay Vicars of Westminster Abbey	Byrd Fantasia in A minor
Sunday, 7th September 2025	10.00am	Matins	Quire	sung by the Lay Vicars of Westminster Abbey	Rose Responses
Sunday, 7th September 2025	10.00am	Matins	Quire	sung by the Lay Vicars of Westminster Abbey	Harris Te Deum in A flat
Sunday, 7th September 2025	10.00am	Matins	Quire	sung by the Lay Vicars of Westminster Abbey	Howells Jubilate Deo in E flat
Sunday, 7th September 2025	10.00am	Matins	Quire	sung by the Lay Vicars of Westminster Abbey	Parry Croft's 136th
Sunday, 7th September 2025	11.15am	Sung Eucharist	High Altar	sung by the Lay Vicars of Westminster Abbey	Duruflé Messe cum jubilo
Sunday, 7th September 2025	11.15am	Sung Eucharist	High Altar	sung by the Lay Vicars of Westminster Abbey	Martin Notre Père
Sunday, 7th September 2025	11.15am	Sung Eucharist	High Altar	sung by the Lay Vicars of Westminster Abbey	Duruflé Toccata
Sunday, 7th September 2025	3.00pm	Evensong	Quire	sung by the Lay Vicars of Westminster Abbey	Desmond Almighty and everlasting God
Sunday, 7th September 2025	3.00pm	Evensong	Quire	sung by the Lay Vicars of Westminster Abbey	Rose Responses
Sunday, 7th September 2025	3.00pm	Evensong	Quire	sung by the Lay Vicars of Westminster Abbey	West Evening Service in C
Sunday, 7th September 2025	3.00pm	Evensong	Quire	sung by the Lay Vicars of Westminster Abbey	Tallis Laudate Dominum
Sunday, 7th September 2025	3.00pm	Evensong	Quire	sung by the Lay Vicars of Westminster Abbey	Howells Rhapsody III
Monday, 8th September 2025	5.00pm	Evensong	Quire	sung by the Lay Vicars of Westminster Abbey	The National Anthem
Monday, 8th September 2025	5.00pm	Evensong	Quire	sung by the Lay Vicars of Westminster Abbey	Byrd and Quinney Accession Responses
Monday, 8th September 2025	5.00pm	Evensong	Quire	sung by the Lay Vicars of Westminster Abbey	Hassler Magnificat quinti toni
Monday, 8th September 2025	5.00pm	Evensong	Quire	sung by the Lay Vicars of Westminster Abbey	Reid Nunc dimittis tertii toni
Monday, 8th September 2025	5.00pm	Evensong	Quire	sung by the Lay Vicars of Westminster Abbey	Hooper O God of gods
Monday, 8th September 2025	5.00pm	Evensong	Quire	sung by the Lay Vicars of Westminster Abbey	Bach Fugue in C
Tuesday, 9th September 2025	5.00pm	Evensong	Quire	sung by the Choir of Westminster Abbey	Harris Holy is the true light
Tuesday, 9th September 2025	5.00pm	Evensong	Quire	sung by the Choir of Westminster Abbey	Radcliffe Responses
Tuesday, 9th September 2025	5.00pm	Evensong	Quire	sung by the Choir of Westminster Abbey	Howells Evening Service in G
Tuesday, 9th September 2025	5.00pm	Evensong	Quire	sung by the Choir of Westminster Abbey	Chilcott Be thou my vision
Thursday, 11th September 2025	5.00pm	Evensong	Quire	sung by the Choir of Westminster Abbey	Harris Holy is the true light
Thursday, 11th September 2025	5.00pm	Evensong	Quire	sung by the Choir of Westminster Abbey	Radcliffe Responses
Thursday, 11th September 2025	5.00pm	Evensong	Quire	sung by the Choir of Westminster Abbey	Tomkins The Fifth Service
Thursday, 11th September 2025	5.00pm	Evensong	Quire	sung by the Choir of Westminster Abbey	Byrd Praise our Lord, all ye gentiles
Friday, 12th September 2025	5.00pm	Evensong	Quire	sung by the Choir of Westminster Abbey	Harris Holy is the true light
Friday, 12th September 2025	5.00pm	Evensong	Quire	sung by the Choir of Westminster Abbey	Radcliffe Responses
Friday, 12th September 2025	5.00pm	Evensong	Quire	sung by the Choir of Westminster Abbey	Pärt Magnificat
Friday, 12th September 2025	5.00pm	Evensong	Quire	sung by the Choir of Westminster Abbey	Victoria Nunc dimittis tertii toni
Friday, 12th September 2025	5.00pm	Evensong	Quire	sung by the Choir of Westminster Abbey	Tallis O nata lux de lumine
Saturday, 13th September 2025	3.00pm	Evensong	Quire	sung by the Choir of Westminster Abbey	Harris Holy is the true light
Saturday, 13th September 2025	3.00pm	Evensong	Quire	sung by the Choir of Westminster Abbey	Radcliffe Responses
Saturday, 13th September 2025	3.00pm	Evensong	Quire	sung by the Choir of Westminster Abbey	Stanford Evening Service in A
Saturday, 13th September 2025	3.00pm	Evensong	Quire	sung by the Choir of Westminster Abbey	Bainton And I saw a new heaven
Saturday, 13th September 2025	3.00pm	Evensong	Quire	sung by the Choir of Westminster Abbey	Harris Flourish for an Occasion
Sunday, 14th September 2025	10.00am	Matins	Quire	sung by the Choir of Westminster Abbey	Radcliffe Responses
Sunday, 14th September 2025	10.00am	Matins	Quire	sung by the Choir of Westminster Abbey	Stanford Te Deum laudamus in C
Sunday, 14th September 2025	10.00am	Matins	Quire	sung by the Choir of Westminster Abbey	Britten Jubilate Deo in C
Sunday, 14th September 2025	10.00am	Matins	Quire	sung by the Choir of Westminster Abbey	Buxtehude Canzonetta in C
Sunday, 14th September 2025	11.15am	Sung Eucharist	High Altar	sung by the Choir of Westminster Abbey	Byrd Mass for four voices
Sunday, 14th September 2025	11.15am	Sung Eucharist	High Altar	sung by the Choir of Westminster Abbey	Byrd Ave verum corpus
Sunday, 14th September 2025	11.15am	Sung Eucharist	High Altar	sung by the Choir of Westminster Abbey	Byrd Fantasia in G
Sunday, 14th September 2025	3.00pm	Evensong	Quire	sung by the Choir of Westminster Abbey	Harris Holy is the true light
Sunday, 14th September 2025	3.00pm	Evensong	Quire	sung by the Choir of Westminster Abbey	Radcliffe Responses
Sunday, 14th September 2025	3.00pm	Evensong	Quire	sung by the Choir of Westminster Abbey	Gibbons The Second Service
Sunday, 14th September 2025	3.00pm	Evensong	Quire	sung by the Choir of Westminster Abbey	Handel Let thy hand be strengthened
Sunday, 14th September 2025	3.00pm	Evensong	Quire	sung by the Choir of Westminster Abbey	Bach Prelude and Fugue in C
Sunday, 14th September 2025	6.00pm	Sung Eucharist	St Margaret's Church	sung by the St Margaret's Choristers and Consort	Ireland Communion Service in C
Sunday, 14th September 2025	6.00pm	Sung Eucharist	St Margaret's Church	sung by the St Margaret's Choristers and Consort	Chilcott Even such is time
Sunday, 14th September 2025	6.00pm	Sung Eucharist	St Margaret's Church	sung by the St Margaret's Choristers and Consort	Mathias Recessional
Monday, 15th September 2025	5.00pm	Evensong	Quire	sung by the Choristers of Westminster Abbey	plainsong The royal banners forward go
Monday, 15th September 2025	5.00pm	Evensong	Quire	sung by the Choristers of Westminster Abbey	plainsong Responses
Monday, 15th September 2025	5.00pm	Evensong	Quire	sung by the Choristers of Westminster Abbey	Dyson Evening Service in C minor
Monday, 15th September 2025	5.00pm	Evensong	Quire	sung by the Choristers of Westminster Abbey	Bach Bete aber auch dabei
Tuesday, 16th September 2025	5.00pm	Evensong	Quire	sung by the Choir of Westminster Abbey; attended by the High Commissioner of the Independent State of Papua New Guinea	Batten O praise the Lord, all ye heathen
Tuesday, 16th September 2025	5.00pm	Evensong	Quire	sung by the Choir of Westminster Abbey; attended by the High Commissioner of the Independent State of Papua New Guinea	Ayleward Responses
Tuesday, 16th September 2025	5.00pm	Evensong	Quire	sung by the Choir of Westminster Abbey; attended by the High Commissioner of the Independent State of Papua New Guinea	Dyson Evening Service in F
Tuesday, 16th September 2025	5.00pm	Evensong	Quire	sung by the Choir of Westminster Abbey; attended by the High Commissioner of the Independent State of Papua New Guinea	Williams Almighty God, look down with mercy
Wednesday, 17th September 2025	5.00pm	Evensong	Quire	sung by the St Margaret's Choristers and Consort; attended by the High Commissioner of the Republic of Malta	Tallis O nata lux de lumine
Wednesday, 17th September 2025	5.00pm	Evensong	Quire	sung by the St Margaret's Choristers and Consort; attended by the High Commissioner of the Republic of Malta	Smith Responses
Wednesday, 17th September 2025	5.00pm	Evensong	Quire	sung by the St Margaret's Choristers and Consort; attended by the High Commissioner of the Republic of Malta	Stanford Evening Service in C
Wednesday, 17th September 2025	5.00pm	Evensong	Quire	sung by the St Margaret's Choristers and Consort; attended by the High Commissioner of the Republic of Malta	Chilcott Even such is time
Thursday, 18th September 2025	5.00pm	Evensong	Quire	attended by members of the Coroners' Conference from the British Isles and the Commonwealth; sung by the Choir of Westminster Abbey	Batten O praise the Lord, all ye heathen
Thursday, 18th September 2025	5.00pm	Evensong	Quire	attended by members of the Coroners' Conference from the British Isles and the Commonwealth; sung by the Choir of Westminster Abbey	Ayleward Responses
Thursday, 18th September 2025	5.00pm	Evensong	Quire	attended by members of the Coroners' Conference from the British Isles and the Commonwealth; sung by the Choir of Westminster Abbey	Batten The Fourth Service
Thursday, 18th September 2025	5.00pm	Evensong	Quire	attended by members of the Coroners' Conference from the British Isles and the Commonwealth; sung by the Choir of Westminster Abbey	Jackson O everlasting God
Friday, 19th September 2025	5.00pm	Evensong	Quire	sung by the Choir of Westminster Abbey; attended by the High Commissioner of the Federation of Saint Kitts and Nevis	Batten O praise the Lord, all ye heathen
Friday, 19th September 2025	5.00pm	Evensong	Quire	sung by the Choir of Westminster Abbey; attended by the High Commissioner of the Federation of Saint Kitts and Nevis	Ayleward Responses
Friday, 19th September 2025	5.00pm	Evensong	Quire	sung by the Choir of Westminster Abbey; attended by the High Commissioner of the Federation of Saint Kitts and Nevis	Bingham The York Service
Friday, 19th September 2025	5.00pm	Evensong	Quire	sung by the Choir of Westminster Abbey; attended by the High Commissioner of the Federation of Saint Kitts and Nevis	Parsons Ave Maria gratia plena
Saturday, 20th September 2025	3.00pm	Evensong	Quire	sung by the Choir of Westminster Abbey	Batten O praise the Lord, all ye heathen
Saturday, 20th September 2025	3.00pm	Evensong	Quire	sung by the Choir of Westminster Abbey	Ayleward Responses
Saturday, 20th September 2025	3.00pm	Evensong	Quire	sung by the Choir of Westminster Abbey	Purcell Evening Service in E minor
Saturday, 20th September 2025	3.00pm	Evensong	Quire	sung by the Choir of Westminster Abbey	Gibbons See, see the Word is incarnate
Saturday, 20th September 2025	3.00pm	Evensong	Quire	sung by the Choir of Westminster Abbey	Bach Prelude and Fugue in F minor
Sunday, 21st September 2025	3.00pm	Evensong with Installation of a Minor Canon	Quire	sung by the Choir of Westminster Abbey	Batten O praise the Lord, all ye heathen
Sunday, 21st September 2025	3.00pm	Evensong with Installation of a Minor Canon	Quire	sung by the Choir of Westminster Abbey	Ayleward Responses
Sunday, 21st September 2025	3.00pm	Evensong with Installation of a Minor Canon	Quire	sung by the Choir of Westminster Abbey	Murrill Evening Service in E
Sunday, 21st September 2025	3.00pm	Evensong with Installation of a Minor Canon	Quire	sung by the Choir of Westminster Abbey	Stanford The Lord is my shepherd
Sunday, 21st September 2025	3.00pm	Evensong with Installation of a Minor Canon	Quire	sung by the Choir of Westminster Abbey	Lanquetuit Toccata in D
Sunday, 21st September 2025	6.00pm	Sung Eucharist	St Margaret's Church	sung by the St Margaret's Choristers and Consort	Chaminade Messe pour deux voix égales
Sunday, 21st September 2025	6.00pm	Sung Eucharist	St Margaret's Church	sung by the St Margaret's Choristers and Consort	Hurford Litany to the Holy Spirit
Sunday, 21st September 2025	6.00pm	Sung Eucharist	St Margaret's Church	sung by the St Margaret's Choristers and Consort	Langlais Fête
Monday, 22nd September 2025	5.00pm	Evensong	Quire	sung by the Lay Vicars of Westminster Abbey; attended by the High Commissioner of Belize	anonymous Os justi meditabitur sapientiam
Monday, 22nd September 2025	5.00pm	Evensong	Quire	sung by the Lay Vicars of Westminster Abbey; attended by the High Commissioner of Belize	plainsong Responses
Monday, 22nd September 2025	5.00pm	Evensong	Quire	sung by the Lay Vicars of Westminster Abbey; attended by the High Commissioner of Belize	Wood Evening Service in E
Monday, 22nd September 2025	5.00pm	Evensong	Quire	sung by the Lay Vicars of Westminster Abbey; attended by the High Commissioner of Belize	Jackson In all his works
Monday, 22nd September 2025	5.00pm	Evensong	Quire	sung by the Lay Vicars of Westminster Abbey; attended by the High Commissioner of Belize	Oortmerssen Nun ruhen alle Wälder
Tuesday, 23rd September 2025	5.00pm	Evensong	Quire	sung by the Lay Vicars of Westminster Abbey	plainsong Lucis Creator optime
Tuesday, 23rd September 2025	5.00pm	Evensong	Quire	sung by the Lay Vicars of Westminster Abbey	plainsong Responses
Tuesday, 23rd September 2025	5.00pm	Evensong	Quire	sung by the Lay Vicars of Westminster Abbey	Tallis The Short Service
Tuesday, 23rd September 2025	5.00pm	Evensong	Quire	sung by the Lay Vicars of Westminster Abbey	Byrd Teach me, O Lord, the way of thy statutes
Wednesday, 24th September 2025	3.00pm	Evensong	Quire	sung by the Choir of Westminster Abbey; broadcast live by BBC Radio 3; congregation to be seated by 2.45 pm	Rutter Come, my joy
Wednesday, 24th September 2025	3.00pm	Evensong	Quire	sung by the Choir of Westminster Abbey; broadcast live by BBC Radio 3; congregation to be seated by 2.45 pm	Ayleward Responses
Wednesday, 24th September 2025	3.00pm	Evensong	Quire	sung by the Choir of Westminster Abbey; broadcast live by BBC Radio 3; congregation to be seated by 2.45 pm	Gibbons The Second Service
Wednesday, 24th September 2025	3.00pm	Evensong	Quire	sung by the Choir of Westminster Abbey; broadcast live by BBC Radio 3; congregation to be seated by 2.45 pm	Gibbons See, see the Word is incarnate
Wednesday, 24th September 2025	3.00pm	Evensong	Quire	sung by the Choir of Westminster Abbey; broadcast live by BBC Radio 3; congregation to be seated by 2.45 pm	Gibbons Fancy in gamut flatt
Friday, 26th September 2025	5.00pm	Evensong	Quire	sung by the Choir of Westminster Abbey	Batten O praise the Lord, all ye heathen
Friday, 26th September 2025	5.00pm	Evensong	Quire	sung by the Choir of Westminster Abbey	Ayleward Responses
Friday, 26th September 2025	5.00pm	Evensong	Quire	sung by the Choir of Westminster Abbey	Victoria Magnificat primi toni
Friday, 26th September 2025	5.00pm	Evensong	Quire	sung by the Choir of Westminster Abbey	Victoria Nunc dimittis tertii toni
Friday, 26th September 2025	5.00pm	Evensong	Quire	sung by the Choir of Westminster Abbey	Stanford Beati quorum via integra est
Saturday, 27th September 2025	3.00pm	Evensong	Quire	sung by the Lay Vicars of Westminster Abbey	anonymous Os justi meditabitur sapientiam
Saturday, 27th September 2025	3.00pm	Evensong	Quire	sung by the Lay Vicars of Westminster Abbey	Moore Responses
Saturday, 27th September 2025	3.00pm	Evensong	Quire	sung by the Lay Vicars of Westminster Abbey	Moore The First Service
Saturday, 27th September 2025	3.00pm	Evensong	Quire	sung by the Lay Vicars of Westminster Abbey	Victoria Ecce sacerdos magnus
Saturday, 27th September 2025	3.00pm	Evensong	Quire	sung by the Lay Vicars of Westminster Abbey	Sweelinck Ballo del granduca
Sunday, 28th September 2025	10.00am	Matins	Quire	sung by the Westminster Abbey Special Service Choir	Smith Responses
Sunday, 28th September 2025	10.00am	Matins	Quire	sung by the Westminster Abbey Special Service Choir	Byrd Te Deum (The Great Service)
Sunday, 28th September 2025	10.00am	Matins	Quire	sung by the Westminster Abbey Special Service Choir	Tomkins Jubilate (The Second Service)
Sunday, 28th September 2025	10.00am	Matins	Quire	sung by the Westminster Abbey Special Service Choir	Bach Fugue in F
Sunday, 28th September 2025	11.15am	Sung Eucharist	High Altar	sung by the Westminster Abbey Special Service Choir	Howells Collegium Regale
Sunday, 28th September 2025	11.15am	Sung Eucharist	High Altar	sung by the Westminster Abbey Special Service Choir	Mendelssohn For he shall give his angels charge over thee
Sunday, 28th September 2025	11.15am	Sung Eucharist	High Altar	sung by the Westminster Abbey Special Service Choir	Howells Rhapsody II
Sunday, 28th September 2025	3.00pm	Evensong	Quire	sung by the Westminster Abbey Special Service Choir	attr Farrant Lord, for thy tender mercy's sake
Sunday, 28th September 2025	3.00pm	Evensong	Quire	sung by the Westminster Abbey Special Service Choir	Smith Responses
Sunday, 28th September 2025	3.00pm	Evensong	Quire	sung by the Westminster Abbey Special Service Choir	Wood Evening Service in D
Sunday, 28th September 2025	3.00pm	Evensong	Quire	sung by the Westminster Abbey Special Service Choir	Parry At the round earth's imagined corners
Sunday, 28th September 2025	3.00pm	Evensong	Quire	sung by the Westminster Abbey Special Service Choir	Widor Allegro (Symphonie VI)
Sunday, 28th September 2025	6.00pm	Sung Eucharist	St Margaret's Church	sung by the St Margaret's Choristers and Consort	Byrd Mass for four voices
Sunday, 28th September 2025	6.00pm	Sung Eucharist	St Margaret's Church	sung by the St Margaret's Choristers and Consort	Tallis O nata lux de lumine
Sunday, 28th September 2025	6.00pm	Sung Eucharist	St Margaret's Church	sung by the St Margaret's Choristers and Consort	Tallis If ye love me
Sunday, 28th September 2025	6.00pm	Sung Eucharist	St Margaret's Church	sung by the St Margaret's Choristers and Consort	Handel Introduction and Allegro (Organ Concerto Op 4 no 2)
Monday, 29th September 2025	5.00pm	Sung Eucharist	High Altar	sung by the Choir of Westminster Abbey	Langlais Messe solennelle
Monday, 29th September 2025	5.00pm	Sung Eucharist	High Altar	sung by the Choir of Westminster Abbey	Jackson O everlasting God
Monday, 29th September 2025	5.00pm	Sung Eucharist	High Altar	sung by the Choir of Westminster Abbey	Langlais Fête
Tuesday, 30th September 2025	5.00pm	Evensong	Quire	sung by the Choristers of Westminster Abbey; attended by a representative of the High Commissioner of the Republic of Botswana	plainsong Te lucis ante terminum
Tuesday, 30th September 2025	5.00pm	Evensong	Quire	sung by the Choristers of Westminster Abbey; attended by a representative of the High Commissioner of the Republic of Botswana	plainsong Responses
Tuesday, 30th September 2025	5.00pm	Evensong	Quire	sung by the Choristers of Westminster Abbey; attended by a representative of the High Commissioner of the Republic of Botswana	Watson Evening Service in F
Tuesday, 30th September 2025	5.00pm	Evensong	Quire	sung by the Choristers of Westminster Abbey; attended by a representative of the High Commissioner of the Republic of Botswana	Haydn Benedictus qui venit in nomine Domine
Wednesday, 1st October 2025	5.00pm	Evensong	Quire	sung by the St Margaret's Choristers and Consort	Tallis If ye love me, keep my commandments
Wednesday, 1st October 2025	5.00pm	Evensong	Quire	sung by the St Margaret's Choristers and Consort	Smith Responses
Wednesday, 1st October 2025	5.00pm	Evensong	Quire	sung by the St Margaret's Choristers and Consort	Purcell Evening Service in G minor
Wednesday, 1st October 2025	5.00pm	Evensong	Quire	sung by the St Margaret's Choristers and Consort	Purcell O sing unto the Lord a new song
Thursday, 2nd October 2025	5.00pm	Evensong	Quire	sung by the Choir of Westminster Abbey; attended by the High Commissioner of the Republic of Cyprus	Bairstow I sat down under his shadow
Thursday, 2nd October 2025	5.00pm	Evensong	Quire	sung by the Choir of Westminster Abbey; attended by the High Commissioner of the Republic of Cyprus	Smith Responses
Thursday, 2nd October 2025	5.00pm	Evensong	Quire	sung by the Choir of Westminster Abbey; attended by the High Commissioner of the Republic of Cyprus	Humfrey Evening Service in E minor
Thursday, 2nd October 2025	5.00pm	Evensong	Quire	sung by the Choir of Westminster Abbey; attended by the High Commissioner of the Republic of Cyprus	Wesley Thou wilt keep him in perfect peace
Friday, 3rd October 2025	5.00pm	Evensong	Quire	sung by the Choir of Westminster Abbey	Bairstow I sat down under his shadow
Friday, 3rd October 2025	5.00pm	Evensong	Quire	sung by the Choir of Westminster Abbey	Smith Responses
Friday, 3rd October 2025	5.00pm	Evensong	Quire	sung by the Choir of Westminster Abbey	Palestrina Magnificat quarti toni
Friday, 3rd October 2025	5.00pm	Evensong	Quire	sung by the Choir of Westminster Abbey	Wood Nunc dimittis in B flat
Friday, 3rd October 2025	5.00pm	Evensong	Quire	sung by the Choir of Westminster Abbey	Briggs O God, forasmuch as without thee
Saturday, 4th October 2025	3.00pm	Evensong	Quire	sung by the Choir of Westminster Abbey; part of the Chorister Experience Day	Vaughan Williams The Call
Saturday, 4th October 2025	3.00pm	Evensong	Quire	sung by the Choir of Westminster Abbey; part of the Chorister Experience Day	Smith Responses
Saturday, 4th October 2025	3.00pm	Evensong	Quire	sung by the Choir of Westminster Abbey; part of the Chorister Experience Day	Howells Collegium Regale
Saturday, 4th October 2025	3.00pm	Evensong	Quire	sung by the Choir of Westminster Abbey; part of the Chorister Experience Day	Farrington Rejoice
Saturday, 4th October 2025	3.00pm	Evensong	Quire	sung by the Choir of Westminster Abbey; part of the Chorister Experience Day	Dubois Toccata
Sunday, 5th October 2025	10.00am	Matins	Quire	sung by the Choir of Westminster Abbey	Smith Responses
Sunday, 5th October 2025	10.00am	Matins	Quire	sung by the Choir of Westminster Abbey	Elgar Te Deum laudamus
Sunday, 5th October 2025	10.00am	Matins	Quire	sung by the Choir of Westminster Abbey	Stanford Jubilate Deo in B flat
Sunday, 5th October 2025	10.00am	Matins	Quire	sung by the Choir of Westminster Abbey	Howells Rhapsody I
Sunday, 5th October 2025	11.15am	Sung Eucharist	High Altar	sung by the Choir of Westminster Abbey	Haydn Missa brevis Sancti Joannis de Deo
Sunday, 5th October 2025	11.15am	Sung Eucharist	High Altar	sung by the Choir of Westminster Abbey	Tallis O salutaris hostia
Sunday, 5th October 2025	11.15am	Sung Eucharist	High Altar	sung by the Choir of Westminster Abbey	Bach Prelude and Fugue in D
Sunday, 5th October 2025	3.00pm	Evensong	Quire	sung by the Choir of Westminster Abbey	Bairstow I sat down under his shadow
Sunday, 5th October 2025	3.00pm	Evensong	Quire	sung by the Choir of Westminster Abbey	Smith Responses
Sunday, 5th October 2025	3.00pm	Evensong	Quire	sung by the Choir of Westminster Abbey	Noble Evening Service in B minor
Sunday, 5th October 2025	3.00pm	Evensong	Quire	sung by the Choir of Westminster Abbey	Parry There is an old belief
Sunday, 5th October 2025	3.00pm	Evensong	Quire	sung by the Choir of Westminster Abbey	Mendelssohn Allegro con brio (Sonata IV)
Sunday, 5th October 2025	6.00pm	Sung Eucharist of the Dedication of St Margaret's Church with Admission of Choristers	St Margaret's Church	sung by the St Margaret's Choristers and Consort	Bruckner Locus iste a Deo factus est
Sunday, 5th October 2025	6.00pm	Sung Eucharist of the Dedication of St Margaret's Church with Admission of Choristers	St Margaret's Church	sung by the St Margaret's Choristers and Consort	Haydn Missa brevis Sancti Joannis de Deo
Sunday, 5th October 2025	6.00pm	Sung Eucharist of the Dedication of St Margaret's Church with Admission of Choristers	St Margaret's Church	sung by the St Margaret's Choristers and Consort	Brahms Wie lieblich sind deine Wohnungen
Monday, 6th October 2025	5.00pm	Evensong	Quire	sung by the Lay Vicars of Westminster Abbey; attended by the High Commissioner of the Kingdom of Lesotho	plainsong Deus tuorum militum
Monday, 6th October 2025	5.00pm	Evensong	Quire	sung by the Lay Vicars of Westminster Abbey; attended by the High Commissioner of the Kingdom of Lesotho	Tallis Responses
Monday, 6th October 2025	5.00pm	Evensong	Quire	sung by the Lay Vicars of Westminster Abbey; attended by the High Commissioner of the Kingdom of Lesotho	Cruft Collegium Regale
Monday, 6th October 2025	5.00pm	Evensong	Quire	sung by the Lay Vicars of Westminster Abbey; attended by the High Commissioner of the Kingdom of Lesotho	Wood Great Lord of lords
Tuesday, 7th October 2025	5.00pm	Evensong	Quire	sung by the Choir of Westminster Abbey	Bairstow I sat down under his shadow
Tuesday, 7th October 2025	5.00pm	Evensong	Quire	sung by the Choir of Westminster Abbey	Tomkins Responses
Tuesday, 7th October 2025	5.00pm	Evensong	Quire	sung by the Choir of Westminster Abbey	Watson Evening Service in E
Tuesday, 7th October 2025	5.00pm	Evensong	Quire	sung by the Choir of Westminster Abbey	Togneri My soul, wait thou only upon God
Thursday, 9th October 2025	5.00pm	Evensong	Quire	sung by the Choir of Westminster Abbey; attended by the High Commissioner of the Republic of Uganda	Togneri My soul, wait thou only upon God
Thursday, 9th October 2025	5.00pm	Evensong	Quire	sung by the Choir of Westminster Abbey; attended by the High Commissioner of the Republic of Uganda	Tomkins Responses
Thursday, 9th October 2025	5.00pm	Evensong	Quire	sung by the Choir of Westminster Abbey; attended by the High Commissioner of the Republic of Uganda	Victoria Magnificat prini toni
Thursday, 9th October 2025	5.00pm	Evensong	Quire	sung by the Choir of Westminster Abbey; attended by the High Commissioner of the Republic of Uganda	Wood Nunc dimittis in B flat
Thursday, 9th October 2025	5.00pm	Evensong	Quire	sung by the Choir of Westminster Abbey; attended by the High Commissioner of the Republic of Uganda	Chilcott We bless thee for our creation
Friday, 10th October 2025	5.00pm	Evensong	Quire	sung by the Choir of Westminster Abbey; attended by the High Commissioner of the Republic of Fiji	Togneri My soul, wait thou only upon God
Friday, 10th October 2025	5.00pm	Evensong	Quire	sung by the Choir of Westminster Abbey; attended by the High Commissioner of the Republic of Fiji	Tomkins Responses
Friday, 10th October 2025	5.00pm	Evensong	Quire	sung by the Choir of Westminster Abbey; attended by the High Commissioner of the Republic of Fiji	Blow Evening Service in F
Friday, 10th October 2025	5.00pm	Evensong	Quire	sung by the Choir of Westminster Abbey; attended by the High Commissioner of the Republic of Fiji	Bruckner Os justi meditabitur sapientiam
Saturday, 11th October 2025	3.00pm	Evensong	Quire	sung by the Choir of Westminster Abbey with the Academy of Ancient Music	Tomkins Responses
Saturday, 11th October 2025	3.00pm	Evensong	Quire	sung by the Choir of Westminster Abbey with the Academy of Ancient Music	attr Buxtehude Magnificat
Saturday, 11th October 2025	3.00pm	Evensong	Quire	sung by the Choir of Westminster Abbey with the Academy of Ancient Music	Victoria Nunc dimittis tertii toni
Saturday, 11th October 2025	3.00pm	Evensong	Quire	sung by the Choir of Westminster Abbey with the Academy of Ancient Music	Bach Mache dich, mein Geist, bereit
Saturday, 11th October 2025	3.00pm	Evensong	Quire	sung by the Choir of Westminster Abbey with the Academy of Ancient Music	Bach Prelude and Fugue in G
Sunday, 12th October 2025	10.00am	Matins	Quire	sung by the Choir of Westminster Abbey	Tomkins Responses
Sunday, 12th October 2025	10.00am	Matins	Quire	sung by the Choir of Westminster Abbey	Stanford Te Deum in B flat
Sunday, 12th October 2025	10.00am	Matins	Quire	sung by the Choir of Westminster Abbey	Elgar Benedictus
Sunday, 12th October 2025	10.00am	Matins	Quire	sung by the Choir of Westminster Abbey	Elgar Andante espressivo (Sonata in G)
Sunday, 12th October 2025	11.15am	Sung Eucharist	High Altar	sung by the Choir of Westminster Abbey; attended by The King's Scholars of Westminster School	Mozart Missa brevis in F
Sunday, 12th October 2025	11.15am	Sung Eucharist	High Altar	sung by the Choir of Westminster Abbey; attended by The King's Scholars of Westminster School	Mozart Ave verum corpus
Sunday, 12th October 2025	11.15am	Sung Eucharist	High Altar	sung by the Choir of Westminster Abbey; attended by The King's Scholars of Westminster School	Bach Toccata in F
Sunday, 12th October 2025	3.00pm	First Evensong of the Translation of St Edward the Confessor	Quire	sung by the Choir of Westminster Abbey	Victoria O quam gloriosum est regnum
Sunday, 12th October 2025	3.00pm	First Evensong of the Translation of St Edward the Confessor	Quire	sung by the Choir of Westminster Abbey	Tomkins Responses
Sunday, 12th October 2025	3.00pm	First Evensong of the Translation of St Edward the Confessor	Quire	sung by the Choir of Westminster Abbey	Weelkes The Sixth Service
Sunday, 12th October 2025	3.00pm	First Evensong of the Translation of St Edward the Confessor	Quire	sung by the Choir of Westminster Abbey	Gibbons Great Lord of lords
Sunday, 12th October 2025	3.00pm	First Evensong of the Translation of St Edward the Confessor	Quire	sung by the Choir of Westminster Abbey	Bruhns Praeludium in E minor
Sunday, 12th October 2025	6.00pm	Sung Eucharist	St Margaret's Church	sung by the St Margaret's Choristers	Langlais Gloria (Missa in simplicitate)
Sunday, 12th October 2025	6.00pm	Sung Eucharist	St Margaret's Church	sung by the St Margaret's Choristers	Chaminade Sanctus and Agnus Dei (Messe pour deux voix égales)
Sunday, 12th October 2025	6.00pm	Sung Eucharist	St Margaret's Church	sung by the St Margaret's Choristers	Britten There is no rose of such vertu
Sunday, 12th October 2025	6.00pm	Sung Eucharist	St Margaret's Church	sung by the St Margaret's Choristers	Jongen Toccata
Monday, 13th October 2025	5.00pm	Sung Eucharist	High Altar	sung by the Choir of Westminster Abbey	Vierne Messe solennelle
Monday, 13th October 2025	5.00pm	Sung Eucharist	High Altar	sung by the Choir of Westminster Abbey	Harris Holy is the true light
Monday, 13th October 2025	5.00pm	Sung Eucharist	High Altar	sung by the Choir of Westminster Abbey	Tournemire trans Duruflé Improvisation sur le Te Deum
Tuesday, 14th October 2025	5.00pm	Evensong	Quire	sung by the Choristers of Westminster Abbey	plainsong O lux beata Trinitas
Tuesday, 14th October 2025	5.00pm	Evensong	Quire	sung by the Choristers of Westminster Abbey	plainsong Responses
Tuesday, 14th October 2025	5.00pm	Evensong	Quire	sung by the Choristers of Westminster Abbey	Malcolm Magnificat secundi toni
Tuesday, 14th October 2025	5.00pm	Evensong	Quire	sung by the Choristers of Westminster Abbey	Burgon Nunc dimittis
Tuesday, 14th October 2025	5.00pm	Evensong	Quire	sung by the Choristers of Westminster Abbey	Harris King of glory, King of peace
Wednesday, 15th October 2025	5.00pm	Evensong	Quire	sung by the St Margaret's Choristers and Consort	Bruckner Locus iste a Deo factus est
Wednesday, 15th October 2025	5.00pm	Evensong	Quire	sung by the St Margaret's Choristers and Consort	Leighton Responses
Wednesday, 15th October 2025	5.00pm	Evensong	Quire	sung by the St Margaret's Choristers and Consort	Byrd The Second Service
Wednesday, 15th October 2025	5.00pm	Evensong	Quire	sung by the St Margaret's Choristers and Consort	Brahms Wie lieblich sind deine Wohnungen
Thursday, 16th October 2025	5.00pm	Evensong	Quire	sung by the Choirs of Westminster Abbey and Westminster Cathedral	plainsong Iste confessor Domini
Thursday, 16th October 2025	5.00pm	Evensong	Quire	sung by the Choirs of Westminster Abbey and Westminster Cathedral	Rose Responses
Thursday, 16th October 2025	5.00pm	Evensong	Quire	sung by the Choirs of Westminster Abbey and Westminster Cathedral	Pärt Magnificat
Thursday, 16th October 2025	5.00pm	Evensong	Quire	sung by the Choirs of Westminster Abbey and Westminster Cathedral	Chesnokov Nunc dimittis
Thursday, 16th October 2025	5.00pm	Evensong	Quire	sung by the Choirs of Westminster Abbey and Westminster Cathedral	Bruckner Os justi meditabitur sapientiam
Thursday, 16th October 2025	5.00pm	Evensong	Quire	sung by the Choirs of Westminster Abbey and Westminster Cathedral	Mendelssohn Con moto maestoso (Sonata III)
Friday, 17th October 2025	5.00pm	Evensong	Quire	sung by the Lay Vicars of Westminster Abbey	plainsong Te lucis ante terminum
Friday, 17th October 2025	5.00pm	Evensong	Quire	sung by the Lay Vicars of Westminster Abbey	plainsong Responses
Friday, 17th October 2025	5.00pm	Evensong	Quire	sung by the Lay Vicars of Westminster Abbey	Palestrina Magnificat quarti toni
Friday, 17th October 2025	5.00pm	Evensong	Quire	sung by the Lay Vicars of Westminster Abbey	Quinney Nunc dimittis tertii toni
Friday, 17th October 2025	5.00pm	Evensong	Quire	sung by the Lay Vicars of Westminster Abbey	Blitheman In pace in idipsum dormiam et requiescam
Saturday, 18th October 2025	11.15am	Festival Eucharist	High Altar	sung by the Westminster Abbey Special Service Choir	Mozart Coronation Mass
Saturday, 18th October 2025	11.15am	Festival Eucharist	High Altar	sung by the Westminster Abbey Special Service Choir	Mozart Ave verum corpus
Saturday, 18th October 2025	11.15am	Festival Eucharist	High Altar	sung by the Westminster Abbey Special Service Choir	Bach Prelude and Fugue in C
Saturday, 18th October 2025	3.00pm	First Evensong of the Dedication of Westminster Abbey	Quire	sung by the Choir of Westminster Abbey and the St Margaret's Choristers	Bruckner Locus iste a Deo factus est
Saturday, 18th October 2025	3.00pm	First Evensong of the Dedication of Westminster Abbey	Quire	sung by the Choir of Westminster Abbey and the St Margaret's Choristers	Leighton Responses
Saturday, 18th October 2025	3.00pm	First Evensong of the Dedication of Westminster Abbey	Quire	sung by the Choir of Westminster Abbey and the St Margaret's Choristers	Dyson Evening Service in D
Saturday, 18th October 2025	3.00pm	First Evensong of the Dedication of Westminster Abbey	Quire	sung by the Choir of Westminster Abbey and the St Margaret's Choristers	Bairstow Blessed city, heavenly Salem
Saturday, 18th October 2025	3.00pm	First Evensong of the Dedication of Westminster Abbey	Quire	sung by the Choir of Westminster Abbey and the St Margaret's Choristers	Bach Prelude in E flat
Sunday, 19th October 2025	10.30am	Sung Eucharist	High Altar	sung by the Choir of Westminster Abbey	Dove Missa brevis
Sunday, 19th October 2025	10.30am	Sung Eucharist	High Altar	sung by the Choir of Westminster Abbey	Parry I was glad
Sunday, 19th October 2025	10.30am	Sung Eucharist	High Altar	sung by the Choir of Westminster Abbey	Elgar O hearken thou
Sunday, 19th October 2025	10.30am	Sung Eucharist	High Altar	sung by the Choir of Westminster Abbey	Elgar Allegro maestoso (Sonata in G)
Sunday, 19th October 2025	3.00pm	Evensong, attended by the Lord Mayor of Westminster and the Mayors of the London Boroughs	Quire	sung by the Choir of Westminster Abbey	Bruckner Locus iste a Deo factus est
Sunday, 19th October 2025	3.00pm	Evensong, attended by the Lord Mayor of Westminster and the Mayors of the London Boroughs	Quire	sung by the Choir of Westminster Abbey	Rose Responses
Sunday, 19th October 2025	3.00pm	Evensong, attended by the Lord Mayor of Westminster and the Mayors of the London Boroughs	Quire	sung by the Choir of Westminster Abbey	Murrill Evening Service in E
Sunday, 19th October 2025	3.00pm	Evensong, attended by the Lord Mayor of Westminster and the Mayors of the London Boroughs	Quire	sung by the Choir of Westminster Abbey	Elgar Light of the world
Sunday, 19th October 2025	3.00pm	Evensong, attended by the Lord Mayor of Westminster and the Mayors of the London Boroughs	Quire	sung by the Choir of Westminster Abbey	Howells Psalm Prelude Set 2 no 3
Sunday, 19th October 2025	6.00pm	Sung Eucharist	St Margaret's Church	sung by the St Margaret's Choristers and Consort	Mozart Missa brevis in D
Sunday, 19th October 2025	6.00pm	Sung Eucharist	St Margaret's Church	sung by the St Margaret's Choristers and Consort	Duruflé Ubi caritas et amor
Sunday, 19th October 2025	6.00pm	Sung Eucharist	St Margaret's Church	sung by the St Margaret's Choristers and Consort	Elgar Ave verum corpus
Sunday, 19th October 2025	6.00pm	Sung Eucharist	St Margaret's Church	sung by the St Margaret's Choristers and Consort	Alain Litanies
Monday, 20th October 2025	5.00pm	Evensong	Quire	sung by the Lay Vicars of Westminster Abbey	plainsong O lux beata Trinitas
Monday, 20th October 2025	5.00pm	Evensong	Quire	sung by the Lay Vicars of Westminster Abbey	plainsong Responses
Monday, 20th October 2025	5.00pm	Evensong	Quire	sung by the Lay Vicars of Westminster Abbey	Palestrina Magnificat tertii toni
Monday, 20th October 2025	5.00pm	Evensong	Quire	sung by the Lay Vicars of Westminster Abbey	Palestrina Nunc dimittis a 4
Monday, 20th October 2025	5.00pm	Evensong	Quire	sung by the Lay Vicars of Westminster Abbey	Palestrina Veritas mea et misericordia mea cum ipso
Tuesday, 21st October 2025	5.00pm	Evensong	Quire	sung by the Lay Vicars of Westminster Abbey	plainsong O lux beata Trinitas
Tuesday, 21st October 2025	5.00pm	Evensong	Quire	sung by the Lay Vicars of Westminster Abbey	plainsong Responses
Tuesday, 21st October 2025	5.00pm	Evensong	Quire	sung by the Lay Vicars of Westminster Abbey	Mundy Magnificat secundi toni
Tuesday, 21st October 2025	5.00pm	Evensong	Quire	sung by the Lay Vicars of Westminster Abbey	Tye Nunc dimittis
Tuesday, 21st October 2025	5.00pm	Evensong	Quire	sung by the Lay Vicars of Westminster Abbey	Giles He that hath my commandments
Thursday, 23rd October 2025	5.00pm	Evensong	Quire	sung by the Lay Vicars of Westminster Abbey	plainsong O lux beata Trinitas
Thursday, 23rd October 2025	5.00pm	Evensong	Quire	sung by the Lay Vicars of Westminster Abbey	plainsong Responses
Thursday, 23rd October 2025	5.00pm	Evensong	Quire	sung by the Lay Vicars of Westminster Abbey	Ortiz Magnificat primi toni
Thursday, 23rd October 2025	5.00pm	Evensong	Quire	sung by the Lay Vicars of Westminster Abbey	Morago Nunc dimittis
Thursday, 23rd October 2025	5.00pm	Evensong	Quire	sung by the Lay Vicars of Westminster Abbey	Ortiz Confitebor tibi Domine in toto corde meo
Friday, 24th October 2025	5.00pm	Evensong	Quire	sung by the Lay Vicars of Westminster Abbey; attended by the High Commissioner of the Republic of Zambia	plainsong O lux beata Trinitas
Friday, 24th October 2025	5.00pm	Evensong	Quire	sung by the Lay Vicars of Westminster Abbey; attended by the High Commissioner of the Republic of Zambia	plainsong Responses
Friday, 24th October 2025	5.00pm	Evensong	Quire	sung by the Lay Vicars of Westminster Abbey; attended by the High Commissioner of the Republic of Zambia	Monte Magnificat septimi toni
Friday, 24th October 2025	5.00pm	Evensong	Quire	sung by the Lay Vicars of Westminster Abbey; attended by the High Commissioner of the Republic of Zambia	Vento Nunc dimittis tertii toni
Friday, 24th October 2025	5.00pm	Evensong	Quire	sung by the Lay Vicars of Westminster Abbey; attended by the High Commissioner of the Republic of Zambia	Guerrero Caro mea vere est cibus
Saturday, 25th October 2025	3.00pm	Evensong	Quire	sung by the Lay Vicars of Westminster Abbey	Muhly Oculi ominum in te sperant
Saturday, 25th October 2025	3.00pm	Evensong	Quire	sung by the Lay Vicars of Westminster Abbey	Moore Responses
Saturday, 25th October 2025	3.00pm	Evensong	Quire	sung by the Lay Vicars of Westminster Abbey	Howells Evening Service in E
Saturday, 25th October 2025	3.00pm	Evensong	Quire	sung by the Lay Vicars of Westminster Abbey	Howells My eyes for beauty pine
Saturday, 25th October 2025	3.00pm	Evensong	Quire	sung by the Lay Vicars of Westminster Abbey	Howells Flourish for a Bidding
Sunday, 26th October 2025	10.00am	Matins	Quire	sung by the Lay Vicars of Westminster Abbey	Moore Responses
Sunday, 26th October 2025	10.00am	Matins	Quire	sung by the Lay Vicars of Westminster Abbey	Victoria Te Deum laudamus
Sunday, 26th October 2025	10.00am	Matins	Quire	sung by the Lay Vicars of Westminster Abbey	Moore Jubilate Deo on the fifth tone
Sunday, 26th October 2025	10.00am	Matins	Quire	sung by the Lay Vicars of Westminster Abbey	Pott Laudes
Sunday, 26th October 2025	11.15am	Sung Eucharist	High Altar	sung by the Lay Vicars of Westminster Abbey	Taverner Mean Mass
Sunday, 26th October 2025	11.15am	Sung Eucharist	High Altar	sung by the Lay Vicars of Westminster Abbey	Victoria Ave verum corpus
Sunday, 26th October 2025	11.15am	Sung Eucharist	High Altar	sung by the Lay Vicars of Westminster Abbey	Bach Fugue in D minor
Sunday, 26th October 2025	3.00pm	Evensong	Quire	sung by the Lay Vicars of Westminster Abbey	Muhly Oculi omnium in te sperant
Sunday, 26th October 2025	3.00pm	Evensong	Quire	sung by the Lay Vicars of Westminster Abbey	Moore Responses
Sunday, 26th October 2025	3.00pm	Evensong	Quire	sung by the Lay Vicars of Westminster Abbey	Whitbroke Evening Service
Sunday, 26th October 2025	3.00pm	Evensong	Quire	sung by the Lay Vicars of Westminster Abbey	Purcell Blessed is he that considereth the poor
Sunday, 26th October 2025	3.00pm	Evensong	Quire	sung by the Lay Vicars of Westminster Abbey	Franck Choral III
Monday, 27th October 2025	5.00pm	Evensong	Quire	sung by the Lay Vicars of Westminster Abbey; attended by the High Commissioner of Saint Vincent and the Grenadines	plainsong Lucis Creator optime
Monday, 27th October 2025	5.00pm	Evensong	Quire	sung by the Lay Vicars of Westminster Abbey; attended by the High Commissioner of Saint Vincent and the Grenadines	Rose Responses
Monday, 27th October 2025	5.00pm	Evensong	Quire	sung by the Lay Vicars of Westminster Abbey; attended by the High Commissioner of Saint Vincent and the Grenadines	Cleobury Evening Service
Monday, 27th October 2025	5.00pm	Evensong	Quire	sung by the Lay Vicars of Westminster Abbey; attended by the High Commissioner of Saint Vincent and the Grenadines	Walker I will lift up mine eyes unto the hills
Tuesday, 28th October 2025	5.00pm	Evensong	Quire	sung by the Lay Vicars of Westminster Abbey	plainsong Lucis Creator optime
Tuesday, 28th October 2025	5.00pm	Evensong	Quire	sung by the Lay Vicars of Westminster Abbey	Rose Responses
Tuesday, 28th October 2025	5.00pm	Evensong	Quire	sung by the Lay Vicars of Westminster Abbey	Ives Magdalen College Service
Tuesday, 28th October 2025	5.00pm	Evensong	Quire	sung by the Lay Vicars of Westminster Abbey	Victoria Gaudent in caelis
Tuesday, 28th October 2025	5.00pm	Evensong	Quire	sung by the Lay Vicars of Westminster Abbey	Whitlock Fidelis
Thursday, 30th October 2025	5.00pm	Evensong	Quire	sung by the Choristers of Westminster Abbey	Boyle Thou wilt keep him in perfect peace
Thursday, 30th October 2025	5.00pm	Evensong	Quire	sung by the Choristers of Westminster Abbey	plainsong Responses
Thursday, 30th October 2025	5.00pm	Evensong	Quire	sung by the Choristers of Westminster Abbey	Dyson Evening Service in C minor
Thursday, 30th October 2025	5.00pm	Evensong	Quire	sung by the Choristers of Westminster Abbey	Franck Panis angelicus fit panis hominum
Friday, 31st October 2025	5.00pm	First Evensong of All Saints' Day	Quire	sung by the Choir of Westminster Abbey; attended by the High Commissioner of Antigua and Barbuda	Harris Holy is the true light
Friday, 31st October 2025	5.00pm	First Evensong of All Saints' Day	Quire	sung by the Choir of Westminster Abbey; attended by the High Commissioner of Antigua and Barbuda	Byrd Responses
Friday, 31st October 2025	5.00pm	First Evensong of All Saints' Day	Quire	sung by the Choir of Westminster Abbey; attended by the High Commissioner of Antigua and Barbuda	Byrd The Second Service
Friday, 31st October 2025	5.00pm	First Evensong of All Saints' Day	Quire	sung by the Choir of Westminster Abbey; attended by the High Commissioner of Antigua and Barbuda	Victoria O quam gloriosum est regnum
Saturday, 1st November 2025	5.00pm	Sung Eucharist	High Altar	sung by the Choir of Westminster Abbey	Mozart Missa brevis in F
Saturday, 1st November 2025	5.00pm	Sung Eucharist	High Altar	sung by the Choir of Westminster Abbey	Harris Holy is the true light
Saturday, 1st November 2025	5.00pm	Sung Eucharist	High Altar	sung by the Choir of Westminster Abbey	Vierne Final (Symphonie I)
Sunday, 2nd November 2025	10.00am	Matins	Quire	sung by the Choir of Westminster Abbey	Byrd Responses
Sunday, 2nd November 2025	10.00am	Matins	Quire	sung by the Choir of Westminster Abbey	Vaughan Williams Te Deum in G
Sunday, 2nd November 2025	10.00am	Matins	Quire	sung by the Choir of Westminster Abbey	Britten Jubilate Deo in C
Sunday, 2nd November 2025	10.00am	Matins	Quire	sung by the Choir of Westminster Abbey	Leighton Hanover
Sunday, 2nd November 2025	11.15am	Sung Eucharist	High Altar	sung by the Choir of Westminster Abbey	Byrd Mass for five voices
Sunday, 2nd November 2025	11.15am	Sung Eucharist	High Altar	sung by the Choir of Westminster Abbey	Duruflé Ubi caritas et amor
Sunday, 2nd November 2025	11.15am	Sung Eucharist	High Altar	sung by the Choir of Westminster Abbey	Bach Prelude and Fugue in A
Sunday, 2nd November 2025	3.00pm	Evensong	Quire	sung by the Choir of Westminster Abbey	Farrant Hide not thou thy face from us, O Lord
Sunday, 2nd November 2025	3.00pm	Evensong	Quire	sung by the Choir of Westminster Abbey	Byrd Responses
Sunday, 2nd November 2025	3.00pm	Evensong	Quire	sung by the Choir of Westminster Abbey	Sumsion Evening Service in G
Sunday, 2nd November 2025	3.00pm	Evensong	Quire	sung by the Choir of Westminster Abbey	Stanford Beati quorum via integra est
Sunday, 2nd November 2025	3.00pm	Evensong	Quire	sung by the Choir of Westminster Abbey	Britten Prelude and Fugue on a theme of Vittoria
Sunday, 2nd November 2025	6.00pm	Sung Eucharist	St Margaret's Church	sung by the St Margaret's Choristers and Consort	Vaughan Williams Mass in G minor
Sunday, 2nd November 2025	6.00pm	Sung Eucharist	St Margaret's Church	sung by the St Margaret's Choristers and Consort	Harris Faire is the heaven
Sunday, 2nd November 2025	6.00pm	Sung Eucharist	St Margaret's Church	sung by the St Margaret's Choristers and Consort	Bach Prelude and Fugue in G
Monday, 3rd November 2025	5.00pm	Sung Eucharist	High Altar	sung by the Choir of Westminster Abbey	Duruflé Requiem
Tuesday, 4th November 2025	5.00pm	Evensong	Quire	sung by the Lay Vicars of Westminster Abbey; attended by the High Commissioner of the Commonwealth of Dominica	plainsong Te lucis ante terminum
Tuesday, 4th November 2025	5.00pm	Evensong	Quire	sung by the Lay Vicars of Westminster Abbey; attended by the High Commissioner of the Commonwealth of Dominica	plainsong Responses
Tuesday, 4th November 2025	5.00pm	Evensong	Quire	sung by the Lay Vicars of Westminster Abbey; attended by the High Commissioner of the Commonwealth of Dominica	Clucas The Westminster Service
Tuesday, 4th November 2025	5.00pm	Evensong	Quire	sung by the Lay Vicars of Westminster Abbey; attended by the High Commissioner of the Commonwealth of Dominica	Ives In pace in idipsum dormiam et requiescam
Wednesday, 5th November 2025	5.00pm	Evensong	Quire	sung by the St Margaret's Choristers and Consort	Thalben-Ball I would find thee
Wednesday, 5th November 2025	5.00pm	Evensong	Quire	sung by the St Margaret's Choristers and Consort	Leighton Responses
Wednesday, 5th November 2025	5.00pm	Evensong	Quire	sung by the St Margaret's Choristers and Consort	Lassus Magnificat octavi toni
Wednesday, 5th November 2025	5.00pm	Evensong	Quire	sung by the St Margaret's Choristers and Consort	Holst Nunc dimittis
Wednesday, 5th November 2025	5.00pm	Evensong	Quire	sung by the St Margaret's Choristers and Consort	Harris Faire is the heaven
Thursday, 6th November 2025	5.00pm	Evensong	Quire	sung by the Choir of Westminster Abbey	Farrant Hide not thou thy face from us, O Lord
Thursday, 6th November 2025	5.00pm	Evensong	Quire	sung by the Choir of Westminster Abbey	Leighton Responses
Thursday, 6th November 2025	5.00pm	Evensong	Quire	sung by the Choir of Westminster Abbey	Noble Evening Service in B minor
Thursday, 6th November 2025	5.00pm	Evensong	Quire	sung by the Choir of Westminster Abbey	Brahms Geistliches Lied
Friday, 7th November 2025	5.00pm	Evensong	Quire	sung by the Choir of Westminster Abbey	Farrant Hide not thou thy face from us, O Lord
Friday, 7th November 2025	5.00pm	Evensong	Quire	sung by the Choir of Westminster Abbey	Leighton Responses
Friday, 7th November 2025	5.00pm	Evensong	Quire	sung by the Choir of Westminster Abbey	Farrant The Short Service
Friday, 7th November 2025	5.00pm	Evensong	Quire	sung by the Choir of Westminster Abbey	Byrd Beati mundo corde
Saturday, 8th November 2025	5.00pm	Evensong	Quire	sung by the Choir of Westminster Abbey	Farrant Hide not thou thy face from us, O Lord
Saturday, 8th November 2025	5.00pm	Evensong	Quire	sung by the Choir of Westminster Abbey	Leighton Responses
Saturday, 8th November 2025	5.00pm	Evensong	Quire	sung by the Choir of Westminster Abbey	Morley The First Service
Saturday, 8th November 2025	5.00pm	Evensong	Quire	sung by the Choir of Westminster Abbey	Stanford Justorum animae in manu Dei sunt
Saturday, 8th November 2025	5.00pm	Evensong	Quire	sung by the Choir of Westminster Abbey	Bach after Vivaldi Allegro (Concerto in A minor)
Sunday, 9th November 2025	3.00pm	Evensong with Admission of Choristers	Quire	sung by the Choir of Westminster Abbey	Farrant Hide not thou thy face from us, O Lord
Sunday, 9th November 2025	3.00pm	Evensong with Admission of Choristers	Quire	sung by the Choir of Westminster Abbey	Leighton Responses
Sunday, 9th November 2025	3.00pm	Evensong with Admission of Choristers	Quire	sung by the Choir of Westminster Abbey	Gray Evening Service in F minor
Sunday, 9th November 2025	3.00pm	Evensong with Admission of Choristers	Quire	sung by the Choir of Westminster Abbey	Parry My soul, there is a country
Sunday, 9th November 2025	3.00pm	Evensong with Admission of Choristers	Quire	sung by the Choir of Westminster Abbey	Parry Elegy
Sunday, 9th November 2025	6.00pm	Sung Eucharist	St Margaret's Church	sung by the St Margaret's Choristers and Consort	Fauré Requiem in D minor
Monday, 10th November 2025	5.00pm	Evensong	Quire	sung by the Choristers of Westminster Abbey	Hurford Litany to the Holy Spirit
Monday, 10th November 2025	5.00pm	Evensong	Quire	sung by the Choristers of Westminster Abbey	plainsong Responses
Monday, 10th November 2025	5.00pm	Evensong	Quire	sung by the Choristers of Westminster Abbey	Moore The Second Service
Monday, 10th November 2025	5.00pm	Evensong	Quire	sung by the Choristers of Westminster Abbey	Stanford A Song of Wisdom
Tuesday, 11th November 2025	5.00pm	Evensong	Quire	sung by the Choir of Westminster Abbey	Gibbons Almighty and everlasting God
Tuesday, 11th November 2025	5.00pm	Evensong	Quire	sung by the Choir of Westminster Abbey	Morley Responses
Tuesday, 11th November 2025	5.00pm	Evensong	Quire	sung by the Choir of Westminster Abbey	Dyson Evening Service in F
Tuesday, 11th November 2025	5.00pm	Evensong	Quire	sung by the Choir of Westminster Abbey	Byrd Justorum animae in manu Dei sunt
Thursday, 13th November 2025	5.00pm	Evensong	Quire	sung by the Choir of Westminster Abbey	Gibbons Almighty and everlasting God
Thursday, 13th November 2025	5.00pm	Evensong	Quire	sung by the Choir of Westminster Abbey	Morley Responses
Thursday, 13th November 2025	5.00pm	Evensong	Quire	sung by the Choir of Westminster Abbey	Purcell Evening Service in G minor
Thursday, 13th November 2025	5.00pm	Evensong	Quire	sung by the Choir of Westminster Abbey	Purcell Rejoice in the Lord alway
Friday, 14th November 2025	5.00pm	Evensong	Quire	sung by the Choir of Westminster Abbey	Gibbons Almighty and everlasting God
Friday, 14th November 2025	5.00pm	Evensong	Quire	sung by the Choir of Westminster Abbey	Morley Responses
Friday, 14th November 2025	5.00pm	Evensong	Quire	sung by the Choir of Westminster Abbey	Hooper The Short Service
Friday, 14th November 2025	5.00pm	Evensong	Quire	sung by the Choir of Westminster Abbey	Palestrina Exaltabo te Domine quoniam suscepisti me
Saturday, 15th November 2025	5.00pm	Solemn Evensong marking the 1700th anniversary of the First Council of Nicaea	Quire	sung by the Choir of Westminster Abbey	Gibbons Almighty and everlasting God
Saturday, 15th November 2025	5.00pm	Solemn Evensong marking the 1700th anniversary of the First Council of Nicaea	Quire	sung by the Choir of Westminster Abbey	Morley Responses
Saturday, 15th November 2025	5.00pm	Solemn Evensong marking the 1700th anniversary of the First Council of Nicaea	Quire	sung by the Choir of Westminster Abbey	Dyson Evening Service in F
Saturday, 15th November 2025	5.00pm	Solemn Evensong marking the 1700th anniversary of the First Council of Nicaea	Quire	sung by the Choir of Westminster Abbey	Bruckner Os justi meditabitur sapientiam
Saturday, 15th November 2025	5.00pm	Solemn Evensong marking the 1700th anniversary of the First Council of Nicaea	Quire	sung by the Choir of Westminster Abbey	Stanford Te Deum laudamus in C
Saturday, 15th November 2025	5.00pm	Solemn Evensong marking the 1700th anniversary of the First Council of Nicaea	Quire	sung by the Choir of Westminster Abbey	Bach Fugue in E flat
Sunday, 16th November 2025	10.00am	Matins	Quire	sung by the Choir of Westminster Abbey	Morley Responses
Sunday, 16th November 2025	10.00am	Matins	Quire	sung by the Choir of Westminster Abbey	Gibbons The Short Service
Sunday, 16th November 2025	10.00am	Matins	Quire	sung by the Choir of Westminster Abbey	Buxtehude Toccata in F
Sunday, 16th November 2025	11.15am	Sung Eucharist	Quire	sung by the Choir of Westminster Abbey	Tye Missa Euge bone
Sunday, 16th November 2025	11.15am	Sung Eucharist	Quire	sung by the Choir of Westminster Abbey	Tallis If ye love me
Sunday, 16th November 2025	11.15am	Sung Eucharist	Quire	sung by the Choir of Westminster Abbey	Mendelssohn Allegro vivace e maestoso (Sonata IV)
Sunday, 16th November 2025	3.00pm	Evensong	Quire	sung by the Choir of Westminster Abbey	Gibbons Almighty and everlasting God
Sunday, 16th November 2025	3.00pm	Evensong	Quire	sung by the Choir of Westminster Abbey	Morley Responses
Sunday, 16th November 2025	3.00pm	Evensong	Quire	sung by the Choir of Westminster Abbey	Howells The Gloucester Service
Sunday, 16th November 2025	3.00pm	Evensong	Quire	sung by the Choir of Westminster Abbey	Holst A Hymne to Christ
Sunday, 16th November 2025	3.00pm	Evensong	Quire	sung by the Choir of Westminster Abbey	Howells Psalm Prelude Set 2 no 1
Sunday, 16th November 2025	6.00pm	Sung Eucharist	St Margaret's Church	sung by the St Margaret's Choristers	Rheinberger Missa puerorum
Sunday, 16th November 2025	6.00pm	Sung Eucharist	St Margaret's Church	sung by the St Margaret's Choristers	Britten As Dew in Aprille
Sunday, 16th November 2025	6.00pm	Sung Eucharist	St Margaret's Church	sung by the St Margaret's Choristers	Vivaldi Laudamus te
Sunday, 16th November 2025	6.00pm	Sung Eucharist	St Margaret's Church	sung by the St Margaret's Choristers	Whitlock Paean
Monday, 17th November 2025	5.00pm	Evensong	Quire	sung by the Lay Vicars of Westminster Abbey	plainsong Te lucis ante terminum
Monday, 17th November 2025	5.00pm	Evensong	Quire	sung by the Lay Vicars of Westminster Abbey	plainsong plainsong
Monday, 17th November 2025	5.00pm	Evensong	Quire	sung by the Lay Vicars of Westminster Abbey	Bullock Evening Service on the 8th tone
Monday, 17th November 2025	5.00pm	Evensong	Quire	sung by the Lay Vicars of Westminster Abbey	Elgar Seek him that maketh the seven stars
Tuesday, 18th November 2025	5.00pm	Evensong	Quire	sung by the Choir of Westminster Abbey	Radcliffe God be in my head
Tuesday, 18th November 2025	5.00pm	Evensong	Quire	sung by the Choir of Westminster Abbey	Clucas Responses
Tuesday, 18th November 2025	5.00pm	Evensong	Quire	sung by the Choir of Westminster Abbey	Sumsion Evening Service in G
Tuesday, 18th November 2025	5.00pm	Evensong	Quire	sung by the Choir of Westminster Abbey	Parry My soul, there is a country
Wednesday, 19th November 2025	5.00pm	Evensong	Quire	sung by the St Margaret's Choristers and Consort	Tallis If ye love me, keep my commandments
Wednesday, 19th November 2025	5.00pm	Evensong	Quire	sung by the St Margaret's Choristers and Consort	Leighton Responses
Wednesday, 19th November 2025	5.00pm	Evensong	Quire	sung by the St Margaret's Choristers and Consort	Dyson Evening Service in D
Wednesday, 19th November 2025	5.00pm	Evensong	Quire	sung by the St Margaret's Choristers and Consort	Wheeler Alleluia! I heard a voice
Thursday, 20th November 2025	5.00pm	Evensong	Quire	sung by the Lay Vicars of Westminster Abbey	plainsong Deus tuorum militum
Thursday, 20th November 2025	5.00pm	Evensong	Quire	sung by the Lay Vicars of Westminster Abbey	plainsong Responses
Thursday, 20th November 2025	5.00pm	Evensong	Quire	sung by the Lay Vicars of Westminster Abbey	Guerrero Magnificat quinti toni
Thursday, 20th November 2025	5.00pm	Evensong	Quire	sung by the Lay Vicars of Westminster Abbey	Quinney Nunc dimittis tertii toni
Thursday, 20th November 2025	5.00pm	Evensong	Quire	sung by the Lay Vicars of Westminster Abbey	Palestrina Hic est vere martyr
Friday, 21st November 2025	5.00pm	Evensong	Quire	sung by the Choir of Westminster Abbey	Radcliffe God be in my head
Friday, 21st November 2025	5.00pm	Evensong	Quire	sung by the Choir of Westminster Abbey	Clucas Responses
Friday, 21st November 2025	5.00pm	Evensong	Quire	sung by the Choir of Westminster Abbey	Byrd The Third Service
Friday, 21st November 2025	5.00pm	Evensong	Quire	sung by the Choir of Westminster Abbey	Philips Jubilate Deo omnis terra
Saturday, 22nd November 2025	5.00pm	First Evensong of Christ the King	Quire	sung by the Lay Vicars of Westminster Abbey	Poulenc Seigneur, je vous en prie
Saturday, 22nd November 2025	5.00pm	First Evensong of Christ the King	Quire	sung by the Lay Vicars of Westminster Abbey	Rose Responses
Saturday, 22nd November 2025	5.00pm	First Evensong of Christ the King	Quire	sung by the Lay Vicars of Westminster Abbey	Ives The Westminster Service
Saturday, 22nd November 2025	5.00pm	First Evensong of Christ the King	Quire	sung by the Lay Vicars of Westminster Abbey	Palestrina Cantantibus organis
Saturday, 22nd November 2025	5.00pm	First Evensong of Christ the King	Quire	sung by the Lay Vicars of Westminster Abbey	Langlais Acclamations carolingiennes
Sunday, 23rd November 2025	10.00am	Matins	Quire	sung by the Lay Vicars of Westminster Abbey	plainsong Responses
Sunday, 23rd November 2025	10.00am	Matins	Quire	sung by the Lay Vicars of Westminster Abbey	Drakett The Wells Service
Sunday, 23rd November 2025	10.00am	Matins	Quire	sung by the Lay Vicars of Westminster Abbey	Martin Fugue (St Albans Triptych)
Sunday, 23rd November 2025	11.15am	Sung Eucharist	Quire	sung by the Lay Vicars of Westminster Abbey	Palestrina Missa Aeterna Christi munera
Sunday, 23rd November 2025	11.15am	Sung Eucharist	Quire	sung by the Lay Vicars of Westminster Abbey	Poulenc Seigneur, je vous en prie
Sunday, 23rd November 2025	11.15am	Sung Eucharist	Quire	sung by the Lay Vicars of Westminster Abbey	Vierne Scherzo (Symphonie VI)
Sunday, 23rd November 2025	3.00pm	Evensong	Quire	sung by the Lay Vicars of Westminster Abbey	Poulenc Seigneur, je vous en prie
Sunday, 23rd November 2025	3.00pm	Evensong	Quire	sung by the Lay Vicars of Westminster Abbey	Rose Responses
Sunday, 23rd November 2025	3.00pm	Evensong	Quire	sung by the Lay Vicars of Westminster Abbey	Sumsion Evening Service in G
Sunday, 23rd November 2025	3.00pm	Evensong	Quire	sung by the Lay Vicars of Westminster Abbey	Vaughan Williams Love bade me welcome
Sunday, 23rd November 2025	3.00pm	Evensong	Quire	sung by the Lay Vicars of Westminster Abbey	Duruflé Prélude sur le nom d'Alain
Sunday, 23rd November 2025	6.00pm	Sung Eucharist	St Margaret's Church	sung by the St Margaret's Choristers and Consort	Darke Communion Service in F
Sunday, 23rd November 2025	6.00pm	Sung Eucharist	St Margaret's Church	sung by the St Margaret's Choristers and Consort	Wheeler Alleluia! I heard a voice
Sunday, 23rd November 2025	6.00pm	Sung Eucharist	St Margaret's Church	sung by the St Margaret's Choristers and Consort	Howells Paean
Monday, 24th November 2025	5.00pm	Evensong	Quire	sung by the Lay Vicars of Westminster Abbey	Palestrina Jesu Rex admirabilis
Monday, 24th November 2025	5.00pm	Evensong	Quire	sung by the Lay Vicars of Westminster Abbey	plainsong Responses
Monday, 24th November 2025	5.00pm	Evensong	Quire	sung by the Lay Vicars of Westminster Abbey	Strogers The Short Service
Monday, 24th November 2025	5.00pm	Evensong	Quire	sung by the Lay Vicars of Westminster Abbey	Sheppard I give you a new commandment
Thursday, 27th November 2025	5.00pm	Evensong	Quire	sung by the Choir of Westminster Abbey	Tallis O nata lux de lumine
Thursday, 27th November 2025	5.00pm	Evensong	Quire	sung by the Choir of Westminster Abbey	Martin Responses
Thursday, 27th November 2025	5.00pm	Evensong	Quire	sung by the Choir of Westminster Abbey	Palestrina Magnificat primi toni
Thursday, 27th November 2025	5.00pm	Evensong	Quire	sung by the Choir of Westminster Abbey	Victoria Nunc dimittis tertii toni
Thursday, 27th November 2025	5.00pm	Evensong	Quire	sung by the Choir of Westminster Abbey	White Christe qui lux es et dies
Friday, 28th November 2025	5.00pm	Evensong	Quire	sung by the Choir of Westminster Abbey	Tallis O nata lux de lumine
Friday, 28th November 2025	5.00pm	Evensong	Quire	sung by the Choir of Westminster Abbey	Martin Responses
Friday, 28th November 2025	5.00pm	Evensong	Quire	sung by the Choir of Westminster Abbey	Weelkes The Short Service
Friday, 28th November 2025	5.00pm	Evensong	Quire	sung by the Choir of Westminster Abbey	Manz E’en so, Lord Jesus, quickly come
Saturday, 29th November 2025	5.00pm	Evensong	Quire	sung by the Choir of Westminster Abbey	The Advent Prose
Saturday, 29th November 2025	5.00pm	Evensong	Quire	sung by the Choir of Westminster Abbey	Martin Responses
Saturday, 29th November 2025	5.00pm	Evensong	Quire	sung by the Choir of Westminster Abbey	Stanford Evening Service in G
Saturday, 29th November 2025	5.00pm	Evensong	Quire	sung by the Choir of Westminster Abbey	Byrd Vigilate
Saturday, 29th November 2025	5.00pm	Evensong	Quire	sung by the Choir of Westminster Abbey	Carter Toccata on Veni Emmanuel
Sunday, 30th November 2025	11.15am	Sung Eucharist	Quire	sung by the Choir of Westminster Abbey	Palestrina Missa Papae Marcelli
Sunday, 30th November 2025	11.15am	Sung Eucharist	Quire	sung by the Choir of Westminster Abbey	Palestrina Fuit homo missus a Deo
Sunday, 30th November 2025	11.15am	Sung Eucharist	Quire	sung by the Choir of Westminster Abbey	Scheidemann Herr Christ, der einig Gottes Sohn
Sunday, 30th November 2025	6.00pm	Sung Eucharist	St Margaret's Church	sung by the St Margaret's Choristers and Consort	Palestrina Missa Aeterna Christi munera
Sunday, 30th November 2025	6.00pm	Sung Eucharist	St Margaret's Church	sung by the St Margaret's Choristers and Consort	Briggs A tender shoot has started
Sunday, 30th November 2025	6.00pm	Sung Eucharist	St Margaret's Church	sung by the St Margaret's Choristers and Consort	Carter Toccata on Veni Emmanuel
Monday, 1st December 2025	5.00pm	Evensong	Quire	sung by the Choristers of Westminster Abbey; attended by a representative of the High Commissioner of Barbados	plainsong Conditor alme siderum
Monday, 1st December 2025	5.00pm	Evensong	Quire	sung by the Choristers of Westminster Abbey; attended by a representative of the High Commissioner of Barbados	plainsong Responses
Monday, 1st December 2025	5.00pm	Evensong	Quire	sung by the Choristers of Westminster Abbey; attended by a representative of the High Commissioner of Barbados	Dyson Evening Service in C minor
Monday, 1st December 2025	5.00pm	Evensong	Quire	sung by the Choristers of Westminster Abbey; attended by a representative of the High Commissioner of Barbados	Handel How beautiful are the feet
Tuesday, 2nd December 2025	5.00pm	Evensong	Quire	sung by the Choir of Westminster Abbey	Clucas Prepare ye the way of the Lord
Tuesday, 2nd December 2025	5.00pm	Evensong	Quire	sung by the Choir of Westminster Abbey	Byrd Responses
Tuesday, 2nd December 2025	5.00pm	Evensong	Quire	sung by the Choir of Westminster Abbey	Purcell Evening Service in B flat
Tuesday, 2nd December 2025	5.00pm	Evensong	Quire	sung by the Choir of Westminster Abbey	Byrd Rorate caeli desuper
Saturday, 6th December 2025	5.00pm	Evensong	Quire	sung by the Choir of Westminster Abbey	Clucas Prepare ye the way of the Lord
Saturday, 6th December 2025	5.00pm	Evensong	Quire	sung by the Choir of Westminster Abbey	Byrd Responses
Saturday, 6th December 2025	5.00pm	Evensong	Quire	sung by the Choir of Westminster Abbey	Purcell Evening Service in E minor
Saturday, 6th December 2025	5.00pm	Evensong	Quire	sung by the Choir of Westminster Abbey	Gibbons This is the record of John
Saturday, 6th December 2025	5.00pm	Evensong	Quire	sung by the Choir of Westminster Abbey	Bach Fugue in G minor
Sunday, 7th December 2025	10.00am	Matins	Quire	sung by the Choir of Westminster Abbey	Byrd Responses
Sunday, 7th December 2025	10.00am	Matins	Quire	sung by the Choir of Westminster Abbey	Jackson Benedicite in G
Sunday, 7th December 2025	10.00am	Matins	Quire	sung by the Choir of Westminster Abbey	Stanford Benedictus in C
Sunday, 7th December 2025	10.00am	Matins	Quire	sung by the Choir of Westminster Abbey	Jackson Toccata
Sunday, 7th December 2025	11.15am	Sung Eucharist	High Altar	sung by the Choir of Westminster Abbey	plainsong Kyrie eleison
Sunday, 7th December 2025	11.15am	Sung Eucharist	High Altar	sung by the Choir of Westminster Abbey	Rheinberger Sanctus and Agnus Dei (Cantus Missae)
Sunday, 7th December 2025	11.15am	Sung Eucharist	High Altar	sung by the Choir of Westminster Abbey	Ledger Adam lay ybounden
Sunday, 7th December 2025	11.15am	Sung Eucharist	High Altar	sung by the Choir of Westminster Abbey	Rheinberger Fugue (Sonata VIII)
Sunday, 7th December 2025	3.00pm	Evensong	Quire	sung by the Choir of Westminster Abbey	Clucas Prepare ye the way of the Lord
Sunday, 7th December 2025	3.00pm	Evensong	Quire	sung by the Choir of Westminster Abbey	Byrd Responses
Sunday, 7th December 2025	3.00pm	Evensong	Quire	sung by the Choir of Westminster Abbey	Jackson Evening Service in G
Sunday, 7th December 2025	3.00pm	Evensong	Quire	sung by the Choir of Westminster Abbey	Howells A spotless rose is blowing
Sunday, 7th December 2025	3.00pm	Evensong	Quire	sung by the Choir of Westminster Abbey	Reger Toccata and Fugue in D minor
Monday, 8th December 2025	5.00pm	Evensong	Quire	sung by the Lay Vicars of Westminster Abbey	plainsong Conditor alme siderum
Monday, 8th December 2025	5.00pm	Evensong	Quire	sung by the Lay Vicars of Westminster Abbey	plainsong Responses
Monday, 8th December 2025	5.00pm	Evensong	Quire	sung by the Lay Vicars of Westminster Abbey	Ortiz Magnificat primi toni
Monday, 8th December 2025	5.00pm	Evensong	Quire	sung by the Lay Vicars of Westminster Abbey	Ortiz Nunc dimittis tertii toni
Monday, 8th December 2025	5.00pm	Evensong	Quire	sung by the Lay Vicars of Westminster Abbey	Gallus Canite tuba in Sion
Tuesday, 9th December 2025	5.00pm	Evensong	Quire	sung by the Choir of Westminster Abbey	Joubert There is no rose of such virtue
Tuesday, 9th December 2025	5.00pm	Evensong	Quire	sung by the Choir of Westminster Abbey	Radcliffe Responses
Tuesday, 9th December 2025	5.00pm	Evensong	Quire	sung by the Choir of Westminster Abbey	Tomkins The Sixth Service
Tuesday, 9th December 2025	5.00pm	Evensong	Quire	sung by the Choir of Westminster Abbey	Martin O Rex gentium
Friday, 12th December 2025	5.00pm	Evensong	Quire	sung by the Choir of Westminster Abbey; attended by a representative of the High Commissioner of the Republic of Kenya	Joubert There is no rose of such virtue
Friday, 12th December 2025	5.00pm	Evensong	Quire	sung by the Choir of Westminster Abbey; attended by a representative of the High Commissioner of the Republic of Kenya	Radcliffe Responses
Friday, 12th December 2025	5.00pm	Evensong	Quire	sung by the Choir of Westminster Abbey; attended by a representative of the High Commissioner of the Republic of Kenya	Tallis Magnificat octavi toni
Friday, 12th December 2025	5.00pm	Evensong	Quire	sung by the Choir of Westminster Abbey; attended by a representative of the High Commissioner of the Republic of Kenya	Victoria Nunc dimittis tertii toni
Friday, 12th December 2025	5.00pm	Evensong	Quire	sung by the Choir of Westminster Abbey; attended by a representative of the High Commissioner of the Republic of Kenya	Guerrero Canite tuba in Sion
Saturday, 13th December 2025	5.00pm	Evensong	Quire	sung by the Lay Vicars of Westminster Abbey	Sheppard Rejoice in the Lord always
Saturday, 13th December 2025	5.00pm	Evensong	Quire	sung by the Lay Vicars of Westminster Abbey	plainsong Responses
Saturday, 13th December 2025	5.00pm	Evensong	Quire	sung by the Lay Vicars of Westminster Abbey	Moore Evening Service in A
Saturday, 13th December 2025	5.00pm	Evensong	Quire	sung by the Lay Vicars of Westminster Abbey	Vaughan Williams The Song of the Tree of Life
Saturday, 13th December 2025	5.00pm	Evensong	Quire	sung by the Lay Vicars of Westminster Abbey	Vierne Allegro (Symphonie II)
Sunday, 14th December 2025	10.00am	Matins	Quire	sung by the Lay Vicars of Westminster Abbey	plainsong Responses
Sunday, 14th December 2025	10.00am	Matins	Quire	sung by the Lay Vicars of Westminster Abbey	Clucas Benedicite omnia opera
Sunday, 14th December 2025	10.00am	Matins	Quire	sung by the Lay Vicars of Westminster Abbey	plainsong Benedictus Dominus Deus Israel
Sunday, 14th December 2025	10.00am	Matins	Quire	sung by the Lay Vicars of Westminster Abbey	Buxtehude Praeludium in A minor
Sunday, 14th December 2025	11.15am	Sung Eucharist	High Altar	sung by the Lay Vicars of Westminster Abbey	Mouton Missa Dictes moy toutes voz pensées
Sunday, 14th December 2025	11.15am	Sung Eucharist	High Altar	sung by the Lay Vicars of Westminster Abbey	Byrd O quam suavis est Domine Spiritus tuus
Sunday, 14th December 2025	11.15am	Sung Eucharist	High Altar	sung by the Lay Vicars of Westminster Abbey	Bruhns Nun komm, der Heiden Heiland
Sunday, 14th December 2025	3.00pm	Evensong	Quire	sung by the Lay Vicars of Westminster Abbey	Gallus Canite tuba in Sion
Sunday, 14th December 2025	3.00pm	Evensong	Quire	sung by the Lay Vicars of Westminster Abbey	plainsong Responses
Sunday, 14th December 2025	3.00pm	Evensong	Quire	sung by the Lay Vicars of Westminster Abbey	Anerio Magnificat octavi toni
Sunday, 14th December 2025	3.00pm	Evensong	Quire	sung by the Lay Vicars of Westminster Abbey	plainsong Nunc dimittis tertii toni
Sunday, 14th December 2025	3.00pm	Evensong	Quire	sung by the Lay Vicars of Westminster Abbey	Morales Missus est Gabriel Angelus ad Mariam Virginem
Sunday, 14th December 2025	3.00pm	Evensong	Quire	sung by the Lay Vicars of Westminster Abbey	Bach Prelude and Fugue in B minor
Monday, 15th December 2025	5.00pm	Evensong	Quire	sung by the Lay Vicars of Westminster Abbey	plainsong Conditor alme siderum
Monday, 15th December 2025	5.00pm	Evensong	Quire	sung by the Lay Vicars of Westminster Abbey	plainsong Responses
Monday, 15th December 2025	5.00pm	Evensong	Quire	sung by the Lay Vicars of Westminster Abbey	Victoria Magnificat tertii toni
Monday, 15th December 2025	5.00pm	Evensong	Quire	sung by the Lay Vicars of Westminster Abbey	plainsong Nunc dimittis
Monday, 15th December 2025	5.00pm	Evensong	Quire	sung by the Lay Vicars of Westminster Abbey	Bassano Fuit homo missus a Deo
Tuesday, 16th December 2025	5.00pm	Evensong	Quire	sung by the Lay Vicars of Westminster Abbey	plainsong Conditor alme siderum
Tuesday, 16th December 2025	5.00pm	Evensong	Quire	sung by the Lay Vicars of Westminster Abbey	plainsong Responses
Tuesday, 16th December 2025	5.00pm	Evensong	Quire	sung by the Lay Vicars of Westminster Abbey	Marenzio Magnificat octavi toni
Tuesday, 16th December 2025	5.00pm	Evensong	Quire	sung by the Lay Vicars of Westminster Abbey	Tallis Nunc dimittis (Short Service)
Tuesday, 16th December 2025	5.00pm	Evensong	Quire	sung by the Lay Vicars of Westminster Abbey	Tallis Audivi vocem de coelo venientem
Saturday, 20th December 2025	5.00pm	Evensong	Quire	sung by the Choir of Westminster Abbey	Goldschmidt A tender shoot has started
Saturday, 20th December 2025	5.00pm	Evensong	Quire	sung by the Choir of Westminster Abbey	Radcliffe Responses
Saturday, 20th December 2025	5.00pm	Evensong	Quire	sung by the Choir of Westminster Abbey	Tomkins The Fifth Service
Saturday, 20th December 2025	5.00pm	Evensong	Quire	sung by the Choir of Westminster Abbey	Byrd Laetentur caeli et exultet terra
Saturday, 20th December 2025	5.00pm	Evensong	Quire	sung by the Choir of Westminster Abbey	Mendelssohn Allegro con brio (Sonata IV)
Sunday, 21st December 2025	10.00am	Matins	Quire	sung by the Choir of Westminster Abbey	Radcliffe Responses
Sunday, 21st December 2025	10.00am	Matins	Quire	sung by the Choir of Westminster Abbey	Dyson Benedicite in F
Sunday, 21st December 2025	10.00am	Matins	Quire	sung by the Choir of Westminster Abbey	Stanford Benedictus in C
Sunday, 21st December 2025	10.00am	Matins	Quire	sung by the Choir of Westminster Abbey	Lloyd-Webber Benedictus
Sunday, 21st December 2025	11.15am	Sung Eucharist	High Altar	sung by the Choir of Westminster Abbey	Victoria Missa Ave Maris Stella
Sunday, 21st December 2025	11.15am	Sung Eucharist	High Altar	sung by the Choir of Westminster Abbey	Byrd Ave Maria
Sunday, 21st December 2025	11.15am	Sung Eucharist	High Altar	sung by the Choir of Westminster Abbey	Bach Toccata in C
Sunday, 21st December 2025	3.00pm	Evensong	Quire	sung by the Lay Vicars of Westminster Abbey	plainsong O Oriens
Sunday, 21st December 2025	3.00pm	Evensong	Quire	sung by the Lay Vicars of Westminster Abbey	plainsong Responses
Sunday, 21st December 2025	3.00pm	Evensong	Quire	sung by the Lay Vicars of Westminster Abbey	Palestrina Magnificat tertii toni
Sunday, 21st December 2025	3.00pm	Evensong	Quire	sung by the Lay Vicars of Westminster Abbey	Palestrina Nunc dimittis tertii toni a 8
Sunday, 21st December 2025	3.00pm	Evensong	Quire	sung by the Lay Vicars of Westminster Abbey	Verdelot Beata es Virgo Maria
Sunday, 21st December 2025	3.00pm	Evensong	Quire	sung by the Lay Vicars of Westminster Abbey	Vierne Final (Symphonie II)
Sunday, 21st December 2025	6.00pm	Sung Eucharist	St Margaret's Church	sung by the St Margaret's Choristers	Fauré Messe basse
Sunday, 21st December 2025	6.00pm	Sung Eucharist	St Margaret's Church	sung by the St Margaret's Choristers	Britten There is no rose of such vertu
Sunday, 21st December 2025	6.00pm	Sung Eucharist	St Margaret's Church	sung by the St Margaret's Choristers	Britten As Dew in Aprille
Sunday, 21st December 2025	6.00pm	Sung Eucharist	St Margaret's Church	sung by the St Margaret's Choristers	Ireland Capriccio
Wednesday, 24th December 2025	11.00pm	Sung Eucharist of Christmas Night	High Altar	sung by the Choir of Westminster Abbey; attendance by free ticket only	Vierne Messe solennelle
Wednesday, 24th December 2025	11.00pm	Sung Eucharist of Christmas Night	High Altar	sung by the Choir of Westminster Abbey; attendance by free ticket only	Poulenc Hodie Christus natus est
Wednesday, 24th December 2025	11.00pm	Sung Eucharist of Christmas Night	High Altar	sung by the Choir of Westminster Abbey; attendance by free ticket only	Rutter What sweeter music can we bring
Wednesday, 24th December 2025	11.00pm	Sung Eucharist of Christmas Night	High Altar	sung by the Choir of Westminster Abbey; attendance by free ticket only	Darke In the bleak midwinter
Wednesday, 24th December 2025	11.00pm	Sung Eucharist of Christmas Night	High Altar	sung by the Choir of Westminster Abbey; attendance by free ticket only	Messiaen Dieu parmi nous
Thursday, 25th December 2025	10.30am	Sung Eucharist	High Altar	sung by the Choir of Westminster Abbey; attendance by free ticket only	Palestrina Missa Hodie Christus natus est
Thursday, 25th December 2025	10.30am	Sung Eucharist	High Altar	sung by the Choir of Westminster Abbey; attendance by free ticket only	Scheidt Puer natus in Bethlehem
Thursday, 25th December 2025	10.30am	Sung Eucharist	High Altar	sung by the Choir of Westminster Abbey; attendance by free ticket only	Schütz Hodie Christus natus est
Thursday, 25th December 2025	10.30am	Sung Eucharist	High Altar	sung by the Choir of Westminster Abbey; attendance by free ticket only	Bach arr Dupré Sinfonia (Cantata 29)
Thursday, 25th December 2025	3.00pm	Evensong	Quire	sung by the Choir of Westminster Abbey	arr Willcocks Away in a manger
Thursday, 25th December 2025	3.00pm	Evensong	Quire	sung by the Choir of Westminster Abbey	Rose Responses
Thursday, 25th December 2025	3.00pm	Evensong	Quire	sung by the Choir of Westminster Abbey	Stanford Evening Service in A
Thursday, 25th December 2025	3.00pm	Evensong	Quire	sung by the Choir of Westminster Abbey	Sheppard Verbum caro factum est
Thursday, 25th December 2025	3.00pm	Evensong	Quire	sung by the Choir of Westminster Abbey	Bach In dulci jubilo
Thursday, 25th December 2025	3.00pm	Evensong	Quire	sung by the Choir of Westminster Abbey	Widor Toccata (Symphonie V)
Saturday, 27th December 2025	5.00pm	Evensong	Quire	sung by I Dodici	Rose Responses
Saturday, 27th December 2025	5.00pm	Evensong	Quire	sung by I Dodici	Howells Collegium Regale
Saturday, 27th December 2025	5.00pm	Evensong	Quire	sung by I Dodici	Wood O thou the central orb
Saturday, 27th December 2025	5.00pm	Evensong	Quire	sung by I Dodici	Buxtehude Toccata in F
Sunday, 28th December 2025	11.15am	Sung Eucharist	High Altar	sung by Exultate	Darke Communion Service in F
Sunday, 28th December 2025	11.15am	Sung Eucharist	High Altar	sung by Exultate	Rutter What sweeter music
Sunday, 28th December 2025	11.15am	Sung Eucharist	High Altar	sung by Exultate	Vierne Final (Symphonie III)
Sunday, 28th December 2025	3.00pm	Evensong	Quire	sung by Exultate	Shephard Responses
Sunday, 28th December 2025	3.00pm	Evensong	Quire	sung by Exultate	Stanford Evening Service in A
Sunday, 28th December 2025	3.00pm	Evensong	Quire	sung by Exultate	Lauridsen O magnum mysterium
Monday, 29th December 2025	5.00pm	Evensong	Quire	sung by the Adoremus Consort	Radcliffe Responses
Monday, 29th December 2025	5.00pm	Evensong	Quire	sung by the Adoremus Consort	Sumsion Evening Service in G
Monday, 29th December 2025	5.00pm	Evensong	Quire	sung by the Adoremus Consort	Howells A spotless rose
